[{"word1":"中文对话","word2":"英文对话","beizhu":"备注","id":"-10045","showtype2":"语言2前缀文本格式","showtype1":"语言1前缀文本格式"},{"word1":"已经早上了,新兵!","word2":"It's morning!","beizhu":"第一关任务1领","id":"A101011D00001","showtype2":"#HV#00#F#TX002##","showtype1":"#HV#00#F#TX002##"},{"word1":"怎么了,艾斯塔利亚?不是还是半夜吗?","word2":"How, Esther Thalia or midnight? Not?","beizhu":"第一关任务1领","id":"A101011D00002","showtype2":"#HV#00#F#TX002##","showtype1":"#HV#00#F#TX002##"},{"word1":"这样怎么能行?!虽然现在外面还很暗,但是已经是早上了.而且今天是训练日,库伯已经在训练场上等你了.","word2":"How can I do that?! it's still dark outside, but it's already morning. And today is training day. Kolb is waiting for you at the training ground","beizhu":"第一关任务1领","id":"A101011D00003","showtype2":"#HV#00#F#TX002##","showtype1":"#HV#00#F#TX002##"},{"word1":"啊?这样吗?...但是,我还是很困的样子呢.","word2":"Ah? That's it?...... But I'm still sleepy","beizhu":"第一关任务1领","id":"A101011D00004","showtype2":"#HV#00#F#TX002##","showtype1":"#HV#00#F#TX002##"},{"word1":"是这样啊?那么,我就让你起床吧.","word2":"Is that so? Then I'll let you get up","beizhu":"第一关任务1领","id":"A101011D00005","showtype2":"#HV#00#F#TX002##","showtype1":"#HV#00#F#TX002##"},{"word1":"轰!(一个火球术)","word2":"Boom! (a fireball)","beizhu":"第一关任务1领","id":"A101011D00006","showtype2":"#HV#00#F#TX002##","showtype1":"#HV#00#F#TX002##"},{"word1":"哇!好烫,我就起来,我现在就起来.","word2":"WOW! It's so hot. I'll get up. I'll get up now","beizhu":"第一关任务1领","id":"A101011D00007","showtype2":"#HV#00#F#TX002##","showtype1":"#HV#00#F#TX002##"},{"word1":"不要小看我哟,我可是火之国的艾斯塔利亚!","word2":"Don't underestimate me yo, but I am the fire nation Esther talia!","beizhu":"第一关任务1领","id":"A101011D00008","showtype2":"#HV#00#F#TX002##","showtype1":"#HV#00#F#TX002##"},{"word1":"新兵,第一个任务只是送\"包裹\",是不是觉得很没趣?","word2":"The first task is to send recruits, \"package\", is not that very boring?","beizhu":"第二关任务1领","id":"A102011D00001","showtype2":"#HV#00#F#TX002##","showtype1":"#HV#00#F#TX002##"},{"word1":"是的,艾斯塔利亚.","word2":"Yes, Esther Thalia.","beizhu":"第二关任务1领","id":"A102011D00002","showtype2":"#HV#00#F#TX002##","showtype1":"#HV#00#F#TX002##"},{"word1":"不要大意,这次莱比斯的\"委托\"非常蹊跷,我们尽快找到莱比斯的艾米丽雅思,与她的队伍汇合.","word2":"Don't be careless, rebis commissioned the \"very strange, we find Emilia Faith labys as soon as possible, and joins her team.","beizhu":"第二关任务1领","id":"A102011D00003","showtype2":"#HV#00#F#TX002##","showtype1":"#HV#00#F#TX002##"},{"word1":"前面那几个人不是莱比斯的人么?他们的状态很奇怪","word2":"In front of the few people who are not labys? Their condition is very strange","beizhu":"第二关任务1领","id":"A102011D00004","showtype2":"#HV#00#F#TX002##","showtype1":"#HV#00#F#TX002##"},{"word1":"我们过去看看.","word2":"Let's go and have a look","beizhu":"第二关任务1领","id":"A102011D00005","showtype2":"#HV#00#F#TX002##","showtype1":"#HV#00#F#TX002##"},{"word1":"艾米丽雅思,这是哪里?","word2":"Emilia Faith, where is this?","beizhu":"第三关任务1领","id":"A103011D00001","showtype2":"#HV#00#F#TX002##","showtype1":"#HV#00#F#TX002##"},{"word1":"这里时村庄的深处,聚会的广场,我就是在这里等你们接收\"包裹\",也是在这里失去意识的","word2":"Here, in the depths of the village, the square of the gathering, I am here for you to receive the package, is also here to lose consciousness","beizhu":"第三关任务1领","id":"A103011D00002","showtype2":"#HV#00#F#TX002##","showtype1":"#HV#00#F#TX002##"},{"word1":"你也不知道\"包裹\"的内容吗?","word2":"Don't you know the contents of the package?","beizhu":"第三关任务1领","id":"A103011D00003","showtype2":"#HV#00#F#TX002##","showtype1":"#HV#00#F#TX002##"},{"word1":"我也不清楚,但是我有感觉,它和教会有关","word2":"I don't know, but I have the feeling that it's about the church","beizhu":"第三关任务1领","id":"A103011D00004","showtype2":"#HV#00#F#TX002##","showtype1":"#HV#00#F#TX002##"},{"word1":"事不宜迟,先拿回\"包裹\"再说","word2":"The first \"package\" This matter should not be delayed., back again","beizhu":"第三关任务1领","id":"A103011D00005","showtype2":"#HV#00#F#TX002##","showtype1":"#HV#00#F#TX002##"},{"word1":"你的表现还不错!","word2":"You did a good job!","beizhu":"第一关任务2完","id":"B101011D00001","showtype2":"#HV#00#F#TX002##","showtype1":"#HV#00#F#TX002##"},{"word1":"谢谢您的夸奖.","word2":"Thank you for your compliment.","beizhu":"第一关任务2完","id":"B101011D00002","showtype2":"#HV#00#F#TX002##","showtype1":"#HV#00#F#TX002##"},{"word1":"但是在真正的战场上,敌人是不会手下留情的.","word2":"But in the real battlefield, the enemy will not be lenient.","beizhu":"第一关任务2完","id":"B101011D00003","showtype2":"#HV#00#F#TX002##","showtype1":"#HV#00#F#TX002##"},{"word1":"哼!马马虎虎,如果没有我,你早就败在库伯大人手下了.","word2":"HMM! So, if you don't have me, you would have been defeated by Kolb","beizhu":"第一关任务2完","id":"B101011D00004","showtype2":"#HV#00#F#TX002##","showtype1":"#HV#00#F#TX002##"},{"word1":"战场上注意配合,作为防御型角色,一定要保护好队友的安全.","word2":"On the battlefield with attention, as a defensive role, we must protect the safety of teammates","beizhu":"第一关任务2完","id":"B101011D00005","showtype2":"#HV#00#F#TX002##","showtype1":"#HV#00#F#TX002##"},{"word1":"是!","word2":"Well!","beizhu":"第一关任务2完","id":"B101011D00006","showtype2":"#HV#00#F#TX002##","showtype1":"#HV#00#F#TX002##"},{"word1":"你的表现还不错!","word2":"You did a good job!","beizhu":"第一关任务2完","id":"B101021D00001","showtype2":"#HV#00#F#TX006##","showtype1":"#HV#00#F#TX006##"},{"word1":"谢谢您的夸奖.","word2":"Thank you for your compliment.","beizhu":"第一关任务2完","id":"B101021D00002","showtype2":"#HV#00#F#TX006##","showtype1":"#HV#00#F#TX006##"},{"word1":"但是在真正的战场上,敌人是不会手下留情的.","word2":"But in the real battlefield, the enemy will not be lenient.","beizhu":"第一关任务2完","id":"B101021D00003","showtype2":"#HV#00#F#TX006##","showtype1":"#HV#00#F#TX006##"},{"word1":"哼!马马虎虎,如果没有我,你早就败在库伯大人手下了.","word2":"HMM! So, if you don't have me, you would have been defeated by Kolb","beizhu":"第一关任务2完","id":"B101021D00004","showtype2":"#HV#00#F#TX006##","showtype1":"#HV#00#F#TX006##"},{"word1":"战场上注意配合,作为防御型角色,一定要保护好队友的安全.","word2":"On the battlefield with attention, as a defensive role, we must protect the safety of teammates","beizhu":"第一关任务2完","id":"B101021D00005","showtype2":"#HV#00#F#TX006##","showtype1":"#HV#00#F#TX006##"},{"word1":"是!","word2":"Well!","beizhu":"第一关任务2完","id":"B101021D00006","showtype2":"#HV#00#F#TX006##","showtype1":"#HV#00#F#TX006##"},{"word1":"怎么会这样...","word2":"How could this be......","beizhu":"第二关任务2完","id":"B102011D00001","showtype2":"#HV#00#F#TX002##","showtype1":"#HV#00#F#TX002##"},{"word1":"刚刚和他们战斗的时候,他们的表情简直就像死人,呃,不过现在他们确实已经死了...","word2":"When they fight, they look like dead people, uh, but now they're dead......","beizhu":"第二关任务2完","id":"B102011D00002","showtype2":"#HV#00#F#TX002##","showtype1":"#HV#00#F#TX002##"},{"word1":"这件事没那么简单,先找到艾米丽雅思","word2":"It's not that simple. Find Emilia Faith first","beizhu":"第二关任务2完","id":"B102011D00003","showtype2":"#HV#00#F#TX002##","showtype1":"#HV#00#F#TX002##"},{"word1":"看那边!","word2":"Look over there!","beizhu":"第二关任务3完","id":"B102021D00001","showtype2":"#HV#00#F#TX002##","showtype1":"#HV#00#F#TX002##"},{"word1":"是艾米丽雅思!","word2":"Emily ielts!","beizhu":"第二关任务3完","id":"B102021D00002","showtype2":"#HV#00#F#TX002##","showtype1":"#HV#00#F#TX002##"},{"word1":"留活口!","word2":"Stay alive!","beizhu":"第二关任务3完","id":"B102021D00003","showtype2":"#HV#00#F#TX002##","showtype1":"#HV#00#F#TX002##"},{"word1":"真是个麻烦的女人!","word2":"What a troublesome woman!","beizhu":"第二关任务4完","id":"B102031D00001","showtype2":"#HV#00#F#TX002##","showtype1":"#HV#00#F#TX002##"},{"word1":"看,她的胸口有东西在发光","word2":"Look, there's something in her chest","beizhu":"第二关任务4完","id":"B102031D00002","showtype2":"#HV#00#F#TX002##","showtype1":"#HV#00#F#TX002##"},{"word1":"这是...难道她是那个莱比斯的圣女艾米丽雅思?(使用了净化术)","word2":"This is...... Is she that labys the Saint Emilia Faith? (using purification operation)","beizhu":"第二关任务4完","id":"B102031D00003","showtype2":"#HV#00#F#TX002##","showtype1":"#HV#00#F#TX002##"},{"word1":"呃...","word2":"Er......","beizhu":"第二关任务4完","id":"B102031D00004","showtype2":"#HV#00#F#TX002##","showtype1":"#HV#00#F#TX002##"},{"word1":"醒了?","word2":"Wake up?","beizhu":"第二关任务4完","id":"B102031D00005","showtype2":"#HV#00#F#TX002##","showtype1":"#HV#00#F#TX002##"},{"word1":"太可怕了,多亏了你们,我才能夺回自己的意识.","word2":"Terrible, thanks to you, I can regain their consciousness","beizhu":"第二关任务4完","id":"B102031D00006","showtype2":"#HV#00#F#TX002##","showtype1":"#HV#00#F#TX002##"},{"word1":"没想到你可以做到把自己的意识寄存到项链中.","word2":"I didn't expect you to put your mind in a necklace","beizhu":"第二关任务4完","id":"B102031D00007","showtype2":"#HV#00#F#TX002##","showtype1":"#HV#00#F#TX002##"},{"word1":"那些疯狂的村民竟然用自身去为\"深渊\"献祭,我的士兵的意识都被深渊夺走了...这里不易多说,我们需要尽快取回\"包裹\"","word2":"The villagers were so mad that they sacrificed themselves to the abyss, and the consciousness of my soldiers was taken away by the abyss...... Here is not easy to say, we need to retrieve the package as soon as possible\"","beizhu":"第二关任务4完","id":"B102031D00008","showtype2":"#HV#00#F#TX002##","showtype1":"#HV#00#F#TX002##"},{"word1":"真是个麻烦的女人!","word2":"What a troublesome woman!","beizhu":"第二关任务4完","id":"B102041D00001","showtype2":"#HV#00#F#TX006##","showtype1":"#HV#00#F#TX006##"},{"word1":"看,她的胸口有东西在发光","word2":"Look, there's something in her chest","beizhu":"第二关任务4完","id":"B102041D00002","showtype2":"#HV#00#F#TX006##","showtype1":"#HV#00#F#TX006##"},{"word1":"这是...难道她是那个莱比斯的圣女艾米丽雅思?(使用了净化术)","word2":"This is...... Is she that labys the Saint Emilia Faith? (using purification operation)","beizhu":"第二关任务4完","id":"B102041D00003","showtype2":"#HV#00#F#TX006##","showtype1":"#HV#00#F#TX006##"},{"word1":"呃...","word2":"Er......","beizhu":"第二关任务4完","id":"B102041D00004","showtype2":"#HV#00#F#TX006##","showtype1":"#HV#00#F#TX006##"},{"word1":"醒了?","word2":"Wake up?","beizhu":"第二关任务4完","id":"B102041D00005","showtype2":"#HV#00#F#TX006##","showtype1":"#HV#00#F#TX006##"},{"word1":"太可怕了,多亏了你们,我才能夺回自己的意识.","word2":"Terrible, thanks to you, I can regain their consciousness","beizhu":"第二关任务4完","id":"B102041D00006","showtype2":"#HV#00#F#TX006##","showtype1":"#HV#00#F#TX006##"},{"word1":"没想到你可以做到把自己的意识寄存到项链中.","word2":"I didn't expect you to put your mind in a necklace","beizhu":"第二关任务4完","id":"B102041D00007","showtype2":"#HV#00#F#TX006##","showtype1":"#HV#00#F#TX006##"},{"word1":"那些疯狂的村民竟然用自身去为\"深渊\"献祭,我的士兵的意识都被深渊夺走了...这里不易多说,我们需要尽快取回\"包裹\"","word2":"The villagers were so mad that they sacrificed themselves to the abyss, and the consciousness of my soldiers was taken away by the abyss...... Here is not easy to say, we need to retrieve the package as soon as possible\"","beizhu":"第二关任务4完","id":"B102041D00008","showtype2":"#HV#00#F#TX006##","showtype1":"#HV#00#F#TX006##"},{"word1":"不好,这个\"包裹\"是假的","word2":"Well, this \"package\" is fake","beizhu":"第三关任务1完","id":"B103011D00001","showtype2":"#HV#00#F#TX002##","showtype1":"#HV#00#F#TX002##"},{"word1":"中埋伏了!准备战斗!","word2":"Ready to fight!","beizhu":"第三关任务1完","id":"B103011D00002","showtype2":"#HV#00#F#TX002##","showtype1":"#HV#00#F#TX002##"},{"word1":"死人竟然复活了!这是什么巫术!","word2":"The dead are resurrected! What is this magic?!","beizhu":"第三关任务2完","id":"B103021D00001","showtype2":"#HV#00#F#TX002##","showtype1":"#HV#00#F#TX002##"},{"word1":"太可恶!这一定是教会的杰作,这些人的灵魂永远得不到安息了!","word2":"It must be a masterpiece of the church, and the souls of these men will never rest!","beizhu":"第三关任务2完","id":"B103021D00002","showtype2":"#HV#00#F#TX002##","showtype1":"#HV#00#F#TX002##"},{"word1":"既然得不到安息,就让我的火焰将它们全部化成粉末吧!","word2":"Since there is no rest, let my flame turn them into powder!","beizhu":"第三关任务2完","id":"B103021D00003","showtype2":"#HV#00#F#TX002##","showtype1":"#HV#00#F#TX002##"},{"word1":"这群恐怖的生物,应该算不上人类了吧","word2":"This group of scary creatures, should not be considered human","beizhu":"第三关任务3完","id":"B103031D00001","showtype2":"#HV#00#F#TX002##","showtype1":"#HV#00#F#TX002##"},{"word1":"它们的灵魂已经被\"深渊\"转化为了\"死灵\",是邪恶的灵魂","word2":"Their souls have been \"abyss\" into \"dead\", is the soul of evil","beizhu":"第三关任务3完","id":"B103031D00002","showtype2":"#HV#00#F#TX002##","showtype1":"#HV#00#F#TX002##"},{"word1":"艾米丽雅思,那个就是我们的\"包裹\"了吧,看来你被催眠的时候,它有了新的主人呢","word2":"Emilia Faith, that's our \"package\", it seems that when you are hypnotized, it has a new owner","beizhu":"第三关任务3完","id":"B103031D00003","showtype2":"#HV#00#F#TX002##","showtype1":"#HV#00#F#TX002##"},{"word1":"呸!全身湿哒哒黏糊糊的蜘蛛,真是恶心的生物","word2":"Bah! All wet sticky spider, disgusting creature","beizhu":"第三关任务4完","id":"B103041D00001","showtype2":"#HV#00#F#TX002##","showtype1":"#HV#00#F#TX002##"},{"word1":"新兵,需要烘干服务吗?","word2":"Do you need any drying service?","beizhu":"第三关任务4完","id":"B103041D00002","showtype2":"#HV#00#F#TX002##","showtype1":"#HV#00#F#TX002##"},{"word1":"啊啊,不需要,谢谢你的好意","word2":"Oh, no, thank you for your kindness","beizhu":"第三关任务4完","id":"B103041D00003","showtype2":"#HV#00#F#TX002##","showtype1":"#HV#00#F#TX002##"},{"word1":"艾米丽雅思,这就是\"包裹\"吧,是不是该解开谜底了?","word2":"Emilia Faith, this is the package, it is the answer to the mystery?","beizhu":"第三关任务4完","id":"B103041D00004","showtype2":"#HV#00#F#TX002##","showtype1":"#HV#00#F#TX002##"},{"word1":"我也想知道是什么让这些教会假扮的村民如此疯狂?","word2":"I would also like to know what makes these church disguised villagers so crazy?","beizhu":"第三关任务4完","id":"B103041D00005","showtype2":"#HV#00#F#TX002##","showtype1":"#HV#00#F#TX002##"},{"word1":"这是?","word2":"This is?","beizhu":"第三关任务4完","id":"B103041D00006","showtype2":"#HV#00#F#TX002##","showtype1":"#HV#00#F#TX002##"},{"word1":"圣杯碎片?!","word2":"Holy Grail?!","beizhu":"第三关任务4完","id":"B103041D00007","showtype2":"#HV#00#F#TX002##","showtype1":"#HV#00#F#TX002##"},{"word1":"库伯大人.","word2":"Lord Kolb","beizhu":"第一关任务1完","id":"C101011D00001","showtype2":"#HV#00#F#TX002##","showtype1":"#HV#00#F#TX002##"},{"word1":"早上好,库伯大人.","word2":"Good morning, Mr. Kolb","beizhu":"第一关任务1完","id":"C101011D00002","showtype2":"#HV#00#F#TX002##","showtype1":"#HV#00#F#TX002##"},{"word1":"早上好,艾斯塔利亚,你就是新来的米特拉教军吧.","word2":"Good morning, Thalia, you are the new army of Mithraism.","beizhu":"第一关任务1完","id":"C101011D00003","showtype2":"#HV#00#F#TX002##","showtype1":"#HV#00#F#TX002##"},{"word1":"是的,库伯大人.","word2":"Yes, Mr. Kolb","beizhu":"第一关任务1完","id":"C101011D00004","showtype2":"#HV#00#F#TX002##","showtype1":"#HV#00#F#TX002##"},{"word1":"那么,开始训练吧!","word2":"So, start training!","beizhu":"第一关任务1完","id":"C101011D00005","showtype2":"#HV#00#F#TX002##","showtype1":"#HV#00#F#TX002##"},{"word1":"啊!","word2":"Ah!","beizhu":"第二关任务1完","id":"C102011D00001","showtype2":"#HV#00#F#TX002##","showtype1":"#HV#00#F#TX002##"},{"word1":"小心!","word2":"Look out!","beizhu":"第二关任务1完","id":"C102011D00002","showtype2":"#HV#00#F#TX002##","showtype1":"#HV#00#F#TX002##"},{"word1":"请收下我的膝盖","word2":"Please take my knees","beizhu":"士兵","id":"GET100101XB01","showtype2":"#HV#00#F#TX002##","showtype1":"#HV#00#F#TX002##"},{"word1":"先生,你真是个大方的人","word2":"Sir, you are a generous man","beizhu":"士兵","id":"GET100101XF01","showtype2":"#HV#00#F#TX002##","showtype1":"#HV#00#F#TX002##"},{"word1":"你的军队也许需要信仰,请允许我与你同行","word2":"Your army may need faith, please allow me to walk with you","beizhu":"少女","id":"GET100201XB01","showtype2":"#HV#00#F#TX002##","showtype1":"#HV#00#F#TX002##"},{"word1":"谢谢你的好意","word2":"Thanks for the offer","beizhu":"少女","id":"GET100201XF01","showtype2":"#HV#00#F#TX002##","showtype1":"#HV#00#F#TX002##"},{"word1":"请允许我与你同行","word2":"Please allow me to walk with you","beizhu":"圣骑","id":"GET100301XB01","showtype2":"#HV#00#F#TX002##","showtype1":"#HV#00#F#TX002##"},{"word1":"圣主保佑你","word2":"The Lord bless you","beizhu":"圣骑","id":"GET100301XF01","showtype2":"#HV#00#F#TX002##","showtype1":"#HV#00#F#TX002##"},{"word1":"好人总是让我没有食欲","word2":"Good people always make me lose my appetite","beizhu":"狼人","id":"GET100401XB01","showtype2":"#HV#00#F#TX002##","showtype1":"#HV#00#F#TX002##"},{"word1":"哈哈哈,你是个好人","word2":"Ha ha ha, you are a good man","beizhu":"狼人","id":"GET100401XF01","showtype2":"#HV#00#F#TX002##","showtype1":"#HV#00#F#TX002##"},{"word1":"那你就是第1001个追随者哦","word2":"Then you're 1001st followers","beizhu":"火女","id":"GET100501XB01","showtype2":"#HV#00#F#TX002##","showtype1":"#HV#00#F#TX002##"},{"word1":"你是不是暗恋我?","word2":"Do you love me?","beizhu":"火女","id":"GET100501XF01","showtype2":"#HV#00#F#TX002##","showtype1":"#HV#00#F#TX002##"},{"word1":"可不可以再来一份?","word2":"Can I have another one?","beizhu":"枪手","id":"GET100601XB01","showtype2":"#HV#00#F#TX002##","showtype1":"#HV#00#F#TX002##"},{"word1":"牛排的味道不错","word2":"The steak tastes good","beizhu":"枪手","id":"GET100601XF01","showtype2":"#HV#00#F#TX002##","showtype1":"#HV#00#F#TX002##"},{"word1":"如果你愿意,请让我在你的营地附近培育一片森林","word2":"If you like, please let me cultivate a forest near your camp","beizhu":"德鲁伊","id":"GET100701XB01","showtype2":"#HV#00#F#TX002##","showtype1":"#HV#00#F#TX002##"},{"word1":"哎呦呦,认识大人你真是太棒了","word2":"Oh yo, you know. It is great","beizhu":"德鲁伊","id":"GET100701XF01","showtype2":"#HV#00#F#TX002##","showtype1":"#HV#00#F#TX002##"},{"word1":"你营地里的器械维修,之后都交给我吧","word2":"You have to repair the equipment in the camp, then give it to me","beizhu":"哥布林","id":"GET100801XB01","showtype2":"#HV#00#F#TX002##","showtype1":"#HV#00#F#TX002##"},{"word1":"嘿嘿嘿,先生,如果你喜欢,这个送给你","word2":"Hey hey, sir, if you like, this is for you","beizhu":"哥布林","id":"GET100801XF01","showtype2":"#HV#00#F#TX002##","showtype1":"#HV#00#F#TX002##"},{"word1":"请收下我的膝盖","word2":"Please take my knees","beizhu":"士兵","id":"GET601001XB1","showtype2":"#HV#00#F#TX002##","showtype1":"#HV#00#F#TX002##"},{"word1":"先生,你真是个大方的人","word2":"Sir, you are a generous man","beizhu":"士兵","id":"GET601001XF1","showtype2":"#HV#00#F#TX002##","showtype1":"#HV#00#F#TX002##"},{"word1":"你的军队也许需要信仰,请允许我与你同行","word2":"Your army may need faith, please allow me to walk with you","beizhu":"少女","id":"GET601002XB1","showtype2":"#HV#00#F#TX002##","showtype1":"#HV#00#F#TX002##"},{"word1":"谢谢你的好意","word2":"Thanks for the offer","beizhu":"少女","id":"GET601002XF1","showtype2":"#HV#00#F#TX002##","showtype1":"#HV#00#F#TX002##"},{"word1":"请允许我与你同行","word2":"Please allow me to walk with you","beizhu":"圣骑","id":"GET601003XB1","showtype2":"#HV#00#F#TX002##","showtype1":"#HV#00#F#TX002##"},{"word1":"圣主保佑你","word2":"The Lord bless you","beizhu":"圣骑","id":"GET601003XF1","showtype2":"#HV#00#F#TX002##","showtype1":"#HV#00#F#TX002##"},{"word1":"好人总是让我没有食欲","word2":"Good people always make me lose my appetite","beizhu":"狼人","id":"GET601004XB1","showtype2":"#HV#00#F#TX002##","showtype1":"#HV#00#F#TX002##"},{"word1":"哈哈哈,你是个好人","word2":"Ha ha ha, you are a good man","beizhu":"狼人","id":"GET601004XF1","showtype2":"#HV#00#F#TX002##","showtype1":"#HV#00#F#TX002##"},{"word1":"那你就是第1001个追随者哦","word2":"Then you're 1001st followers","beizhu":"火女","id":"GET601005XB1","showtype2":"#HV#00#F#TX002##","showtype1":"#HV#00#F#TX002##"},{"word1":"你是不是暗恋我?","word2":"Do you love me?","beizhu":"火女","id":"GET601005XF1","showtype2":"#HV#00#F#TX002##","showtype1":"#HV#00#F#TX002##"},{"word1":"可不可以再来一份?","word2":"Can I have another one?","beizhu":"枪手","id":"GET601006XB1","showtype2":"#HV#00#F#TX002##","showtype1":"#HV#00#F#TX002##"},{"word1":"牛排的味道不错","word2":"The steak tastes good","beizhu":"枪手","id":"GET601006XF1","showtype2":"#HV#00#F#TX002##","showtype1":"#HV#00#F#TX002##"},{"word1":"如果你愿意,请让我在你的营地附近培育一片森林","word2":"If you like, please let me cultivate a forest near your camp","beizhu":"德鲁伊","id":"GET601007XB1","showtype2":"#HV#00#F#TX002##","showtype1":"#HV#00#F#TX002##"},{"word1":"哎呦呦,认识大人你真是太棒了","word2":"Oh yo, you know. It is great","beizhu":"德鲁伊","id":"GET601007XF1","showtype2":"#HV#00#F#TX002##","showtype1":"#HV#00#F#TX002##"},{"word1":"你营地里的器械维修,之后都交给我吧","word2":"You have to repair the equipment in the camp, then give it to me","beizhu":"哥布林","id":"GET601008XB1","showtype2":"#HV#00#F#TX002##","showtype1":"#HV#00#F#TX002##"},{"word1":"嘿嘿嘿,先生,如果你喜欢,这个送给你","word2":"Hey hey, sir, if you like, this is for you","beizhu":"哥布林","id":"GET601008XF1","showtype2":"#HV#00#F#TX002##","showtype1":"#HV#00#F#TX002##"},{"word1":"请收下我的膝盖","word2":"Please take my knees","beizhu":"士兵","id":"HCSP100101XX1","showtype2":"#HV#00#F#TX002##","showtype1":"#HV#00#F#TX002##"},{"word1":"你的军队也许需要信仰,请允许我与你同行","word2":"Your army may need faith, please allow me to walk with you","beizhu":"少女","id":"HCSP100201XX1","showtype2":"#HV#00#F#TX002##","showtype1":"#HV#00#F#TX002##"},{"word1":"请允许我与你同行","word2":"Please allow me to walk with you","beizhu":"圣骑","id":"HCSP100301XX1","showtype2":"#HV#00#F#TX002##","showtype1":"#HV#00#F#TX002##"},{"word1":"好人总是让我没有食欲","word2":"Good people always make me lose my appetite","beizhu":"狼人","id":"HCSP100401XX1","showtype2":"#HV#00#F#TX002##","showtype1":"#HV#00#F#TX002##"},{"word1":"那你就是第1001个追随者哦","word2":"Then you're 1001st followers","beizhu":"火女","id":"HCSP100501XX1","showtype2":"#HV#00#F#TX002##","showtype1":"#HV#00#F#TX002##"},{"word1":"可不可以再来一份?","word2":"Can I have another one?","beizhu":"枪手","id":"HCSP100601XX1","showtype2":"#HV#00#F#TX002##","showtype1":"#HV#00#F#TX002##"},{"word1":"如果你愿意,请让我在你的营地附近培育一片森林","word2":"If you like, please let me cultivate a forest near your camp","beizhu":"德鲁伊","id":"HCSP100701XX1","showtype2":"#HV#00#F#TX002##","showtype1":"#HV#00#F#TX002##"},{"word1":"你营地里的器械维修,之后都交给我吧","word2":"You have to repair the equipment in the camp, then give it to me","beizhu":"哥布林","id":"HCSP100801XX1","showtype2":"#HV#00#F#TX002##","showtype1":"#HV#00#F#TX002##"}]