[{"name":"a1","id":1,"resname":"efx_dg001:efx_wangguoshibing01","info":"王国士兵刀光1"},{"name":"a1","id":2,"resname":"efx_dg002:efx_wangguoshibing01","info":"王国士兵刀光2"},{"name":"a1","id":3,"resname":"efx_dg003:efx_wangguoshibing01","info":"王国士兵刀光3"},{"name":"a1","id":4,"resname":"efx_dg004:efx_wangguoshibing01","info":"王国士兵刀光4"},{"name":"a1","id":5,"resname":"efx_dg005:efx_wangguoshibing01","info":"王国士兵刀光5"},{"name":"a1","id":6,"resname":"efx_dg006:efx_wangguoshibing01","info":"王国士兵刀光6"},{"name":"a1","id":7,"resname":"efx_dg007:efx_wangguoshibing01","info":"王国士兵刀光7"},{"name":"a1","id":8,"resname":"efx_zd001","info":"地精飞机飞弹1（上路）"},{"name":"a1","id":9,"resname":"efx_bz001","info":"小爆炸 火（上路）"},{"name":"a1","id":10,"resname":"efx_bz002","info":"小爆炸 地表（上路）"},{"name":"a1","id":11,"resname":"efx_zd002","info":"地精飞机飞弹1（中路）"},{"name":"a1","id":12,"resname":"efx_bz005","info":"小爆炸2 火（上）"},{"name":"a1","id":13,"resname":"efx_bz006","info":"小爆炸2 火（地表）"},{"name":"a1","id":14,"resname":"efx_zd003","info":"地精飞机飞弹1（下路）"},{"name":"a1","id":15,"resname":"efx_bz009","info":"小爆炸 火（下路）"},{"name":"a1","id":16,"resname":"efx_bz010","info":"小爆炸 地表（上路）"},{"name":"a1","id":17,"resname":"efx_zd004","info":"地精飞机飞弹3"},{"name":"a1","id":18,"resname":"efx_bz003","info":"大爆炸 火（上路）"},{"name":"a1","id":19,"resname":"efx_bz004","info":"大爆炸 地表（上路）"},{"name":"a1","id":20,"resname":"efx_zh004","info":"狼人--音波--一次(上)"},{"name":"a1","id":21,"resname":"21","info":"21"},{"name":"a1","id":22,"resname":"efx_dg014:efx_langren01","info":"狼人攻击刀光1"},{"name":"a1","id":23,"resname":"efx_zh001:efx_huoqiang_ke","info":"火枪手攻击--抛壳(平攻)"},{"name":"a1","id":24,"resname":"efx_zh002:efx_huoqiang_ke","info":"火枪手攻击--抛壳(暴击)"},{"name":"a1","id":25,"resname":"efx_zh003:efx_huoqiang_ke","info":"火枪手攻击--抛壳(最后一击)"},{"name":"a1","id":26,"resname":"efx_dg013:efx_langren01","info":"狼人攻击刀光3"},{"name":"a1","id":27,"resname":"efx_dg008:efx_langren01","info":"狼人攻击刀光4"},{"name":"a1","id":28,"resname":"efx_dg009:efx_langren01","info":"狼人攻击刀光6"},{"name":"a1","id":29,"resname":"efx_dg010:efx_langren01","info":"狼人攻击刀光5"},{"name":"a1","id":30,"resname":"efx_dg011:efx_langren01","info":"狼人攻击刀光7"},{"name":"a1","id":31,"resname":"efx_dg012:efx_langren01","info":"狼人攻击刀光8"},{"name":"a1","id":32,"resname":"efx_qh001","info":"枪火1"},{"name":"a1","id":33,"resname":"efx_qh002","info":"枪火2"},{"name":"a1","id":34,"resname":"efx_qh005","info":"枪火3"},{"name":"a1","id":35,"resname":"efx_zh006","info":"火女攻击1-法阵-球（上）"},{"name":"a1","id":36,"resname":"efx_zh007","info":"火女攻击1-法阵-球（中）"},{"name":"a1","id":37,"resname":"efx_zh008","info":"火女攻击1-法阵-球（下）"},{"name":"a1","id":38,"resname":"efx_zh009","info":"火女攻击2-法阵"},{"name":"a1","id":39,"resname":"efx_zh010","info":"火女攻击2-法阵_球-火焰"},{"name":"a1","id":40,"resname":"efx_zh011","info":"火女攻击3-法阵"},{"name":"a1","id":41,"resname":"efx_zh012","info":"火女攻击3-法阵-球（上）"},{"name":"a1","id":42,"resname":"efx_zh013","info":"火女攻击3-法阵-球（下）"},{"name":"a1","id":43,"resname":"efx_zd006","info":"火球子弹1"},{"name":"a1","id":44,"resname":"efx_buff001","info":"队长buff"},{"name":"a1","id":45,"resname":"efx_buff002","info":"队长duff"},{"name":"a1","id":46,"resname":"efx_bj001","info":"通用被击特效"},{"name":"a1","id":47,"resname":"efx_bz007","info":"陨石爆炸（上）"},{"name":"a1","id":48,"resname":"efx_bz008","info":"陨石爆炸（下）"},{"name":"a1","id":49,"resname":"efx_zd007","info":"陨石"},{"name":"a1","id":50,"resname":"efx_zd005","info":"地精飞机飞弹3（下）"},{"name":"a1","id":51,"resname":"efx_buff012","info":"冥想（上）"},{"name":"a1","id":52,"resname":"efx_buff013","info":"冥想（下）"},{"name":"a1","id":53,"resname":"efx_buff011","info":"魔法标记"},{"name":"a1","id":54,"resname":"efx_buff010","info":"回春术"},{"name":"a1","id":55,"resname":"efx_zh016","info":"随机回血"},{"name":"a1","id":56,"resname":"efx_buff006","info":"浴血（上）"},{"name":"a1","id":57,"resname":"efx_buff007","info":"浴血（下）"},{"name":"a1","id":58,"resname":"efx_buff014","info":"防御（上）"},{"name":"a1","id":59,"resname":"efx_buff015","info":"防御（下）"},{"name":"a1","id":60,"resname":"efx_buff018","info":"燃烧（上）"},{"name":"a1","id":61,"resname":"efx_buff019","info":"燃烧（下）"},{"name":"a1","id":62,"resname":"efx_buff016","info":"物攻增加"},{"name":"a1","id":63,"resname":"efx_buff017","info":"暴击增加"},{"name":"animation","id":64,"resname":"battlestart","info":"战斗开始"},{"name":"a1","id":65,"resname":"efx_bj006","info":"通用被击--魔法"},{"name":"a1","id":66,"resname":"efx_bj007","info":"通用被击--物理"},{"name":"a1","id":67,"resname":"efx_bj008","info":"特色被击--剑痕"},{"name":"a1","id":68,"resname":"efx_bj009","info":"通用被击--抓痕"},{"name":"a1","id":69,"resname":"efx_bj006","info":"通用被击--火焰"},{"name":"a1","id":70,"resname":"efx_yc001","info":"烟尘--落地(上)"},{"name":"a1","id":71,"resname":"efx_yc002","info":"烟尘--落地(下)"},{"name":"[\"a1\",\"a2\"]","id":72,"resname":"efx_tubiao1","info":"攻击标示[a1:短暂攻击播放,a2: 连续攻击标示播放] "},{"name":"[\"a1\",\"a2\",\"a3\",\"a4\"]","id":73,"resname":"efx_ui033","info":"a1:伤害类型的选择 a2:增益选择 a3:效果范围  a4攻击目标"},{"name":"[\"a1\",\"a2\"]","id":74,"resname":"efx_ui034","info":"在效果范围内里面 a1:伤害类型标示 a2: 增益类型标示"},{"name":"a1","id":75,"resname":"efx_zd011","info":"疯狂生长_荆棘(上)"},{"name":"a1","id":76,"resname":"efx_zd012:efx_zd011","info":"疯狂生长_荆棘(下)"},{"name":"[\"a1\",\"a2\"]","id":77,"resname":"efx_ui030","info":"技能按钮点击的特效"},{"name":"[\"a1\",\"a2\"]","id":78,"resname":"efx_ui029","info":"移动范围的特效 a1: 显示蓝色 a2: 显示红色"},{"name":"a1","id":79,"resname":"efx_dg015:spine_100301","info":"圣骑士盾击-圣十字（上）"},{"name":"a1","id":80,"resname":"efx_dg016:spine_100301","info":"圣骑士盾击-圣十字（下）"},{"name":"[\"a1\",\"a2\",\"a3\"]","id":81,"resname":"efx_ui038","info":"宝箱，开，停"},{"name":"a1","id":82,"resname":"efx_ui039","info":"闪光一次,a1金黄，"},{"name":"a1","id":83,"resname":"efx_yc003","info":"跑步烟尘"},{"name":"a1","id":84,"resname":"efx_yc004","info":"滑步烟尘"},{"name":"a1","id":85,"resname":"efx_yc005","info":"起跳烟尘"},{"name":"a1","id":86,"resname":"efx_yc006","info":"跑步烟尘（上）"},{"name":"a1","id":87,"resname":"efx_yc007","info":"跑步烟尘（下）"},{"name":"a1","id":88,"resname":"efx_dg017:efx_shengqishi01","info":"圣骑士刀光1"},{"name":"a1","id":89,"resname":"efx_dg018:efx_shengqishi01","info":"圣骑士刀光2"},{"name":"a1","id":90,"resname":"efx_dg019:efx_shengqishi01","info":"圣骑士刀光3"},{"name":"a1","id":91,"resname":"efx_ui009:efx_ui009","info":"刷棋子光效（上）"},{"name":"a1","id":92,"resname":"efx_ui010:efx_ui009","info":"刷棋子光效（中）"},{"name":"a1","id":93,"resname":"efx_ui011:efx_ui009","info":"刷棋子光效（下）"},{"name":"a1","id":94,"resname":"efx_zh021:efx_tongyonghuifu_a","info":"圣光_顶"},{"name":"a1","id":95,"resname":"efx_zh022:efx_tongyonghuifu_a","info":"圣光_底(上)"},{"name":"a1","id":96,"resname":"efx_zh023:efx_tongyonghuifu_a","info":"圣光_底(中)"},{"name":"a1","id":97,"resname":"efx_zh024:efx_tongyonghuifu_a","info":"圣光_底(底)"},{"name":"a1","id":98,"resname":"efx_bj010:efx_tongyonghuifu_a","info":"通用被击--圣光"},{"name":"a1","id":99,"resname":"efx_buff020:efx_buff_tongyonga","info":"眩晕"},{"name":"a1","id":100,"resname":"efx_buff041:efx_buff_tongyonga","info":"物攻增加"},{"name":"a1","id":101,"resname":"efx_buff042:efx_buff_tongyonga","info":"物攻降低"},{"name":"a1","id":102,"resname":"efx_buff043:efx_buff_tongyonga","info":"魔攻增加"},{"name":"a1","id":103,"resname":"efx_buff044:efx_buff_tongyonga","info":"魔攻降低"},{"name":"a1","id":104,"resname":"efx_buff045:efx_buff_tongyonga","info":"暴击伤害增加"},{"name":"a1","id":105,"resname":"efx_buff046:efx_buff_tongyonga","info":"暴击伤害降低"},{"name":"a1","id":106,"resname":"efx_buff047:efx_buff_tongyonga","info":"暴击率增加"},{"name":"a1","id":107,"resname":"efx_buff048:efx_buff_tongyonga","info":"暴击率降低"},{"name":"a1","id":108,"resname":"efx_buff049:efx_buff_tongyonga","info":"物防增加"},{"name":"a1","id":109,"resname":"efx_buff050:efx_buff_tongyonga","info":"物防降低"},{"name":"a1","id":110,"resname":"efx_buff051:efx_buff_tongyonga","info":"魔防增加"},{"name":"a1","id":111,"resname":"efx_buff052:efx_buff_tongyonga","info":"魔防降低"},{"name":"a1","id":112,"resname":"efx_buff053:efx_buff_tongyonga","info":"行动力值增加"},{"name":"a1","id":113,"resname":"efx_buff054:efx_buff_tongyonga","info":"行动力值降低"},{"name":"a1","id":114,"resname":"efx_buff055:efx_buff_tongyonga","info":"行动速度增加"},{"name":"a1","id":115,"resname":"efx_buff056:efx_buff_tongyonga","info":"行动速度降低"},{"name":"a1","id":116,"resname":"efx_buff057:efx_buff_tongyonga","info":"治疗效果增加"},{"name":"a1","id":117,"resname":"efx_buff058:efx_buff_tongyonga","info":"治疗效果降低"},{"name":"a1","id":118,"resname":"efx_zd016","info":"毒液曲线子弹1"},{"name":"a1","id":119,"resname":"efx_bj011","info":"通用被击--毒液"},{"name":"a1","id":120,"resname":"efx_bj012","info":"特色被击--毒液"},{"name":"a1","id":121,"resname":"efx_buff059:efx_buff_tongyonga","info":"寄生之种"},{"name":"a1","id":122,"resname":"efx_buff016:efx_buff_tongyonga","info":"光环增益--通用"},{"name":"a1","id":123,"resname":"efx_buff017:efx_buff_tongyonga","info":"光环减益--通用"},{"name":"a1","id":124,"resname":"efx_dg021:efx_wangguoshibing01","info":"莱比斯士兵_剑盾_刀光1"},{"name":"a1","id":125,"resname":"efx_dg022:efx_wangguoshibing01","info":"莱比斯士兵_剑盾_刀光2"},{"name":"a1","id":126,"resname":"efx_dg023:efx_wangguoshibing01","info":"莱比斯士兵_剑盾_刀光3"},{"name":"a1","id":127,"resname":"efx_dg026:efx_wangguoshibing01","info":"莱比斯士兵_巨斧_刀光1"},{"name":"a1","id":128,"resname":"efx_dg027:efx_wangguoshibing01","info":"莱比斯士兵_巨斧_刀光2"},{"name":"a1","id":129,"resname":"efx_dg029:efx_wangguoshibing01","info":"莱比斯士兵_巨斧_刀光3"},{"name":"a1","id":130,"resname":"efx_dg028:efx_wangguoshibing01","info":"莱比斯士兵_巨斧_刀光4"},{"name":"a1","id":131,"resname":"efx_dg031:efx_wangguoshibing01","info":"骷髅_剑盾_刀光1"},{"name":"a1","id":132,"resname":"efx_dg032:efx_wangguoshibing01","info":"骷髅_剑盾_刀光2"},{"name":"a1","id":133,"resname":"efx_dg033:efx_wangguoshibing01","info":"骷髅_剑盾_刀光3"},{"name":"a1","id":134,"resname":"efx_zh025:efx_zh025","info":"箭雨（上）"},{"name":"a1","id":135,"resname":"efx_zh026:efx_zh025","info":"箭雨（下）"},{"name":"a1","id":136,"resname":"efx_qh006","info":"枪火_毒液"},{"name":"a1","id":137,"resname":"efx_zh029","info":"喷射_毒液"},{"name":"a1","id":138,"resname":"efx_zh032","info":"地上液体_毒液"},{"name":"","id":139,"resname":"efx_zh027:efx_buff_tongyonga","info":"暗影恢复_释放"},{"name":"","id":140,"resname":"efx_bj015:efx_buff_tongyonga","info":"特色被击--暗影恢复"},{"name":"a1","id":141,"resname":"efx_buff060","info":"燃烧buff"},{"name":"a1","id":142,"resname":"efx_zh030","info":"毒液_溅射（上）"},{"name":"a1","id":143,"resname":"efx_zh031","info":"毒液_溅射（下）"},{"name":"a1","id":144,"resname":"efx_qh007","info":"火枪枪火"},{"name":"a1","id":145,"resname":"efx_dg034","info":"圣女攻击1刀光"},{"name":"a1","id":146,"resname":"efx_dg035","info":"圣女攻击2刀光"},{"name":"a1","id":147,"resname":"efx_dg036","info":"圣女攻击3刀光"},{"name":"a1","id":148,"resname":"efx_dg037","info":"圣女攻击4刀光"},{"name":"a1","id":149,"resname":"efx_dg038","info":"圣女攻击5刀光"},{"name":"a1","id":150,"resname":"efx_dg039","info":"圣女攻击6刀光（上）"},{"name":"a1","id":151,"resname":"efx_dg040","info":"圣女攻击6刀光（下）"},{"name":"a1","id":152,"resname":"efx_dg041","info":"圣女攻击7刀光"},{"name":"a1","id":153,"resname":"efx_bj013","info":"通用被击_火焰"},{"name":"a1","id":154,"resname":"efx_bj014","info":"特色被击_火焰溅射"},{"name":"[\"a1\",\"a2\"]","id":1001,"resname":"efx_ui028","info":"战斗胜利      a1出现    a2循环"},{"name":"[\"a1\",\"a2\"]","id":1002,"resname":"efx_ui027","info":"战斗失败      a1出现    a2循环"},{"name":"[]","id":1003,"resname":"efx_ui040","info":"33"}]