[{"roleexp":"1200","heroexp":"2000","id":"1"},{"roleexp":"1400","heroexp":"3800","id":"2"},{"roleexp":"1600","heroexp":"5700","id":"3"},{"roleexp":"1800","heroexp":"7800","id":"4"},{"roleexp":"2000","heroexp":"10200","id":"5"},{"roleexp":"2200","heroexp":"12900","id":"6"},{"roleexp":"2400","heroexp":"15900","id":"7"},{"roleexp":"2600","heroexp":"19400","id":"8"},{"roleexp":"2800","heroexp":"23300","id":"9"},{"roleexp":"3000","heroexp":"27700","id":"10"},{"roleexp":"3200","heroexp":"32600","id":"11"},{"roleexp":"3400","heroexp":"38100","id":"12"},{"roleexp":"3600","heroexp":"44200","id":"13"},{"roleexp":"3800","heroexp":"50900","id":"14"},{"roleexp":"4000","heroexp":"58400","id":"15"},{"roleexp":"4200","heroexp":"66600","id":"16"},{"roleexp":"4400","heroexp":"75500","id":"17"},{"roleexp":"4600","heroexp":"85300","id":"18"},{"roleexp":"4800","heroexp":"95900","id":"19"},{"roleexp":"5000","heroexp":"107400","id":"20"},{"roleexp":"5200","heroexp":"119900","id":"21"},{"roleexp":"5400","heroexp":"133300","id":"22"},{"roleexp":"5600","heroexp":"147700","id":"23"},{"roleexp":"5800","heroexp":"163100","id":"24"},{"roleexp":"6000","heroexp":"179700","id":"25"},{"roleexp":"6200","heroexp":"197300","id":"26"},{"roleexp":"6400","heroexp":"216000","id":"27"},{"roleexp":"6600","heroexp":"236000","id":"28"},{"roleexp":"6800","heroexp":"257100","id":"29"},{"roleexp":"7000","heroexp":"279600","id":"30"},{"roleexp":"7200","heroexp":"303200","id":"31"},{"roleexp":"7400","heroexp":"328200","id":"32"},{"roleexp":"7600","heroexp":"354600","id":"33"},{"roleexp":"7800","heroexp":"382300","id":"34"},{"roleexp":"8000","heroexp":"411500","id":"35"},{"roleexp":"8200","heroexp":"442100","id":"36"},{"roleexp":"8400","heroexp":"474200","id":"37"},{"roleexp":"8600","heroexp":"507800","id":"38"},{"roleexp":"8800","heroexp":"543000","id":"39"},{"roleexp":"9000","heroexp":"579700","id":"40"},{"roleexp":"9200","heroexp":"618100","id":"41"},{"roleexp":"9400","heroexp":"658100","id":"42"},{"roleexp":"9600","heroexp":"699800","id":"43"},{"roleexp":"9800","heroexp":"743200","id":"44"},{"roleexp":"10000","heroexp":"788400","id":"45"},{"roleexp":"10200","heroexp":"835300","id":"46"},{"roleexp":"10400","heroexp":"884100","id":"47"},{"roleexp":"10600","heroexp":"934700","id":"48"},{"roleexp":"10800","heroexp":"987200","id":"49"},{"roleexp":"11000","heroexp":"1041500","id":"50"},{"roleexp":"11200","heroexp":"1097800","id":"51"},{"roleexp":"11400","heroexp":"1156100","id":"52"},{"roleexp":"11600","heroexp":"1216400","id":"53"},{"roleexp":"11800","heroexp":"1278700","id":"54"},{"roleexp":"12000","heroexp":"1343000","id":"55"},{"roleexp":"12200","heroexp":"1409500","id":"56"},{"roleexp":"12400","heroexp":"1478100","id":"57"},{"roleexp":"12600","heroexp":"1548800","id":"58"},{"roleexp":"12800","heroexp":"1621700","id":"59"},{"roleexp":"13000","heroexp":"1696900","id":"60"},{"roleexp":"13200","heroexp":"-1","id":"61"},{"roleexp":"13400","heroexp":"-1","id":"62"},{"roleexp":"13600","heroexp":"-1","id":"63"},{"roleexp":"13800","heroexp":"-1","id":"64"},{"roleexp":"14000","heroexp":"-1","id":"65"},{"roleexp":"14200","heroexp":"-1","id":"66"},{"roleexp":"14400","heroexp":"-1","id":"67"},{"roleexp":"14600","heroexp":"-1","id":"68"},{"roleexp":"14800","heroexp":"-1","id":"69"},{"roleexp":"15000","heroexp":"-1","id":"70"},{"roleexp":"15200","heroexp":"-1","id":"71"},{"roleexp":"15400","heroexp":"-1","id":"72"},{"roleexp":"15600","heroexp":"-1","id":"73"},{"roleexp":"15800","heroexp":"-1","id":"74"},{"roleexp":"16000","heroexp":"-1","id":"75"},{"roleexp":"16200","heroexp":"-1","id":"76"},{"roleexp":"16400","heroexp":"-1","id":"77"},{"roleexp":"16600","heroexp":"-1","id":"78"},{"roleexp":"16800","heroexp":"-1","id":"79"},{"roleexp":"17000","heroexp":"-1","id":"80"},{"roleexp":"玩家经验","heroexp":"英雄经验","id":"-10045"}]