[{"layerzorder":"[[0],[0]]","xypos":"[[0,-3],[0,0]]","remefe":"0","loopani":"0","startani":"[[\"a1\"],[\"a1\"]]","efx_nodes":"[[0]]","room":"[[0.5],[0.5]]","strikesoltnodes":"[[]]","spls":"[[],[],[],[],[]]","layertype":"[[2],[1]]","strikeoe":"[[]]","efx":"[[12],[13]]","sigst":"0","endani":"0","name":"小导弹_小爆炸","delaytimes":"0","id":1,"isdirection":"[[0],[0]]","isfollow":"[[0],[0]]"},{"layerzorder":"[[0],[0]]","xypos":"[[0,-3],[0,0]]","remefe":"0","loopani":"0","startani":"[[\"a1\"],[\"a1\"]]","efx_nodes":"[[0]]","room":"[[0.5],[0.5]]","strikesoltnodes":"[[]]","spls":"[[],[],[],[],[]]","layertype":"[[2],[1]]","strikeoe":"[[]]","efx":"[[18],[19]]","sigst":"0","endani":"0","name":"大导弹_大爆炸","delaytimes":"0","id":2,"isdirection":"[[0],[0]]","isfollow":"[[0],[0]]"},{"layerzorder":"[[0]]","xypos":"[[0,0]]","remefe":"0","loopani":"[[\"a1\"]]","startani":"[]","efx_nodes":"[[1]]","room":"[[1]]","strikesoltnodes":"[[]]","spls":"[[],[],[],[],[]]","layertype":"[[4]]","strikeoe":"[[]]","efx":"[[43]]","sigst":"0","endani":"[]","name":"子弹_火球","delaytimes":"[[0]]","id":3,"isdirection":"[[1]]","isfollow":"[[0]]"},{"layerzorder":"[[0]]","xypos":"[[0,-1]]","remefe":"0","loopani":"0","startani":"[[\"a1\"]]","efx_nodes":"[[0]]","room":"[[0.5]]","strikesoltnodes":"[[]]","spls":"[[],[],[],[],[]]","layertype":"[[2]]","strikeoe":"[[]]","efx":"[[8]]","sigst":"0","endani":"0","name":"地精飞机飞弹1（上路）","delaytimes":"0","id":4,"isdirection":"[[1]]","isfollow":"[[0]]"},{"layerzorder":"[[0]]","xypos":"[[0,-1]]","remefe":"0","loopani":"0","startani":"[[\"a1\"]]","efx_nodes":"[[0]]","room":"[[0.5]]","strikesoltnodes":"[[]]","spls":"[[],[],[],[],[]]","layertype":"[[2]]","strikeoe":"[[]]","efx":"[[11]]","sigst":"0","endani":"0","name":"地精飞机飞弹1（中路）","delaytimes":"0","id":5,"isdirection":"[[1]]","isfollow":"[[0]]"},{"layerzorder":"[[0]]","xypos":"[[0,-1]]","remefe":"0","loopani":"0","startani":"[[\"a1\"]]","efx_nodes":"[[0]]","room":"[[0.5]]","strikesoltnodes":"[[]]","spls":"[[],[],[],[],[]]","layertype":"[[2]]","strikeoe":"[[]]","efx":"[[14]]","sigst":"0","endani":"0","name":"地精飞机飞弹1（下路）","delaytimes":"0","id":6,"isdirection":"[[1]]","isfollow":"[[0]]"},{"layerzorder":"[[0]]","xypos":"[[0,1]]","remefe":"0","loopani":"0","startani":"[[\"a1\"]]","efx_nodes":"[[0]]","room":"[[0.5]]","strikesoltnodes":"[[]]","spls":"[[],[],[],[],[]]","layertype":"[[2]]","strikeoe":"[[]]","efx":"[[50]]","sigst":"0","endani":"0","name":"地精飞机飞弹3","delaytimes":"0","id":7,"isdirection":"[[1]]","isfollow":"[[0]]"},{"layerzorder":"[[0]]","xypos":"[[0,-1]]","remefe":"0","loopani":"0","startani":"[[\"a1\"]]","efx_nodes":"[[0]]","room":"[[0.5]]","strikesoltnodes":"[[]]","spls":"[[],[],[],[],[]]","layertype":"[[2]]","strikeoe":"[[]]","efx":"[[49]]","sigst":"0","endani":"0","name":"陨石","delaytimes":"0","id":8,"isdirection":"[[1]]","isfollow":"[[0]]"},{"layerzorder":"[[0],[0]]","xypos":"[[0,-3],[0,0]]","remefe":"0","loopani":"[]","startani":"[[\"a1\"],[\"a1\"]]","efx_nodes":"[[0]]","room":"[[0.5],[0.5]]","strikesoltnodes":"[[]]","spls":"[[],[],[],[],[]]","layertype":"[[2],[1]]","strikeoe":"[[]]","efx":"[[47],[48]]","sigst":"0","endani":"[]","name":"陨石爆炸","delaytimes":"0","id":9,"isdirection":"[[0],[0]]","isfollow":"[[0],[0]]"},{"layerzorder":"[[0],[0]]","xypos":"[[0,0],[0,0]]","remefe":"0","loopani":"[[\"a1\"],[\"a1\"]]","startani":"[]","efx_nodes":"[[24]]","room":"[[1],[1]]","strikesoltnodes":"[[]]","spls":"[[],[],[],[],[]]","layertype":"[[4],[3]]","strikeoe":"[[]]","efx":"[[51],[52]]","sigst":"0","endani":"[]","name":"冥想1","delaytimes":"","id":10,"isdirection":"[[0],[0]]","isfollow":"[[1],[1]]"},{"layerzorder":"[[0],[0]]","xypos":"[[0,0],[0,0]]","remefe":"0","loopani":"[[\"a2\"],[\"a2\"]]","startani":"[]","efx_nodes":"[[24]]","room":"[[1],[1]]","strikesoltnodes":"[[]]","spls":"[[],[],[],[],[]]","layertype":"[[4],[3]]","strikeoe":"[[]]","efx":"[[51],[52]]","sigst":"0","endani":"[]","name":"冥想2","delaytimes":"","id":11,"isdirection":"[[0],[0]]","isfollow":"[[1],[1]]"},{"layerzorder":"[[0],[0]]","xypos":"[[0,0],[0,0]]","remefe":"0","loopani":"[[\"a3\"],[\"a3\"]]","startani":"[]","efx_nodes":"[[24]]","room":"[[1],[1]]","strikesoltnodes":"[[]]","spls":"[[],[],[],[],[]]","layertype":"[[4],[3]]","strikeoe":"[[]]","efx":"[[51],[52]]","sigst":"0","endani":"[]","name":"冥想3","delaytimes":"","id":12,"isdirection":"[[0],[0]]","isfollow":"[[1],[1]]"},{"layerzorder":"[[0]]","xypos":"[[0,0]]","remefe":"0","loopani":"[[\"a1\"]]","startani":"[]","efx_nodes":"[[27]]","room":"[[0.5]]","strikesoltnodes":"[[]]","spls":"[[],[],[],[],[]]","layertype":"[[3]]","strikeoe":"[[]]","efx":"[[53]]","sigst":"0","endani":"[]","name":"魔法标记","delaytimes":"","id":13,"isdirection":"[[0]]","isfollow":"[[1]]"},{"layerzorder":"[[0]]","xypos":"[[0,0]]","remefe":"0","loopani":"[[\"a1\"]]","startani":"[]","efx_nodes":"[[24]]","room":"[[1]]","strikesoltnodes":"[[]]","spls":"[[],[],[],[],[]]","layertype":"[[3]]","strikeoe":"[[]]","efx":"[[54]]","sigst":"0","endani":"[]","name":"回春术","delaytimes":"[[0]]","id":14,"isdirection":"[[0]]","isfollow":"[[1]]"},{"layerzorder":"[[0]]","xypos":"[[0,0],[0,0]]","remefe":"0","loopani":"[[\"a1\"]]","startani":"[]","efx_nodes":"[[24]]","room":"[[1],[1]]","strikesoltnodes":"[[]]","spls":"[[],[],[],[],[]]","layertype":"[[3]]","strikeoe":"[[]]","efx":"[[55]]","sigst":"0","endani":"[]","name":"回春术_回血","delaytimes":"","id":15,"isdirection":"[[0],[0]]","isfollow":"[[1]]"},{"layerzorder":"[[0]]","xypos":"[[0,0],[0,0]]","remefe":"0","loopani":"[[\"a1\"]]","startani":"[]","efx_nodes":"[[26]]","room":"[[1],[1]]","strikesoltnodes":"[[]]","spls":"[[],[],[],[],[]]","layertype":"[[3]]","strikeoe":"[[]]","efx":"[[55]]","sigst":"0","endani":"[]","name":"随机回血","delaytimes":"","id":16,"isdirection":"[[0],[0]]","isfollow":"[[1]]"},{"layerzorder":"[[0],[0]]","xypos":"[[0,0],[0,0]]","remefe":"0","loopani":"[[\"a1\"],[\"a1\"]]","startani":"[]","efx_nodes":"[[4]]","room":"[[1],[1]]","strikesoltnodes":"[[]]","spls":"[[],[],[],[],[]]","layertype":"[[3],[4]]","strikeoe":"[[]]","efx":"[[56],[57]]","sigst":"0","endani":"[]","name":"浴血","delaytimes":"","id":17,"isdirection":"[[0],[0]]","isfollow":"[[1],[1]]"},{"layerzorder":"[[0]]","xypos":"[[0,0]]","remefe":"0","loopani":"[]","startani":"[[\"a1\"]]","efx_nodes":"[[4]]","room":"[[1]]","strikesoltnodes":"[[]]","spls":"[[],[],[],[],[]]","layertype":"[[3]]","strikeoe":"[[]]","efx":"[[44]]","sigst":"0","endani":"[]","name":"队长buff","delaytimes":"[[0,0],[0,0]]","id":18,"isdirection":"[[0]]","isfollow":"[[1]]"},{"layerzorder":"[[0]]","xypos":"[[0,0]]","remefe":"0","loopani":"[]","startani":"[[\"a1\"]]","efx_nodes":"[[4]]","room":"[[1]]","strikesoltnodes":"[[]]","spls":"[[],[],[],[],[]]","layertype":"[[3]]","strikeoe":"[[]]","efx":"[[44]]","sigst":"0","endani":"[]","name":"队长dbuff","delaytimes":"[[0,0],[0,0]]","id":19,"isdirection":"[[0]]","isfollow":"[[1]]"},{"layerzorder":"[[0]]","xypos":"[[0,0]]","remefe":"0","loopani":"[[\"a1\"]]","startani":"[]","efx_nodes":"[[4]]","room":"[[1]]","strikesoltnodes":"[[]]","spls":"[[],[],[],[],[]]","layertype":"[[4]]","strikeoe":"[[]]","efx":"[[58]]","sigst":"0","endani":"[]","name":"防御","delaytimes":"[[0,0]]","id":20,"isdirection":"[[0]]","isfollow":"[[0]]"},{"layerzorder":"[[0]]","xypos":"[[0]]","remefe":"0","loopani":"[]","startani":"[[\"a1\"]]","efx_nodes":"[[27]]","room":"[[1]]","strikesoltnodes":"[[]]","spls":"[[],[],[],[],[]]","layertype":"[[4]]","strikeoe":"[[]]","efx":"[[141]]","sigst":"0","endani":"[]","name":"燃烧","delaytimes":"[[0,0]]","id":21,"isdirection":"[[0]]","isfollow":"[[0]]"},{"layerzorder":"[[0]]","xypos":"[[0],[0]]","remefe":"0","loopani":"[]","startani":"[[\"a1\"]]","efx_nodes":"[[27]]","room":"[[1],[1]]","strikesoltnodes":"[[]]","spls":"[[],[],[],[],[]]","layertype":"[[3]]","strikeoe":"[[]]","efx":"[[62]]","sigst":"0","endani":"[]","name":"物攻增加","delaytimes":"[[0,0],[0,0]]","id":22,"isdirection":"[[0]]","isfollow":"[[0]]"},{"layerzorder":"[[0]]","xypos":"[[0],[0]]","remefe":"0","loopani":"[]","startani":"[[\"a1\"]]","efx_nodes":"[[27]]","room":"[[1],[1]]","strikesoltnodes":"[[]]","spls":"[[],[],[],[],[]]","layertype":"[[3]]","strikeoe":"[[]]","efx":"[[63]]","sigst":"0","endani":"[]","name":"暴击增加","delaytimes":"[[0,0],[0,0]]","id":23,"isdirection":"[[0]]","isfollow":"[[0]]"},{"layerzorder":"[[0]]","xypos":"[[0,0]]","remefe":"0","loopani":"[]","startani":"[[\"a1\"]]","efx_nodes":"[[0]]","room":"[[2]]","strikesoltnodes":"[[]]","spls":"[[],[],[],[],[]]","layertype":"[[4]]","strikeoe":"[[]]","efx":"[[65]]","sigst":"0","endani":"[]","name":"通用被击--魔法","delaytimes":"0","id":24,"isdirection":"[[0]]","isfollow":"[[1]]"},{"layerzorder":"[[0]]","xypos":"[[0,0]]","remefe":"0","loopani":"[]","startani":"[[\"a1\"]]","efx_nodes":"[[0]]","room":"[[2]]","strikesoltnodes":"[[]]","spls":"[[],[],[],[],[]]","layertype":"[[4]]","strikeoe":"[[]]","efx":"[[66]]","sigst":"0","endani":"[]","name":"通用被击--物理","delaytimes":"0","id":25,"isdirection":"[[0]]","isfollow":"[[1]]"},{"layerzorder":"[[0]]","xypos":"[[0,0]]","remefe":"0","loopani":"[]","startani":"[[\"a1\"]]","efx_nodes":"[[0]]","room":"[[2]]","strikesoltnodes":"[[]]","spls":"[[],[],[],[],[]]","layertype":"[[4]]","strikeoe":"[[]]","efx":"[[67]]","sigst":"0","endani":"[]","name":"特色被击--剑痕","delaytimes":"0","id":26,"isdirection":"[[0]]","isfollow":"[[1]]"},{"layerzorder":"[[0]]","xypos":"[[0,0]]","remefe":"0","loopani":"[]","startani":"[[\"a1\"]]","efx_nodes":"[[0]]","room":"[[2]]","strikesoltnodes":"[[]]","spls":"[[],[],[],[],[]]","layertype":"[[4]]","strikeoe":"[[]]","efx":"[[68]]","sigst":"0","endani":"[]","name":"通用被击--抓痕","delaytimes":"0","id":27,"isdirection":"[[0]]","isfollow":"[[1]]"},{"layerzorder":"[[0]]","xypos":"[[0,0]]","remefe":"0","loopani":"[]","startani":"[[\"a1\"]]","efx_nodes":"[[0]]","room":"[[2]]","strikesoltnodes":"[[]]","spls":"[[],[],[],[],[]]","layertype":"[[4]]","strikeoe":"[[]]","efx":"[[69]]","sigst":"0","endani":"[]","name":"通用被击--火焰","delaytimes":"0","id":28,"isdirection":"[[0]]","isfollow":"[[1]]"},{"layerzorder":"[[0],[0]]","xypos":"[[0,-3],[0,3]]","remefe":"0","loopani":"[]","startani":"[[\"a1\"],[\"a1\"]]","efx_nodes":"[[28]]","room":"[[1],[1]]","strikesoltnodes":"[[]]","spls":"[[],[],[],[],[]]","layertype":"[[2],[2]]","strikeoe":"[[]]","efx":"[[70],[70]]","sigst":"0","endani":"[]","name":"烟尘--落地","delaytimes":"[[0],[0]]","id":29,"isdirection":"[[1],[1]]","isfollow":"[[0]]"},{"layerzorder":"[[0]]","xypos":"[[0,3]]","remefe":"0","loopani":"[]","startani":"[[\"a1\"]]","efx_nodes":"[[28]]","room":"[[1]]","strikesoltnodes":"[[]]","spls":"[[],[],[],[],[]]","layertype":"[[2]]","strikeoe":"[[]]","efx":"[[85]]","sigst":"0","endani":"[]","name":"烟尘--起跳","delaytimes":"[[0]]","id":30,"isdirection":"[[1]]","isfollow":"[[0]]"},{"layerzorder":"[[0]]","xypos":"[[0,0]]","remefe":"0","loopani":"[]","startani":"[[\"a1\"]]","efx_nodes":"[[1]]","room":"[[1]]","strikesoltnodes":"[[]]","spls":"[[],[],[],[],[]]","layertype":"[[4]]","strikeoe":"[[]]","efx":"[[32]]","sigst":"0","endani":"[]","name":"枪火1","delaytimes":"[[0]]","id":31,"isdirection":"[[0]]","isfollow":"[[0]]"},{"layerzorder":"[[0]]","xypos":"[[0,0]]","remefe":"0","loopani":"[]","startani":"[[\"a1\"]]","efx_nodes":"[[1]]","room":"[[4]]","strikesoltnodes":"[[]]","spls":"[[],[],[],[],[]]","layertype":"[[4]]","strikeoe":"[[]]","efx":"[[33]]","sigst":"0","endani":"[]","name":"枪火2","delaytimes":"[[0]]","id":32,"isdirection":"[[0]]","isfollow":"[[0]]"},{"layerzorder":"[[0],[0]]","xypos":"[[0,-40],[0,40]]","remefe":"0","loopani":"[]","startani":"[[\"a1\"],[\"a1\"]]","efx_nodes":"[]","room":"[[0.7],[0.7]]","strikesoltnodes":"[[]]","spls":"[[],[],[],[],[]]","layertype":"[[2],[2]]","strikeoe":"[[]]","efx":"[[75],[76]]","sigst":"0","endani":"[]","name":"疯狂生长_荆棘","delaytimes":"[[0],[0]]","id":33,"isdirection":"[[1],[1]]","isfollow":"[[1],[1]]"},{"layerzorder":"[[0]]","xypos":"[[217,-15]]","remefe":"1","loopani":"[[\"a2\"]]","startani":"[[\"a1\"]]","efx_nodes":"[[27]]","room":"[[0.5]]","strikesoltnodes":"[[]]","spls":"[[],[],[],[],[]]","layertype":"[[2]]","strikeoe":"[[]]","efx":"[[79]]","sigst":"0","endani":"[[\"a3\"]]","name":"圣骑士盾击-圣十字（上）","delaytimes":"[[0]]","id":34,"isdirection":"[[1]]","isfollow":"[[0]]"},{"layerzorder":"[[0]]","xypos":"[[215,-10]]","remefe":"0","loopani":"[]","startani":"[[\"a1\"]]","efx_nodes":"[[2]]","room":"[[0.5]]","strikesoltnodes":"[[]]","spls":"[[],[],[],[],[]]","layertype":"[[2]]","strikeoe":"[[]]","efx":"[[80]]","sigst":"0","endani":"[[\"a2\"]]","name":"圣骑士盾击-圣十字（下）","delaytimes":"[[0]]","id":35,"isdirection":"[[1]]","isfollow":"[[0]]"},{"layerzorder":"[[0]]","xypos":"[[0]]","remefe":"[[0]]","loopani":"[[]]","startani":"[[]]","efx_nodes":"[[0]]","room":"[[1]]","strikesoltnodes":"[[32]]","spls":"[[],[],[],[],[]]","layertype":"[[0]]","strikeoe":"[[37]]","efx":"[[81]]","sigst":"0","endani":"[]","name":"宝箱_宝箱开启","delaytimes":"[[0]]","id":36,"isdirection":"[[0]]","isfollow":"[[0]]"},{"layerzorder":"[[0]]","xypos":"[[0]]","remefe":"[[0]]","loopani":"[]","startani":"[[\"a1\"]]","efx_nodes":"[[0]]","room":"[[1]]","strikesoltnodes":"[[]]","spls":"[[],[],[],[],[]]","layertype":"[[0]]","strikeoe":"[[]]","efx":"[[82]]","sigst":"0","endani":"[]","name":"开启闪光1","delaytimes":"[[0]]","id":37,"isdirection":"[[0]]","isfollow":"[[0]]"},{"layerzorder":"[[0]]","xypos":"[[0]]","remefe":"[[0]]","loopani":"[]","startani":"[[\"a1\"]]","efx_nodes":"[[28]]","room":"[[1]]","strikesoltnodes":"[[]]","spls":"[[],[],[],[],[]]","layertype":"[[2]]","strikeoe":"[[]]","efx":"[[85]]","sigst":"0","endani":"[]","name":"起跳烟尘1","delaytimes":"[[0]]","id":38,"isdirection":"[[1]]","isfollow":"[[0]]"},{"layerzorder":"[[0]]","xypos":"[[0,-3]]","remefe":"[[0]]","loopani":"[]","startani":"[[\"a1\"]]","efx_nodes":"[[31]]","room":"[[1]]","strikesoltnodes":"[[]]","spls":"[[],[],[],[],[]]","layertype":"[[2]]","strikeoe":"[[]]","efx":"[[84]]","sigst":"0","endani":"[]","name":"滑步烟尘","delaytimes":"[[0]]","id":39,"isdirection":"[[1]]","isfollow":"[[0]]"},{"layerzorder":"[[0],[0]]","xypos":"[[0,3],[0,-3]]","remefe":"[[0]]","loopani":"[]","startani":"[[\"a1\"],[\"a1\"]]","efx_nodes":"[[29]]","room":"[[1],[1]]","strikesoltnodes":"[[]]","spls":"[[],[],[],[],[]]","layertype":"[[2],[2]]","strikeoe":"[[]]","efx":"[[86],[87]]","sigst":"0","endani":"[]","name":"跑步烟尘","delaytimes":"[[0]]","id":40,"isdirection":"[[1],[1]]","isfollow":"[[0],[0]]"},{"layerzorder":"[[0],[0]]","xypos":"[[0,3],[0,-3]]","remefe":"[[0]]","loopani":"[]","startani":"[[\"a1\"],[\"a1\"]]","efx_nodes":"[[30]]","room":"[[1],[1]]","strikesoltnodes":"[[]]","spls":"[[],[],[],[],[]]","layertype":"[[2],[2]]","strikeoe":"[[]]","efx":"[[86],[87]]","sigst":"0","endani":"[]","name":"跑步烟尘","delaytimes":"[[0]]","id":41,"isdirection":"[[1],[1]]","isfollow":"[[0],[0]]"},{"layerzorder":"[[0]]","xypos":"[[0,-3]]","remefe":"[[0]]","loopani":"[]","startani":"[[\"a1\"]]","efx_nodes":"[[0]]","room":"[[0.5]]","strikesoltnodes":"[[]]","spls":"[[],[],[],[],[]]","layertype":"[[2]]","strikeoe":"[[]]","efx":"[[23]]","sigst":"0","endani":"[]","name":"火枪手攻击--抛壳(平攻)","delaytimes":"[[0]]","id":42,"isdirection":"[[1]]","isfollow":"[[0]]"},{"layerzorder":"[[0]]","xypos":"[[0,-3]]","remefe":"[[0]]","loopani":"[]","startani":"[[\"a1\"]]","efx_nodes":"[[0]]","room":"[[0.5]]","strikesoltnodes":"[[]]","spls":"[[],[],[],[],[]]","layertype":"[[2]]","strikeoe":"[[]]","efx":"[[24]]","sigst":"0","endani":"[]","name":"火枪手攻击--抛壳(暴击)","delaytimes":"[[0]]","id":43,"isdirection":"[[1]]","isfollow":"[[0]]"},{"layerzorder":"[[0]]","xypos":"[[0,-3]]","remefe":"[[0]]","loopani":"[]","startani":"[[\"a1\"]]","efx_nodes":"[[0]]","room":"[[0.5]]","strikesoltnodes":"[[]]","spls":"[[],[],[],[],[]]","layertype":"[[2]]","strikeoe":"[[]]","efx":"[[25]]","sigst":"0","endani":"[]","name":"火枪手攻击--抛壳(最后一击)","delaytimes":"[[0]]","id":44,"isdirection":"[[1]]","isfollow":"[[0]]"},{"layerzorder":"[[0]]","xypos":"[[0,2]]","remefe":"[[0]]","loopani":"[]","startani":"[[\"a1\"]]","efx_nodes":"[[0]]","room":"[[0.5]]","strikesoltnodes":"[[]]","spls":"[[],[],[],[],[]]","layertype":"[[2]]","strikeoe":"[[]]","efx":"[[22]]","sigst":"0","endani":"[]","name":"狼人攻击刀光1","delaytimes":"[[0]]","id":45,"isdirection":"[[1]]","isfollow":"[[0]]"},{"layerzorder":"[[0]]","xypos":"[[0,2]]","remefe":"[[0]]","loopani":"[]","startani":"[[\"a1\"]]","efx_nodes":"[[0]]","room":"[[0.5]]","strikesoltnodes":"[[]]","spls":"[[],[],[],[],[]]","layertype":"[[2]]","strikeoe":"[[]]","efx":"[[26]]","sigst":"0","endani":"[]","name":"狼人攻击刀光2","delaytimes":"[[0]]","id":46,"isdirection":"[[1]]","isfollow":"[[0]]"},{"layerzorder":"[[0]]","xypos":"[[0,2]]","remefe":"[[0]]","loopani":"[]","startani":"[[\"a1\"]]","efx_nodes":"[[0]]","room":"[[0.5]]","strikesoltnodes":"[[]]","spls":"[[],[],[],[],[]]","layertype":"[[2]]","strikeoe":"[[]]","efx":"[[26]]","sigst":"0","endani":"[]","name":"狼人攻击刀光3","delaytimes":"[[0]]","id":47,"isdirection":"[[1]]","isfollow":"[[0]]"},{"layerzorder":"[[0]]","xypos":"[[0,2]]","remefe":"[[0]]","loopani":"[]","startani":"[[\"a1\"]]","efx_nodes":"[[0]]","room":"[[0.5]]","strikesoltnodes":"[[]]","spls":"[[],[],[],[],[]]","layertype":"[[2]]","strikeoe":"[[]]","efx":"[[27]]","sigst":"0","endani":"[]","name":"狼人攻击刀光4","delaytimes":"[[0]]","id":48,"isdirection":"[[1]]","isfollow":"[[0]]"},{"layerzorder":"[[0]]","xypos":"[[0,2]]","remefe":"[[0]]","loopani":"[]","startani":"[[\"a1\"]]","efx_nodes":"[[0]]","room":"[[0.5]]","strikesoltnodes":"[[]]","spls":"[[],[],[],[],[]]","layertype":"[[2]]","strikeoe":"[[]]","efx":"[[29]]","sigst":"0","endani":"[]","name":"狼人攻击刀光5","delaytimes":"[[0]]","id":49,"isdirection":"[[1]]","isfollow":"[[0]]"},{"layerzorder":"[[0]]","xypos":"[[0,2]]","remefe":"[[0]]","loopani":"[]","startani":"[[\"a1\"]]","efx_nodes":"[[0]]","room":"[[0.5]]","strikesoltnodes":"[[]]","spls":"[[],[],[],[],[]]","layertype":"[[2]]","strikeoe":"[[]]","efx":"[[28]]","sigst":"0","endani":"[]","name":"狼人攻击刀光6","delaytimes":"[[0]]","id":50,"isdirection":"[[1]]","isfollow":"[[0]]"},{"layerzorder":"[[0]]","xypos":"[[0,2]]","remefe":"[[0]]","loopani":"[]","startani":"[[\"a1\"]]","efx_nodes":"[[0]]","room":"[[0.5]]","strikesoltnodes":"[[]]","spls":"[[],[],[],[],[]]","layertype":"[[2]]","strikeoe":"[[]]","efx":"[[30]]","sigst":"0","endani":"[]","name":"狼人攻击刀光7","delaytimes":"[[0]]","id":51,"isdirection":"[[1]]","isfollow":"[[0]]"},{"layerzorder":"[[0]]","xypos":"[[0,2]]","remefe":"[[0]]","loopani":"[]","startani":"[[\"a1\"]]","efx_nodes":"[[0]]","room":"[[0.5]]","strikesoltnodes":"[[]]","spls":"[[],[],[],[],[]]","layertype":"[[2]]","strikeoe":"[[]]","efx":"[[31]]","sigst":"0","endani":"[]","name":"狼人攻击刀光8","delaytimes":"[[0]]","id":52,"isdirection":"[[1]]","isfollow":"[[0]]"},{"layerzorder":"[[0]]","xypos":"[[0,0]]","remefe":"[[0]]","loopani":"[]","startani":"[[\"a1\"]]","efx_nodes":"[[0]]","room":"[[1]]","strikesoltnodes":"[[]]","spls":"[[],[],[],[],[]]","layertype":"[[2]]","strikeoe":"[[]]","efx":"[[20]]","sigst":"0","endani":"[]","name":"狼人--音波--一次(上)","delaytimes":"[[0]]","id":53,"isdirection":"[[1]]","isfollow":"[[1]]"},{"layerzorder":"[[0]]","xypos":"[[0,2]]","remefe":"[[0]]","loopani":"[]","startani":"[[\"a1\"]]","efx_nodes":"[[0]]","room":"[[0.5]]","strikesoltnodes":"[[]]","spls":"[[],[],[],[],[]]","layertype":"[[2]]","strikeoe":"[[]]","efx":"[[1]]","sigst":"0","endani":"[]","name":"王国士兵攻击刀光1","delaytimes":"[[0]]","id":54,"isdirection":"[[1]]","isfollow":"[[0]]"},{"layerzorder":"[[0]]","xypos":"[[0,2]]","remefe":"[[0]]","loopani":"[]","startani":"[[\"a1\"]]","efx_nodes":"[[0]]","room":"[[0.5]]","strikesoltnodes":"[[]]","spls":"[[],[],[],[],[]]","layertype":"[[2]]","strikeoe":"[[]]","efx":"[[2]]","sigst":"0","endani":"[]","name":"王国士兵攻击刀光2","delaytimes":"[[0]]","id":55,"isdirection":"[[1]]","isfollow":"[[0]]"},{"layerzorder":"[[0]]","xypos":"[[0,2]]","remefe":"[[0]]","loopani":"[]","startani":"[[\"a1\"]]","efx_nodes":"[[0]]","room":"[[0.5]]","strikesoltnodes":"[[]]","spls":"[[],[],[],[],[]]","layertype":"[[2]]","strikeoe":"[[]]","efx":"[[3]]","sigst":"0","endani":"[]","name":"王国士兵攻击刀光3","delaytimes":"[[0]]","id":56,"isdirection":"[[1]]","isfollow":"[[0]]"},{"layerzorder":"[[0]]","xypos":"[[0,2]]","remefe":"[[0]]","loopani":"[]","startani":"[[\"a1\"]]","efx_nodes":"[[0]]","room":"[[0.5]]","strikesoltnodes":"[[]]","spls":"[[],[],[],[],[]]","layertype":"[[2]]","strikeoe":"[[]]","efx":"[[4]]","sigst":"0","endani":"[]","name":"王国士兵攻击刀光4","delaytimes":"[[0]]","id":57,"isdirection":"[[1]]","isfollow":"[[0]]"},{"layerzorder":"[[0]]","xypos":"[[0,2]]","remefe":"[[0]]","loopani":"[]","startani":"[[\"a1\"]]","efx_nodes":"[[0]]","room":"[[0.5]]","strikesoltnodes":"[[]]","spls":"[[],[],[],[],[]]","layertype":"[[2]]","strikeoe":"[[]]","efx":"[[5]]","sigst":"0","endani":"[]","name":"王国士兵攻击刀光5","delaytimes":"[[0]]","id":58,"isdirection":"[[1]]","isfollow":"[[0]]"},{"layerzorder":"[[0]]","xypos":"[[0,2]]","remefe":"[[0]]","loopani":"[]","startani":"[[\"a1\"]]","efx_nodes":"[[0]]","room":"[[0.5]]","strikesoltnodes":"[[]]","spls":"[[],[],[],[],[]]","layertype":"[[2]]","strikeoe":"[[]]","efx":"[[6]]","sigst":"0","endani":"[]","name":"王国士兵攻击刀光6","delaytimes":"[[0]]","id":59,"isdirection":"[[1]]","isfollow":"[[0]]"},{"layerzorder":"[[0]]","xypos":"[[0,2]]","remefe":"[[0]]","loopani":"[]","startani":"[[\"a1\"]]","efx_nodes":"[[0]]","room":"[[0.5]]","strikesoltnodes":"[[]]","spls":"[[],[],[],[],[]]","layertype":"[[2]]","strikeoe":"[[]]","efx":"[[7]]","sigst":"0","endani":"[]","name":"王国士兵攻击刀光7","delaytimes":"[[0]]","id":60,"isdirection":"[[1]]","isfollow":"[[0]]"},{"layerzorder":"[[0]]","xypos":"[[0,2]]","remefe":"[[0]]","loopani":"[]","startani":"[[\"a1\"]]","efx_nodes":"[[0]]","room":"[[0.5]]","strikesoltnodes":"[[]]","spls":"[[],[],[],[],[]]","layertype":"[[2]]","strikeoe":"[[]]","efx":"[[88]]","sigst":"0","endani":"[]","name":"圣骑士刀光1","delaytimes":"[[0]]","id":61,"isdirection":"[[1]]","isfollow":"[[0]]"},{"layerzorder":"[[0]]","xypos":"[[0,2]]","remefe":"[[0]]","loopani":"[]","startani":"[[\"a1\"]]","efx_nodes":"[[0]]","room":"[[0.5]]","strikesoltnodes":"[[]]","spls":"[[],[],[],[],[]]","layertype":"[[2]]","strikeoe":"[[]]","efx":"[[89]]","sigst":"0","endani":"[]","name":"圣骑士刀光2","delaytimes":"[[0]]","id":62,"isdirection":"[[1]]","isfollow":"[[0]]"},{"layerzorder":"[[0]]","xypos":"[[0,2]]","remefe":"[[0]]","loopani":"[]","startani":"[[\"a1\"]]","efx_nodes":"[[0]]","room":"[[0.5]]","strikesoltnodes":"[[]]","spls":"[[],[],[],[],[]]","layertype":"[[2]]","strikeoe":"[[]]","efx":"[[90]]","sigst":"0","endani":"[]","name":"圣骑士刀光3","delaytimes":"[[0]]","id":63,"isdirection":"[[1]]","isfollow":"[[0]]"},{"layerzorder":"[[0]]","xypos":"[[0,0]]","remefe":"[[0]]","loopani":"[]","startani":"[[\"a1\"]]","efx_nodes":"[[27]]","room":"[[1]]","strikesoltnodes":"[[]]","spls":"[[],[],[],[],[]]","layertype":"[[3]]","strikeoe":"[[]]","efx":"[[100]]","sigst":"0","endani":"[]","name":"物攻增加","delaytimes":"[[0]]","id":64,"isdirection":"[[1]]","isfollow":"[[1]]"},{"layerzorder":"[[0]]","xypos":"[[0,0]]","remefe":"[[0]]","loopani":"[]","startani":"[[\"a1\"]]","efx_nodes":"[[27]]","room":"[[1]]","strikesoltnodes":"[[]]","spls":"[[],[],[],[],[]]","layertype":"[[3]]","strikeoe":"[[]]","efx":"[[101]]","sigst":"0","endani":"[]","name":"物攻降低","delaytimes":"[[0]]","id":65,"isdirection":"[[1]]","isfollow":"[[1]]"},{"layerzorder":"[[0]]","xypos":"[[0,0]]","remefe":"[[0]]","loopani":"[]","startani":"[[\"a1\"]]","efx_nodes":"[[27]]","room":"[[1]]","strikesoltnodes":"[[]]","spls":"[[],[],[],[],[]]","layertype":"[[3]]","strikeoe":"[[]]","efx":"[[102]]","sigst":"0","endani":"[]","name":"魔攻增加","delaytimes":"[[0]]","id":66,"isdirection":"[[1]]","isfollow":"[[1]]"},{"layerzorder":"[[0]]","xypos":"[[0,0]]","remefe":"[[0]]","loopani":"[]","startani":"[[\"a1\"]]","efx_nodes":"[[27]]","room":"[[1]]","strikesoltnodes":"[[]]","spls":"[[],[],[],[],[]]","layertype":"[[3]]","strikeoe":"[[]]","efx":"[[103]]","sigst":"0","endani":"[]","name":"魔攻降低","delaytimes":"[[0]]","id":67,"isdirection":"[[1]]","isfollow":"[[1]]"},{"layerzorder":"[[0]]","xypos":"[[0,0]]","remefe":"[[0]]","loopani":"[]","startani":"[[\"a1\"]]","efx_nodes":"[[27]]","room":"[[1]]","strikesoltnodes":"[[]]","spls":"[[],[],[],[],[]]","layertype":"[[3]]","strikeoe":"[[]]","efx":"[[104]]","sigst":"0","endani":"[]","name":"暴击伤害增加","delaytimes":"[[0]]","id":68,"isdirection":"[[1]]","isfollow":"[[1]]"},{"layerzorder":"[[0]]","xypos":"[[0,0]]","remefe":"[[0]]","loopani":"[]","startani":"[[\"a1\"]]","efx_nodes":"[[27]]","room":"[[1]]","strikesoltnodes":"[[]]","spls":"[[],[],[],[],[]]","layertype":"[[3]]","strikeoe":"[[]]","efx":"[[105]]","sigst":"0","endani":"[]","name":"暴击伤害降低","delaytimes":"[[0]]","id":69,"isdirection":"[[1]]","isfollow":"[[1]]"},{"layerzorder":"[[0]]","xypos":"[[0,0]]","remefe":"[[0]]","loopani":"[]","startani":"[[\"a1\"]]","efx_nodes":"[[27]]","room":"[[1]]","strikesoltnodes":"[[]]","spls":"[[],[],[],[],[]]","layertype":"[[3]]","strikeoe":"[[]]","efx":"[[106]]","sigst":"0","endani":"[]","name":"暴击率增加","delaytimes":"[[0]]","id":70,"isdirection":"[[1]]","isfollow":"[[1]]"},{"layerzorder":"[[0]]","xypos":"[[0,0]]","remefe":"[[0]]","loopani":"[]","startani":"[[\"a1\"]]","efx_nodes":"[[27]]","room":"[[1]]","strikesoltnodes":"[[]]","spls":"[[],[],[],[],[]]","layertype":"[[3]]","strikeoe":"[[]]","efx":"[[107]]","sigst":"0","endani":"[]","name":"暴击率降低","delaytimes":"[[0]]","id":71,"isdirection":"[[1]]","isfollow":"[[1]]"},{"layerzorder":"[[0]]","xypos":"[[0,0]]","remefe":"[[0]]","loopani":"[]","startani":"[[\"a1\"]]","efx_nodes":"[[27]]","room":"[[1]]","strikesoltnodes":"[[]]","spls":"[[],[],[],[],[]]","layertype":"[[3]]","strikeoe":"[[]]","efx":"[[108]]","sigst":"0","endani":"[]","name":"物防增加","delaytimes":"[[0]]","id":72,"isdirection":"[[1]]","isfollow":"[[1]]"},{"layerzorder":"[[0]]","xypos":"[[0,0]]","remefe":"[[0]]","loopani":"[]","startani":"[[\"a1\"]]","efx_nodes":"[[27]]","room":"[[1]]","strikesoltnodes":"[[]]","spls":"[[],[],[],[],[]]","layertype":"[[3]]","strikeoe":"[[]]","efx":"[[109]]","sigst":"0","endani":"[]","name":"物防降低","delaytimes":"[[0]]","id":73,"isdirection":"[[1]]","isfollow":"[[1]]"},{"layerzorder":"[[0]]","xypos":"[[0,0]]","remefe":"[[0]]","loopani":"[]","startani":"[[\"a1\"]]","efx_nodes":"[[27]]","room":"[[1]]","strikesoltnodes":"[[]]","spls":"[[],[],[],[],[]]","layertype":"[[3]]","strikeoe":"[[]]","efx":"[[110]]","sigst":"0","endani":"[]","name":"魔防增加","delaytimes":"[[0]]","id":74,"isdirection":"[[1]]","isfollow":"[[1]]"},{"layerzorder":"[[0]]","xypos":"[[0,0]]","remefe":"[[0]]","loopani":"[]","startani":"[[\"a1\"]]","efx_nodes":"[[27]]","room":"[[1]]","strikesoltnodes":"[[]]","spls":"[[],[],[],[],[]]","layertype":"[[3]]","strikeoe":"[[]]","efx":"[[111]]","sigst":"0","endani":"[]","name":"魔防降低","delaytimes":"[[0]]","id":75,"isdirection":"[[1]]","isfollow":"[[1]]"},{"layerzorder":"[[0]]","xypos":"[[0,0]]","remefe":"[[0]]","loopani":"[]","startani":"[[\"a1\"]]","efx_nodes":"[[27]]","room":"[[1]]","strikesoltnodes":"[[]]","spls":"[[],[],[],[],[]]","layertype":"[[3]]","strikeoe":"[[]]","efx":"[[112]]","sigst":"0","endani":"[]","name":"行动力值增加","delaytimes":"[[0]]","id":76,"isdirection":"[[1]]","isfollow":"[[1]]"},{"layerzorder":"[[0]]","xypos":"[[0,0]]","remefe":"[[0]]","loopani":"[]","startani":"[[\"a1\"]]","efx_nodes":"[[27]]","room":"[[1]]","strikesoltnodes":"[[]]","spls":"[[],[],[],[],[]]","layertype":"[[3]]","strikeoe":"[[]]","efx":"[[113]]","sigst":"0","endani":"[]","name":"行动力值降低","delaytimes":"[[0]]","id":77,"isdirection":"[[1]]","isfollow":"[[1]]"},{"layerzorder":"[[0]]","xypos":"[[0,0]]","remefe":"[[0]]","loopani":"[]","startani":"[[\"a1\"]]","efx_nodes":"[[27]]","room":"[[1]]","strikesoltnodes":"[[]]","spls":"[[],[],[],[],[]]","layertype":"[[3]]","strikeoe":"[[]]","efx":"[[114]]","sigst":"0","endani":"[]","name":"行动速度增加","delaytimes":"[[0]]","id":78,"isdirection":"[[1]]","isfollow":"[[1]]"},{"layerzorder":"[[0]]","xypos":"[[0,0]]","remefe":"[[0]]","loopani":"[]","startani":"[[\"a1\"]]","efx_nodes":"[[27]]","room":"[[1]]","strikesoltnodes":"[[]]","spls":"[[],[],[],[],[]]","layertype":"[[3]]","strikeoe":"[[]]","efx":"[[115]]","sigst":"0","endani":"[]","name":"行动速度降低","delaytimes":"[[0]]","id":79,"isdirection":"[[1]]","isfollow":"[[1]]"},{"layerzorder":"[[0]]","xypos":"[[0,0]]","remefe":"[[0]]","loopani":"[]","startani":"[[\"a1\"]]","efx_nodes":"[[27]]","room":"[[1]]","strikesoltnodes":"[[]]","spls":"[[],[],[],[],[]]","layertype":"[[3]]","strikeoe":"[[]]","efx":"[[116]]","sigst":"0","endani":"[]","name":"治疗效果增加","delaytimes":"[[0]]","id":80,"isdirection":"[[1]]","isfollow":"[[1]]"},{"layerzorder":"[[0]]","xypos":"[[0,0]]","remefe":"[[0]]","loopani":"[]","startani":"[[\"a1\"]]","efx_nodes":"[[27]]","room":"[[1]]","strikesoltnodes":"[[]]","spls":"[[],[],[],[],[]]","layertype":"[[3]]","strikeoe":"[[]]","efx":"[[117]]","sigst":"0","endani":"[]","name":"治疗效果降低","delaytimes":"[[0]]","id":81,"isdirection":"[[1]]","isfollow":"[[1]]"},{"layerzorder":"[[0]]","xypos":"[[0,0]]","remefe":"[[0]]","loopani":"[]","startani":"[[\"a1\"]]","efx_nodes":"[[27]]","room":"[[1]]","strikesoltnodes":"[[]]","spls":"[[],[],[],[],[]]","layertype":"[[3]]","strikeoe":"[[]]","efx":"[[9]]","sigst":"0","endani":"[]","name":"眩晕","delaytimes":"[[0]]","id":82,"isdirection":"[[1]]","isfollow":"[[1]]"},{"layerzorder":"[[0]]","xypos":"[[0,2]]","remefe":"[[0]]","loopani":"[]","startani":"[[\"a1\"]]","efx_nodes":"[[0]]","room":"[[0.5]]","strikesoltnodes":"[[]]","spls":"[[],[],[],[],[]]","layertype":"[[2]]","strikeoe":"[[]]","efx":"[[17]]","sigst":"0","endani":"[]","name":"地精飞机飞弹3_发射","delaytimes":"[[0]]","id":83,"isdirection":"[[1]]","isfollow":"[[0]]"},{"layerzorder":"[[0]]","xypos":"[[0,1],[0,-1],[0,0]]","remefe":"[[0]]","loopani":"[]","startani":"[]","efx_nodes":"[[0]]","room":"[[1]]","strikesoltnodes":"[[]]","spls":"[[],[],[],[],[]]","layertype":"[[2],[2],[1]]","strikeoe":"[[]]","efx":"[[91],[92],[93]]","sigst":"0","endani":"[]","name":"刷棋子光效","delaytimes":"[[0]]","id":84,"isdirection":"[[1]]","isfollow":"[[0]]"},{"layerzorder":"[[0]]","xypos":"[[0,0]]","remefe":"[[0]]","loopani":"[]","startani":"[[\"a1\"]]","efx_nodes":"[[27]]","room":"[[1]]","strikesoltnodes":"[[]]","spls":"[[],[],[],[],[]]","layertype":"[[3]]","strikeoe":"[[]]","efx":"[[94]]","sigst":"0","endani":"[]","name":"圣光回血（上）","delaytimes":"[[0]]","id":85,"isdirection":"[[1]]","isfollow":"[[0]]"},{"layerzorder":"[[0]]","xypos":"[[0,1],[0,-1],[0,0]]","remefe":"[[0],[0],[0]]","loopani":"[]","startani":"[[\"a1\"],[\"a1\"],[\"a1\"]]","efx_nodes":"[[2],[2],[2]]","room":"[[1],[1],[1]]","strikesoltnodes":"[[0],[0],[0]]","spls":"[[],[],[],[],[]]","layertype":"[[3],[3],[4]]","strikeoe":"[[0],[0],[0]]","efx":"[[95],[96],[97]]","sigst":"0","endani":"[]","name":"圣光回血（下）","delaytimes":"[[0]]","id":86,"isdirection":"[[1],[1],[1]]","isfollow":"[[0],[0],[0]]"},{"layerzorder":"[[0]]","xypos":"[[0,0]]","remefe":"[[0]]","loopani":"[]","startani":"[[\"a1\"]]","efx_nodes":"[[0]]","room":"[[2]]","strikesoltnodes":"[[]]","spls":"[[],[],[],[],[]]","layertype":"[[3]]","strikeoe":"[[]]","efx":"[[98]]","sigst":"0","endani":"[]","name":"通用被击--圣光","delaytimes":"[[0]]","id":87,"isdirection":"[[0]]","isfollow":"[[1]]"},{"layerzorder":"[[0]]","xypos":"[[0,-1]]","remefe":"[[0]]","loopani":"[]","startani":"[[\"a1\"]]","efx_nodes":"[[2]]","room":"[[0.5]]","strikesoltnodes":"[[0]]","spls":"[[],[],[],[],[]]","layertype":"[[2]]","strikeoe":"[[0]]","efx":"[[118]]","sigst":"0","endani":"[]","name":"毒液曲线子弹1","delaytimes":"[[0]]","id":88,"isdirection":"[[1]]","isfollow":"[[0]]"},{"layerzorder":"[[0]]","xypos":"[[0,0]]","remefe":"[[0]]","loopani":"[]","startani":"[[\"a1\"]]","efx_nodes":"[[2]]","room":"[[2]]","strikesoltnodes":"[[0]]","spls":"[[],[],[],[],[]]","layertype":"[[3]]","strikeoe":"[[0]]","efx":"[[119]]","sigst":"0","endani":"[]","name":"通用被击--毒液","delaytimes":"[[0]]","id":89,"isdirection":"[[1]]","isfollow":"[[0]]"},{"layerzorder":"[[0]]","xypos":"[[0,0]]","remefe":"[[0]]","loopani":"[]","startani":"[[\"a1\"]]","efx_nodes":"[[2]]","room":"[[2]]","strikesoltnodes":"[[0]]","spls":"[[],[],[],[],[]]","layertype":"[[3]]","strikeoe":"[[0]]","efx":"[[120]]","sigst":"0","endani":"[]","name":"特色被击--毒液","delaytimes":"[[0]]","id":90,"isdirection":"[[1]]","isfollow":"[[0]]"},{"layerzorder":"[[0]]","xypos":"[[0,0]]","remefe":"[[0]]","loopani":"[]","startani":"[[\"a1\"]]","efx_nodes":"[[27]]","room":"[[1]]","strikesoltnodes":"[[0]]","spls":"[[],[],[],[],[]]","layertype":"[[3]]","strikeoe":"[[0]]","efx":"[[121]]","sigst":"0","endani":"[]","name":"寄生之种","delaytimes":"[[0]]","id":91,"isdirection":"[[1]]","isfollow":"[[1]]"},{"layerzorder":"[[0]]","xypos":"[[0,0],[0,0]]","remefe":"[[0],[0]]","loopani":"[]","startani":"[[\"a1\"],[\"a1\"]]","efx_nodes":"[[27],[2]]","room":"[[1],[1]]","strikesoltnodes":"[[0],[0]]","spls":"[[],[],[],[],[]]","layertype":"[[3],[3]]","strikeoe":"[[0,0]]","efx":"[[101],[123]]","sigst":"0","endani":"[]","name":"圣女光--胜利旗帜(敌方)","delaytimes":"[[0],[0]]","id":92,"isdirection":"[[1],[1]]","isfollow":"[[1],[1]]"},{"layerzorder":"[[0]]","xypos":"[[0,0],[0,0]]","remefe":"[[0],[0]]","loopani":"[]","startani":"[[\"a1\"],[\"a1\"]]","efx_nodes":"[[27],[2]]","room":"[[1],[1]]","strikesoltnodes":"[[0],[0]]","spls":"[[],[],[],[],[]]","layertype":"[[3],[3]]","strikeoe":"[[0,0]]","efx":"[[100],[122]]","sigst":"0","endani":"[]","name":"圣女光--胜利旗帜(己方)","delaytimes":"[[0],[0]]","id":93,"isdirection":"[[1],[1]]","isfollow":"[[1],[1]]"},{"layerzorder":"[[0]]","xypos":"[[0,2]]","remefe":"[[0]]","loopani":"[]","startani":"[[\"a1\"]]","efx_nodes":"[]","room":"[[0.5]]","strikesoltnodes":"[[]]","spls":"[[],[],[],[],[]]","layertype":"[[2]]","strikeoe":"[[]]","efx":"[[124]]","sigst":"0","endani":"[]","name":"莱比斯士兵_剑盾_刀光1","delaytimes":"[[0]]","id":94,"isdirection":"[[1]]","isfollow":"[[0]]"},{"layerzorder":"[[0]]","xypos":"[[0,2]]","remefe":"[[0]]","loopani":"[]","startani":"[[\"a1\"]]","efx_nodes":"[]","room":"[[0.5]]","strikesoltnodes":"[[]]","spls":"[[],[],[],[],[]]","layertype":"[[2]]","strikeoe":"[[]]","efx":"[[125]]","sigst":"0","endani":"[]","name":"莱比斯士兵_剑盾_刀光2","delaytimes":"[[0]]","id":95,"isdirection":"[[1]]","isfollow":"[[0]]"},{"layerzorder":"[[0]]","xypos":"[[0,2]]","remefe":"[[0]]","loopani":"[]","startani":"[[\"a1\"]]","efx_nodes":"[]","room":"[[0.5]]","strikesoltnodes":"[[]]","spls":"[[],[],[],[],[]]","layertype":"[[2]]","strikeoe":"[[]]","efx":"[[126]]","sigst":"0","endani":"[]","name":"莱比斯士兵_剑盾_刀光3","delaytimes":"[[0]]","id":96,"isdirection":"[[1]]","isfollow":"[[0]]"},{"layerzorder":"[[0]]","xypos":"[[0,2]]","remefe":"[[0]]","loopani":"[]","startani":"[[\"a1\"]]","efx_nodes":"[]","room":"[[0.5]]","strikesoltnodes":"[[]]","spls":"[[],[],[],[],[]]","layertype":"[[2]]","strikeoe":"[[]]","efx":"[[127]]","sigst":"0","endani":"[]","name":"莱比斯士兵_巨斧_刀光1","delaytimes":"[[0]]","id":97,"isdirection":"[[1]]","isfollow":"[[0]]"},{"layerzorder":"[[0]]","xypos":"[[0,2]]","remefe":"[[0]]","loopani":"[]","startani":"[[\"a1\"]]","efx_nodes":"[]","room":"[[0.5]]","strikesoltnodes":"[[]]","spls":"[[],[],[],[],[]]","layertype":"[[2]]","strikeoe":"[[]]","efx":"[[128]]","sigst":"0","endani":"[]","name":"莱比斯士兵_巨斧_刀光2","delaytimes":"[[0]]","id":98,"isdirection":"[[1]]","isfollow":"[[0]]"},{"layerzorder":"[[0]]","xypos":"[[0,2]]","remefe":"[[0]]","loopani":"[]","startani":"[[\"a1\"]]","efx_nodes":"[]","room":"[[0.5]]","strikesoltnodes":"[[]]","spls":"[[],[],[],[],[]]","layertype":"[[2]]","strikeoe":"[[]]","efx":"[[129]]","sigst":"0","endani":"[]","name":"莱比斯士兵_巨斧_刀光3","delaytimes":"[[0]]","id":99,"isdirection":"[[1]]","isfollow":"[[0]]"},{"layerzorder":"[[0]]","xypos":"[[0,2]]","remefe":"[[0]]","loopani":"[]","startani":"[[\"a1\"]]","efx_nodes":"[]","room":"[[0.5]]","strikesoltnodes":"[[]]","spls":"[[],[],[],[],[]]","layertype":"[[2]]","strikeoe":"[[]]","efx":"[[130]]","sigst":"0","endani":"[]","name":"莱比斯士兵_巨斧_刀光4","delaytimes":"[[0]]","id":100,"isdirection":"[[1]]","isfollow":"[[0]]"},{"layerzorder":"[[0]]","xypos":"[[0,2]]","remefe":"[[0]]","loopani":"[]","startani":"[[\"a1\"]]","efx_nodes":"[]","room":"[[0.5]]","strikesoltnodes":"[[]]","spls":"[[],[],[],[],[]]","layertype":"[[2]]","strikeoe":"[[]]","efx":"[[131]]","sigst":"0","endani":"[]","name":"骷髅_剑盾_刀光1","delaytimes":"[[0]]","id":101,"isdirection":"[[1]]","isfollow":"[[0]]"},{"layerzorder":"[[0]]","xypos":"[[0,2]]","remefe":"[[0]]","loopani":"[]","startani":"[[\"a1\"]]","efx_nodes":"[]","room":"[[0.5]]","strikesoltnodes":"[[]]","spls":"[[],[],[],[],[]]","layertype":"[[2]]","strikeoe":"[[]]","efx":"[[132]]","sigst":"0","endani":"[]","name":"骷髅_剑盾_刀光2","delaytimes":"[[0]]","id":102,"isdirection":"[[1]]","isfollow":"[[0]]"},{"layerzorder":"[[0]]","xypos":"[[0,2]]","remefe":"[[0]]","loopani":"[]","startani":"[[\"a1\"]]","efx_nodes":"[]","room":"[[0.5]]","strikesoltnodes":"[[]]","spls":"[[],[],[],[],[]]","layertype":"[[2]]","strikeoe":"[[]]","efx":"[[133]]","sigst":"0","endani":"[]","name":"骷髅_剑盾_刀光3","delaytimes":"[[0]]","id":103,"isdirection":"[[1]]","isfollow":"[[0]]"},{"layerzorder":"[[0]]","xypos":"[[0,-2],[0,2]]","remefe":"[[0],[0]]","loopani":"[]","startani":"[[\"a1\"],[\"a1\"]]","efx_nodes":"[]","room":"[[0.5],[0.5]]","strikesoltnodes":"[[0],[0]]","spls":"[[],[],[],[],[]]","layertype":"[[2],[2]]","strikeoe":"[[0],[0]]","efx":"[[134],[135]]","sigst":"0","endani":"[]","name":"箭雨","delaytimes":"[[0],[0]]","id":104,"isdirection":"[[1],[1]]","isfollow":"[[0]]"},{"layerzorder":"[[0]]","xypos":"[[0]]","remefe":"[[0],[0]]","loopani":"[]","startani":"[[\"a1\"]]","efx_nodes":"shootnode","room":"[[1]]","strikesoltnodes":"[[0],[0]]","spls":"[[],[],[],[],[]]","layertype":"[[4]]","strikeoe":"[[0],[0]]","efx":"[[136]]","sigst":"0","endani":"[]","name":"枪火_毒液","delaytimes":"[[0],[0]]","id":105,"isdirection":"[[1]]","isfollow":"[[1]]"},{"layerzorder":"[[0]]","xypos":"[[0,-2],[0,0],[0,2],[0,-3]]","remefe":"[[0],[0],[0],[0]]","loopani":"[]","startani":"[[\"a1\"],[\"a1\"],[\"a1\"],[\"a1\"]]","efx_nodes":"[]","room":"[[0.5],[0.5],[0.5],[0.5]]","strikesoltnodes":"[[0],[0],[0],[0]]","spls":"[[],[],[],[],[]]","layertype":"[[2],[1],[2],[2]]","strikeoe":"[[0],[0,[0],[0]]]","efx":"[[137],[138],[142],[143]]","sigst":"0","endani":"[]","name":"毒液_喷射1","delaytimes":"[[0],[0],[0],[0]]","id":106,"isdirection":"[[1],[1],[1],[1]]","isfollow":"[[0]]"},{"layerzorder":"[[0]]","xypos":"[[0]]","remefe":"[[0,0]]","loopani":"[]","startani":"[[\"a1\"]]","efx_nodes":"[24]","room":"[[1]]","strikesoltnodes":"[[0,0]]","spls":"[[],[],[],[],[]]","layertype":"[[4]]","strikeoe":"[[0,0]]","efx":"[[139]]","sigst":"0","endani":"[]","name":"暗影恢复_释放","delaytimes":"[[0,0]]","id":107,"isdirection":"[[1]]","isfollow":"[[1]]"},{"layerzorder":"[[0]]","xypos":"[[0]]","remefe":"[[0,0]]","loopani":"[]","startani":"[[\"a1\"]]","efx_nodes":"[]","room":"[[2]]","strikesoltnodes":"[[0,0]]","spls":"[[],[],[],[],[]]","layertype":"[[4]]","strikeoe":"[[0,0]]","efx":"[[140]]","sigst":"0","endani":"[]","name":"特色被击--暗影恢复","delaytimes":"[[0,0]]","id":108,"isdirection":"[[1]]","isfollow":"[[1]]"},{"layerzorder":"[[0]]","xypos":"[[0]]","remefe":"[[0,0]]","loopani":"[[\"a2\"]]","startani":"[[\"a1\"]]","efx_nodes":"[[3]]","room":"[[1]]","strikesoltnodes":"[[0,0]]","spls":"[[1],[],[],[],[]]","layertype":"[[4]]","strikeoe":"[[0,0]]","efx":"[[35]]","sigst":"0","endani":"[[]]","name":"火女陨石技能陨石","delaytimes":"[[0,0]]","id":109,"isdirection":"[[1]]","isfollow":"[[1]]"},{"layerzorder":"[[0]]","xypos":"[[0]]","remefe":"[[0,0]]","loopani":"[[\"a1\"]]","startani":"[[\"a1\"]]","efx_nodes":"[[2]]","room":"[[1]]","strikesoltnodes":"[[0,0]]","spls":"[[],[],[],[],[]]","layertype":"[[2]]","strikeoe":"[[0,0]]","efx":"[[36]]","sigst":"1","endani":"[[]]","name":"火女陨石技能火浪","delaytimes":"[[0,0]]","id":110,"isdirection":"[[1]]","isfollow":"[[1]]"},{"layerzorder":"[[0]]","xypos":"[[0,0],[0,2],[0,-3]]","remefe":"[[0],[0],[0]]","loopani":"[]","startani":"[[\"a1\"],[\"a1\"],[\"a1\"]]","efx_nodes":"[]","room":"[[0.5],[0.5],[0.5]]","strikesoltnodes":"[[0],[0],[0]]","spls":"[[0],[0],[0]]","layertype":"[[1],[2],[2]]","strikeoe":"[[0],[0],[0]]","efx":"[[138],[142],[143]]","sigst":"0","endani":"[]","name":"毒液_喷射1","delaytimes":"[[0],[0],[0]]","id":111,"isdirection":"[[1],[1],[1]]","isfollow":"[[0]]"},{"layerzorder":"[[0]]","xypos":"[[0]]","remefe":"[[0],[0],[0]]","loopani":"[]","startani":"[[\"a1\"]]","efx_nodes":"[[1]]","room":"[[1]]","strikesoltnodes":"[[0],[0],[0]]","spls":"[[0],[0],[0]]","layertype":"[[4]]","strikeoe":"[[0],[0],[0]]","efx":"[[144]]","sigst":"0","endani":"[]","name":"火枪枪火","delaytimes":"[[0],[0],[0]]","id":112,"isdirection":"[[0]]","isfollow":"[[0]]"},{"layerzorder":"[[0]]","xypos":"[[0]]","remefe":"[[0]]","loopani":"[]","startani":"[[\"a1\"]]","efx_nodes":"[[0]]","room":"[[0.5]]","strikesoltnodes":"[[0]]","spls":"[[],[],[],[],[]]","layertype":"[[2]]","strikeoe":"[[0]]","efx":"[[145]]","sigst":"0","endani":"[]","name":"圣女攻击1刀光","delaytimes":"[[0]]","id":113,"isdirection":"[[1]]","isfollow":"[[0]]"},{"layerzorder":"[[0]]","xypos":"[[0]]","remefe":"[[0]]","loopani":"[]","startani":"[[\"a1\"]]","efx_nodes":"[[0]]","room":"[[0.5]]","strikesoltnodes":"[[0]]","spls":"[[],[],[],[],[]]","layertype":"[[2]]","strikeoe":"[[0]]","efx":"[[146]]","sigst":"0","endani":"[]","name":"圣女攻击2刀光","delaytimes":"[[0]]","id":114,"isdirection":"[[1]]","isfollow":"[[0]]"},{"layerzorder":"[[0]]","xypos":"[[0]]","remefe":"[[0]]","loopani":"[]","startani":"[[\"a1\"]]","efx_nodes":"[[0]]","room":"[[0.5]]","strikesoltnodes":"[[0]]","spls":"[[],[],[],[],[]]","layertype":"[[2]]","strikeoe":"[[0]]","efx":"[[147]]","sigst":"0","endani":"[]","name":"圣女攻击3刀光","delaytimes":"[[0]]","id":115,"isdirection":"[[1]]","isfollow":"[[0]]"},{"layerzorder":"[[0]]","xypos":"[[0]]","remefe":"[[0]]","loopani":"[]","startani":"[[\"a1\"]]","efx_nodes":"[[0]]","room":"[[0.5]]","strikesoltnodes":"[[0]]","spls":"[[],[],[],[],[]]","layertype":"[[2]]","strikeoe":"[[0]]","efx":"[[148]]","sigst":"0","endani":"[]","name":"圣女攻击4刀光","delaytimes":"[[0]]","id":116,"isdirection":"[[1]]","isfollow":"[[0]]"},{"layerzorder":"[[0]]","xypos":"[[0]]","remefe":"[[0]]","loopani":"[]","startani":"[[\"a1\"]]","efx_nodes":"[[0]]","room":"[[0.5]]","strikesoltnodes":"[[0]]","spls":"[[],[],[],[],[]]","layertype":"[[2]]","strikeoe":"[[0]]","efx":"[[149]]","sigst":"0","endani":"[]","name":"圣女攻击5刀光","delaytimes":"[[0]]","id":117,"isdirection":"[[1]]","isfollow":"[[0]]"},{"layerzorder":"[[0]]","xypos":"[[0,-3],[0,3]]","remefe":"[[0],[0]]","loopani":"[]","startani":"[[\"a1\"],[\"a1\"]]","efx_nodes":"[[0],[0]]","room":"[[0.5],[0.5]]","strikesoltnodes":"[[0],[0]]","spls":"[[],[],[],[],[]]","layertype":"[[2],[2]]","strikeoe":"[[0],[0]]","efx":"[[150],[151]]","sigst":"0","endani":"[]","name":"圣女攻击6刀光","delaytimes":"[[0],[0]]","id":118,"isdirection":"[[1],[1]]","isfollow":"[[0],[0]]"},{"layerzorder":"[[0]]","xypos":"[[0]]","remefe":"[[0]]","loopani":"[]","startani":"[[\"a1\"]]","efx_nodes":"[[0]]","room":"[[0.5]]","strikesoltnodes":"[[0]]","spls":"[[],[],[],[],[]]","layertype":"[[2]]","strikeoe":"[[0]]","efx":"[[152]]","sigst":"0","endani":"[]","name":"圣女攻击7刀光","delaytimes":"[[0]]","id":119,"isdirection":"[[1]]","isfollow":"[[0]]"},{"layerzorder":"[[0]]","xypos":"[[0]]","remefe":"[[0]]","loopani":"[]","startani":"[[\"a1\"]]","efx_nodes":"[[1]]","room":"[[1]]","strikesoltnodes":"[[0]]","spls":"[[],[],[],[],[]]","layertype":"[[4]]","strikeoe":"[[0]]","efx":"[[34]]","sigst":"0","endani":"[]","name":"枪火3","delaytimes":"[[0]]","id":120,"isdirection":"[[1]]","isfollow":"[[0]]"},{"layerzorder":"[[0]]","xypos":"[[0]]","remefe":"[[0]]","loopani":"[]","startani":"[[\"a1\"]]","efx_nodes":"[]","room":"[[2]]","strikesoltnodes":"[[0]]","spls":"[[],[],[],[],[]]","layertype":"[[4]]","strikeoe":"[[0]]","efx":"[[153]]","sigst":"0","endani":"[]","name":"通用被击_火焰","delaytimes":"[[0]]","id":121,"isdirection":"[[0]]","isfollow":"[[1]]"},{"layerzorder":"[[0]]","xypos":"[[0]]","remefe":"[[0]]","loopani":"[]","startani":"[[\"a1\"]]","efx_nodes":"[]","room":"[[2]]","strikesoltnodes":"[[0]]","spls":"[[],[],[],[],[]]","layertype":"[[4]]","strikeoe":"[[0]]","efx":"[[154]]","sigst":"0","endani":"[]","name":"特色被击_火焰溅射","delaytimes":"[[0]]","id":122,"isdirection":"[[0]]","isfollow":"[[1]]"}]