[{"sceneheight":"场景的高","iconMaxNum":"0","backPlayerRoleViewTime":"返回到战斗单位的时间","backgroundMoveSpeed":"场景移动速度","cellHeight":"格子高","bufficonmaxnum":"0","mapname":"tilemap名称","cellBottomPadding":"地块底部离屏幕的距离","cellLeftPadding":"地块左边离屏幕的距离","cellWidth":"格子宽","cellColumn":"格子列数","sceneWidth":"场景的宽","backgroundStartMoveDistance":"战斗背景开始移动的距离","ammunitionmaxnum":"0","id":"-10045","cellRow":"格子行数"},{"sceneheight":"1100","iconMaxNum":"7","backPlayerRoleViewTime":"0.2","backgroundMoveSpeed":"540","cellHeight":"84","bufficonmaxnum":"6","mapname":"shamo1.tmx","cellBottomPadding":"100","cellLeftPadding":"100","cellWidth":"200","cellColumn":"15","sceneWidth":"3400","backgroundStartMoveDistance":"378","ammunitionmaxnum":"5","id":"1","cellRow":"3"}]