[{"button2":"2_按钮2的文字或者图片[1:标示图片,","button3":"1_按钮3的文字或者图片[1:标示图片,","size":"对话框的大小","originalinfo":"对话框外语标示","name":"对话框名称[比如:购买钻石对话框]","fontsize":"20","id":"-10045","showtype":"0: 直接提示消失 1: 点击外部消失 2: 点击按钮消失","type":"［在这个对话框中出现的按钮个数］","button1":"1_按钮1的文字或者图片[1:标示图片,","info":"对话框上的文字提示[比如:购买钻石需要花费人民币100元]"},{"button2":"0","button3":"0","size":"0","originalinfo":"0","name":"行动力不足 无法移动","fontsize":"20","id":"101","showtype":"0","type":"0","button1":"0","info":"LUIFITGXX0005"},{"button2":"0","button3":"0","size":"0","originalinfo":"0","name":"地图边缘 无法移动","fontsize":"20","id":"102","showtype":"0","type":"0","button1":"0","info":"LUIFITGXX0006"},{"button2":"0","button3":"0","size":"0","originalinfo":"0","name":"前方角色处于防御状态 无法移动","fontsize":"20","id":"103","showtype":"0","type":"0","button1":"0","info":"LUIFITGXX0007"},{"button2":"0","button3":"0","size":"0","originalinfo":"0","name":"蓄力状态","fontsize":"20","id":"105","showtype":"0","type":"0","button1":"0","info":"LUIFITGXX0008"},{"button2":"0","button3":"0","size":"0","originalinfo":"0","name":"障碍物","fontsize":"20","id":"106","showtype":"0","type":"0","button1":"0","info":"LUIFITGXX0009"},{"button2":"0","button3":"0","size":"0","originalinfo":"0","name":"你别无选择","fontsize":"20","id":"107","showtype":"0","type":"0","button1":"0","info":"LUIFITGXX0010"},{"button2":"0","button3":"0","size":"0","originalinfo":"0","name":"角色回合开始","fontsize":"20","id":"108","showtype":"0","type":"0","button1":"0","info":"LUICOMMXX0022_0"},{"button2":"0","button3":"0","size":"0","originalinfo":"0","name":"角色回合结束","fontsize":"20","id":"109","showtype":"0","type":"0","button1":"0","info":"LUICOMMXX0023_0"},{"button2":"0","button3":"0","size":"0","originalinfo":"0","name":"点击任意位置继续","fontsize":"20","id":"110","showtype":"0","type":"0","button1":"0","info":"LUIFITGXX0004_0"},{"button2":"0","button3":"0","size":"0","originalinfo":"0","name":"行动量不足释放技能","fontsize":"20","id":"111","showtype":"0","type":"0","button1":"0","info":"LUIFITGXX0011"},{"button2":"0","button3":"0","size":"0","originalinfo":"0","name":"最多可上阵4名英雄","fontsize":"20","id":"112","showtype":"0","type":"0","button1":"0","info":"LUICOMMXX0003"},{"button2":"0","button3":"0","size":"0","originalinfo":"0","name":"最多可上阵2个器械","fontsize":"20","id":"113","showtype":"0","type":"0","button1":"0","info":"LUICOMMXX0004"},{"button2":"0","button3":"0","size":"0","originalinfo":"0","name":"不可替换","fontsize":"20","id":"114","showtype":"0","type":"0","button1":"0","info":"LUICOMMXX0005"},{"button2":"0","button3":"0","size":"0","originalinfo":"0","name":"场上至少有一名英雄","fontsize":"20","id":"115","showtype":"0","type":"0","button1":"0","info":"LUICOMMXX0006"},{"button2":"0","button3":"0","size":"0","originalinfo":"0","name":"按下移动时行动力不足","fontsize":"20","id":"116","showtype":"0","type":"0","button1":"0","info":"LUIFITGXX0011"},{"button2":"0","button3":"0","size":"0","originalinfo":"0","name":"确认释放技能时行动力不足","fontsize":"20","id":"117","showtype":"0","type":"0","button1":"0","info":"LUIFITGXX0012"},{"button2":"0","button3":"0","size":"0","originalinfo":"0","name":"技能效果范围内没有目标","fontsize":"20","id":"118","showtype":"0","type":"0","button1":"0","info":"LUIFITGXX0013"},{"button2":"EXIT","button3":"0","size":"[200,200]","originalinfo":"WIFI","name":"WIFI提示","fontsize":"20","id":"301","showtype":"0","type":"1","button1":"GO","info":"LUICOMMXX0025"},{"button2":"0","button3":"0","size":"[400,200]","originalinfo":"0","name":"信息确认弹框","fontsize":"20","id":"302","showtype":"11","type":"1","button1":"确认","info":"文本内容"},{"button2":"0","button3":"0","size":"[100,240]","originalinfo":"0","name":"信息展示弹框","fontsize":"20","id":"303","showtype":"12","type":"0","button1":"0","info":"文字和图标"},{"button2":"0","button3":"0","size":"[100,60]","originalinfo":"0","name":"信息气泡弹框","fontsize":"20","id":"304","showtype":"13","type":"0","button1":"0","info":"文本"},{"button2":"0","button3":"0","size":"0","originalinfo":"0","name":"材料不足","fontsize":"20","id":"305","showtype":"0","type":"2","button1":"0","info":"LUICOMMXX0026"}]