[{"id":"-10045","value":"时间值","info":"时间值得描述"},{"id":"0","value":"时间值","info":"时间值得描述"},{"id":"1","value":"0.5","info":"按住上下左右按钮多长时间算向前走一格"},{"id":"10","value":"0.2","info":"浅黄色行动槽增加回退"},{"id":"11","value":"1.5","info":"战斗单位头顶上的信息提示时间"},{"id":"12","value":"20","info":"战斗场景中的倒计时"},{"id":"13","value":"59","info":"战斗场景中的倒计时小数点后面数的最大值"},{"id":"15","value":"1","info":"场景拉远时间"},{"id":"16","value":"0.5","info":"人物倒地时间"},{"id":"17","value":"0.3","info":"技能按钮消失的时候 和 显示的时候时间"},{"id":"18","value":"0.3","info":"战斗结算打开宝箱中物品的移动速度"},{"id":"19","value":"1","info":"战斗结算正常的经验条添加时间"},{"id":"2","value":"0.1","info":"多长时间算检测一次手指是否还在按钮上面"},{"id":"20","value":"0.05","info":"点击屏幕一次添加满经验的时间"},{"id":"21","value":"0.1","info":"按钮点击开始的时候缩放的时间"},{"id":"22","value":"0.1","info":"按钮点击返回的时候缩放的时间"},{"id":"23","value":"1.1","info":"按钮在原始尺寸上的放大尺寸"},{"id":"24","value":"20","info":"副本地图中队员之间个公共间隔"},{"id":"25","value":"0.3","info":"副本地图中队员的缩放比例"},{"id":"26","value":"5","info":"最大队伍数"},{"id":"27","value":"4","info":"队伍成员最大数"},{"id":"28","value":"5","info":"队伍编辑列数"},{"id":"29","value":"2","info":"队伍里最大物品数"},{"id":"3","value":"0.2","info":"绿色生命值扣除时间"},{"id":"30","value":"720","info":"副本里第一个队员位置x"},{"id":"31","value":"20","info":"副本里第一个队员位置y"},{"id":"32","value":"200","info":"副本里遇敌后后跳距离"},{"id":"33","value":"0.4","info":"副本里回到原位的时间"},{"id":"4","value":"0.4","info":"红色生命值扣除时间"},{"id":"5","value":"0.1","info":"蓝色行动槽减少速度"},{"id":"6","value":"0.2","info":"浅黄色行动槽减少速度"},{"id":"7","value":"0.4","info":"绿色生命添加"},{"id":"8","value":"0.2","info":"红色生命值添加"},{"id":"9","value":"0.4","info":"蓝色行动力回退"}]