[{"animationArray":"[11,22]","endinfo":"被动待机","id":1,"current_statue":"1","convert_statue":"2","startinfo":"主动待机"},{"animationArray":"[]","endinfo":"移动","id":2,"current_statue":"1","convert_statue":"3","startinfo":"主动待机"},{"animationArray":"[1000]","endinfo":"技能发动","id":3,"current_statue":"1","convert_statue":"5","startinfo":"主动待机"},{"animationArray":"[80]","endinfo":"挨打","id":4,"current_statue":"1","convert_statue":"8","startinfo":"主动待机"},{"animationArray":"[11,92]","endinfo":"虚弱待机","id":5,"current_statue":"1","convert_statue":"9","startinfo":"主动待机"},{"animationArray":"[11]","endinfo":"击退","id":8,"current_statue":"1","convert_statue":"17","startinfo":"主动待机"},{"animationArray":"[11]","endinfo":"浮空","id":9,"current_statue":"1","convert_statue":"18","startinfo":"主动待机"},{"animationArray":"[11]","endinfo":"击飞","id":10,"current_statue":"1","convert_statue":"21","startinfo":"主动待机"},{"animationArray":"[11,331]","endinfo":"胜利","id":11,"current_statue":"1","convert_statue":"33","startinfo":"主动待机"},{"animationArray":"[]","endinfo":"失败","id":12,"current_statue":"1","convert_statue":"34","startinfo":"主动待机"},{"animationArray":"[21,12]","endinfo":"主动待机","id":13,"current_statue":"2","convert_statue":"1","startinfo":"被动待机"},{"animationArray":"[]","endinfo":"换位","id":14,"current_statue":"2","convert_statue":"4","startinfo":"被动待机"},{"animationArray":"[]","endinfo":"挨打","id":15,"current_statue":"2","convert_statue":"8","startinfo":"被动待机"},{"animationArray":"[21,331]","endinfo":"胜利","id":16,"current_statue":"2","convert_statue":"33","startinfo":"被动待机"},{"animationArray":"[]","endinfo":"失败","id":17,"current_statue":"2","convert_statue":"34","startinfo":"被动待机"},{"animationArray":"[32,12]","endinfo":"主动待机","id":18,"current_statue":"3","convert_statue":"1","startinfo":"移动"},{"animationArray":"[80]","endinfo":"挨打","id":19,"current_statue":"3","convert_statue":"8","startinfo":"移动"},{"animationArray":"[]","endinfo":"击退","id":20,"current_statue":"3","convert_statue":"17","startinfo":"移动"},{"animationArray":"[]","endinfo":"浮空","id":21,"current_statue":"3","convert_statue":"18","startinfo":"移动"},{"animationArray":"[]","endinfo":"击飞","id":22,"current_statue":"3","convert_statue":"21","startinfo":"移动"},{"animationArray":"[22]","endinfo":"被动待机","id":23,"current_statue":"4","convert_statue":"2","startinfo":"换位"},{"animationArray":"[]","endinfo":"挨打","id":24,"current_statue":"4","convert_statue":"8","startinfo":"换位"},{"animationArray":"[]","endinfo":"技能选择","id":25,"current_statue":"5","convert_statue":"6","startinfo":"技能发动"},{"animationArray":"[]","endinfo":"技能生效","id":26,"current_statue":"5","convert_statue":"7","startinfo":"技能发动"},{"animationArray":"[]","endinfo":"蓄力待机","id":27,"current_statue":"5","convert_statue":"14","startinfo":"技能发动"},{"animationArray":"[]","endinfo":"技能生效","id":28,"current_statue":"6","convert_statue":"7","startinfo":"技能选择"},{"animationArray":"[]","endinfo":"防御待机","id":29,"current_statue":"6","convert_statue":"11","startinfo":"技能选择"},{"animationArray":"[]","endinfo":"主动待机","id":30,"current_statue":"7","convert_statue":"1","startinfo":"技能生效"},{"animationArray":"[81,12]","endinfo":"主动待机","id":31,"current_statue":"8","convert_statue":"1","startinfo":"挨打"},{"animationArray":"[81,22]","endinfo":"被动待机","id":32,"current_statue":"8","convert_statue":"2","startinfo":"挨打"},{"animationArray":"[81,92]","endinfo":"虚弱待机","id":33,"current_statue":"8","convert_statue":"9","startinfo":"挨打"},{"animationArray":"[]","endinfo":"击退","id":34,"current_statue":"8","convert_statue":"17","startinfo":"挨打"},{"animationArray":"[]","endinfo":"浮空","id":35,"current_statue":"8","convert_statue":"18","startinfo":"挨打"},{"animationArray":"[]","endinfo":"击飞","id":36,"current_statue":"8","convert_statue":"21","startinfo":"挨打"},{"animationArray":"[210,200,230]","endinfo":"原地倒地","id":37,"current_statue":"8","convert_statue":"24","startinfo":"挨打"},{"animationArray":"[80]","endinfo":"死亡","id":38,"current_statue":"8","convert_statue":"26","startinfo":"挨打"},{"animationArray":"[80]","endinfo":"异常状态","id":39,"current_statue":"8","convert_statue":"32","startinfo":"挨打"},{"animationArray":"[91,12]","endinfo":"主动待机","id":40,"current_statue":"9","convert_statue":"1","startinfo":"虚弱待机"},{"animationArray":"[91,22]","endinfo":"被动待机","id":41,"current_statue":"9","convert_statue":"2","startinfo":"虚弱待机"},{"animationArray":"[40]","endinfo":"换位","id":42,"current_statue":"9","convert_statue":"4","startinfo":"虚弱待机"},{"animationArray":"[]","endinfo":"虚弱挨打","id":43,"current_statue":"9","convert_statue":"10","startinfo":"虚弱待机"},{"animationArray":"[91,331]","endinfo":"胜利","id":44,"current_statue":"9","convert_statue":"33","startinfo":"虚弱待机"},{"animationArray":"[]","endinfo":"失败","id":45,"current_statue":"9","convert_statue":"34","startinfo":"虚弱待机"},{"animationArray":"[]","endinfo":"虚弱待机","id":46,"current_statue":"10","convert_statue":"9","startinfo":"虚弱挨打"},{"animationArray":"[]","endinfo":"击退","id":47,"current_statue":"10","convert_statue":"17","startinfo":"虚弱挨打"},{"animationArray":"[]","endinfo":"浮空","id":48,"current_statue":"10","convert_statue":"18","startinfo":"虚弱挨打"},{"animationArray":"[]","endinfo":"击飞","id":49,"current_statue":"10","convert_statue":"21","startinfo":"虚弱挨打"},{"animationArray":"[]","endinfo":"原地倒地","id":50,"current_statue":"10","convert_statue":"23","startinfo":"虚弱挨打"},{"animationArray":"[]","endinfo":"死亡","id":51,"current_statue":"10","convert_statue":"26","startinfo":"虚弱挨打"},{"animationArray":"[]","endinfo":"异常状态","id":52,"current_statue":"10","convert_statue":"32","startinfo":"虚弱挨打"},{"animationArray":"[111,12]","endinfo":"主动待机","id":53,"current_statue":"11","convert_statue":"1","startinfo":"防御待机"},{"animationArray":"[]","endinfo":"防御挨打","id":54,"current_statue":"11","convert_statue":"12","startinfo":"防御待机"},{"animationArray":"[]","endinfo":"防御击破","id":55,"current_statue":"11","convert_statue":"13","startinfo":"防御待机"},{"animationArray":"[111,331]","endinfo":"胜利","id":56,"current_statue":"11","convert_statue":"33","startinfo":"防御待机"},{"animationArray":"[]","endinfo":"失败","id":57,"current_statue":"11","convert_statue":"34","startinfo":"防御待机"},{"animationArray":"[]","endinfo":"防御待机","id":58,"current_statue":"12","convert_statue":"11","startinfo":"防御挨打"},{"animationArray":"[]","endinfo":"击退","id":59,"current_statue":"12","convert_statue":"17","startinfo":"防御挨打"},{"animationArray":"[]","endinfo":"死亡","id":60,"current_statue":"12","convert_statue":"26","startinfo":"防御挨打"},{"animationArray":"[]","endinfo":"异常状态","id":61,"current_statue":"12","convert_statue":"32","startinfo":"防御挨打"},{"animationArray":"[22]","endinfo":"被动待机","id":62,"current_statue":"13","convert_statue":"2","startinfo":"防御击破"},{"animationArray":"[92]","endinfo":"虚弱待机","id":63,"current_statue":"13","convert_statue":"9","startinfo":"防御击破"},{"animationArray":"[]","endinfo":"击退","id":64,"current_statue":"13","convert_statue":"17","startinfo":"防御击破"},{"animationArray":"[]","endinfo":"浮空","id":65,"current_statue":"13","convert_statue":"18","startinfo":"防御击破"},{"animationArray":"[]","endinfo":"击飞","id":66,"current_statue":"13","convert_statue":"21","startinfo":"防御击破"},{"animationArray":"[]","endinfo":"原地倒地","id":67,"current_statue":"13","convert_statue":"23","startinfo":"防御击破"},{"animationArray":"[]","endinfo":"死亡","id":68,"current_statue":"13","convert_statue":"26","startinfo":"防御击破"},{"animationArray":"[]","endinfo":"异常状态","id":69,"current_statue":"13","convert_statue":"32","startinfo":"防御击破"},{"animationArray":"[]","endinfo":"技能生效","id":70,"current_statue":"14","convert_statue":"7","startinfo":"蓄力待机"},{"animationArray":"[150]","endinfo":"蓄力挨打","id":71,"current_statue":"14","convert_statue":"15","startinfo":"蓄力待机"},{"animationArray":"[160]","endinfo":"蓄力击破","id":72,"current_statue":"14","convert_statue":"16","startinfo":"蓄力待机"},{"animationArray":"[141,331]","endinfo":"胜利","id":73,"current_statue":"14","convert_statue":"33","startinfo":"蓄力待机"},{"animationArray":"[]","endinfo":"失败","id":74,"current_statue":"14","convert_statue":"34","startinfo":"蓄力待机"},{"animationArray":"[]","endinfo":"蓄力待机","id":75,"current_statue":"15","convert_statue":"14","startinfo":"蓄力挨打"},{"animationArray":"[]","endinfo":"死亡","id":76,"current_statue":"15","convert_statue":"26","startinfo":"蓄力挨打"},{"animationArray":"[]","endinfo":"异常状态","id":77,"current_statue":"15","convert_statue":"32","startinfo":"蓄力挨打"},{"animationArray":"[]","endinfo":"被动待机","id":78,"current_statue":"16","convert_statue":"2","startinfo":"蓄力击破"},{"animationArray":"[]","endinfo":"虚弱待机","id":79,"current_statue":"16","convert_statue":"9","startinfo":"蓄力击破"},{"animationArray":"[]","endinfo":"击退","id":80,"current_statue":"16","convert_statue":"17","startinfo":"蓄力击破"},{"animationArray":"[]","endinfo":"浮空","id":81,"current_statue":"16","convert_statue":"18","startinfo":"蓄力击破"},{"animationArray":"[]","endinfo":"击飞","id":82,"current_statue":"16","convert_statue":"21","startinfo":"蓄力击破"},{"animationArray":"[]","endinfo":"原地倒地","id":83,"current_statue":"16","convert_statue":"23","startinfo":"蓄力击破"},{"animationArray":"[]","endinfo":"死亡","id":84,"current_statue":"16","convert_statue":"26","startinfo":"蓄力击破"},{"animationArray":"[]","endinfo":"异常状态","id":85,"current_statue":"16","convert_statue":"32","startinfo":"蓄力击破"},{"animationArray":"[]","endinfo":"主动待机","id":86,"current_statue":"17","convert_statue":"1","startinfo":"击退"},{"animationArray":"[]","endinfo":"被动待机","id":87,"current_statue":"17","convert_statue":"2","startinfo":"击退"},{"animationArray":"[]","endinfo":"虚弱待机","id":88,"current_statue":"17","convert_statue":"9","startinfo":"击退"},{"animationArray":"[]","endinfo":"防御待机","id":89,"current_statue":"17","convert_statue":"11","startinfo":"击退"},{"animationArray":"[]","endinfo":"位移倒地","id":90,"current_statue":"17","convert_statue":"24","startinfo":"击退"},{"animationArray":"[]","endinfo":"二段浮空","id":91,"current_statue":"18","convert_statue":"19","startinfo":"浮空"},{"animationArray":"[]","endinfo":"垂直下落","id":92,"current_statue":"18","convert_statue":"20","startinfo":"浮空"},{"animationArray":"[]","endinfo":"垂直下落","id":93,"current_statue":"19","convert_statue":"20","startinfo":"二段浮空"},{"animationArray":"[]","endinfo":"二段浮空","id":94,"current_statue":"20","convert_statue":"19","startinfo":"垂直下落"},{"animationArray":"[]","endinfo":"原地倒地","id":95,"current_statue":"20","convert_statue":"23","startinfo":"垂直下落"},{"animationArray":"[]","endinfo":"曲线下落","id":96,"current_statue":"21","convert_statue":"22","startinfo":"击飞"},{"animationArray":"[]","endinfo":"位移倒地","id":97,"current_statue":"22","convert_statue":"24","startinfo":"曲线下落"},{"animationArray":"[]","endinfo":"起身","id":98,"current_statue":"23","convert_statue":"25","startinfo":"原地倒地"},{"animationArray":"[]","endinfo":"死亡","id":99,"current_statue":"23","convert_statue":"26","startinfo":"原地倒地"},{"animationArray":"[]","endinfo":"起身","id":100,"current_statue":"24","convert_statue":"25","startinfo":"位移倒地"},{"animationArray":"[]","endinfo":"死亡","id":101,"current_statue":"24","convert_statue":"26","startinfo":"位移倒地"},{"animationArray":"[]","endinfo":"主动待机","id":102,"current_statue":"25","convert_statue":"1","startinfo":"起身"},{"animationArray":"[]","endinfo":"被动待机","id":103,"current_statue":"25","convert_statue":"2","startinfo":"起身"},{"animationArray":"[]","endinfo":"虚弱待机","id":104,"current_statue":"25","convert_statue":"9","startinfo":"起身"},{"animationArray":"[]","endinfo":"复活","id":105,"current_statue":"26","convert_statue":"27","startinfo":"死亡"},{"animationArray":"[]","endinfo":"主动待机","id":106,"current_statue":"27","convert_statue":"1","startinfo":"复活"},{"animationArray":"[]","endinfo":"被动待机","id":107,"current_statue":"27","convert_statue":"2","startinfo":"复活"},{"animationArray":"[]","endinfo":"虚弱待机","id":108,"current_statue":"27","convert_statue":"9","startinfo":"复活"},{"animationArray":"[]","endinfo":"队长技能","id":109,"current_statue":"28","convert_statue":"30","startinfo":"队长入场"},{"animationArray":"[]","endinfo":"队员技能","id":110,"current_statue":"29","convert_statue":"31","startinfo":"队员入场"},{"animationArray":"[10]","endinfo":"主动待机","id":111,"current_statue":"30","convert_statue":"1","startinfo":"队长技能"},{"animationArray":"[22]","endinfo":"被动待机","id":112,"current_statue":"30","convert_statue":"2","startinfo":"队长技能"},{"animationArray":"[20]","endinfo":"主动待机","id":113,"current_statue":"31","convert_statue":"1","startinfo":"队员技能"},{"animationArray":"[20]","endinfo":"被动待机","id":114,"current_statue":"31","convert_statue":"2","startinfo":"队员技能"},{"animationArray":"[]","endinfo":"主动待机","id":115,"current_statue":"32","convert_statue":"1","startinfo":"异常状态"},{"animationArray":"[]","endinfo":"被动待机","id":116,"current_statue":"32","convert_statue":"2","startinfo":"异常状态"},{"animationArray":"[]","endinfo":"挨打","id":117,"current_statue":"32","convert_statue":"8","startinfo":"异常状态"},{"animationArray":"[]","endinfo":"虚弱待机","id":118,"current_statue":"32","convert_statue":"9","startinfo":"异常状态"},{"animationArray":"[]","endinfo":"虚弱挨打","id":119,"current_statue":"32","convert_statue":"10","startinfo":"异常状态"},{"animationArray":"[]","endinfo":"防御待机","id":120,"current_statue":"32","convert_statue":"11","startinfo":"异常状态"},{"animationArray":"[]","endinfo":"防御挨打","id":121,"current_statue":"32","convert_statue":"12","startinfo":"异常状态"},{"animationArray":"[]","endinfo":"防御击破","id":122,"current_statue":"32","convert_statue":"13","startinfo":"异常状态"},{"animationArray":"[]","endinfo":"蓄力待机","id":123,"current_statue":"32","convert_statue":"14","startinfo":"异常状态"},{"animationArray":"[]","endinfo":"蓄力挨打","id":124,"current_statue":"32","convert_statue":"15","startinfo":"异常状态"},{"animationArray":"[]","endinfo":"蓄力击破","id":125,"current_statue":"32","convert_statue":"16","startinfo":"异常状态"},{"animationArray":"[371,370]","endinfo":"地图挨打","id":126,"current_statue":"35","convert_statue":"36","startinfo":"地图待机"},{"animationArray":"[371]","endinfo":"地图移动 ","id":127,"current_statue":"35","convert_statue":"37","startinfo":"地图待机"},{"animationArray":"[400]","endinfo":"地图遇敌","id":128,"current_statue":"35","convert_statue":"39","startinfo":"地图待机"},{"animationArray":"[]","endinfo":"地图胜利","id":129,"current_statue":"35","convert_statue":"43","startinfo":"地图待机"},{"animationArray":"[]","endinfo":"地图失败","id":130,"current_statue":"35","convert_statue":"44","startinfo":"地图待机"},{"animationArray":"[372]","endinfo":"地图待机","id":131,"current_statue":"37","convert_statue":"35","startinfo":"地图移动"},{"animationArray":"[]","endinfo":"地图挨打","id":132,"current_statue":"37","convert_statue":"36","startinfo":"地图移动"},{"animationArray":"[]","endinfo":"地图虚弱","id":133,"current_statue":"37","convert_statue":"40","startinfo":"地图移动"},{"animationArray":"[]","endinfo":"地图待机","id":134,"current_statue":"36","convert_statue":"35","startinfo":"地图挨打"},{"animationArray":"[]","endinfo":"地图倒地","id":135,"current_statue":"36","convert_statue":"38","startinfo":"地图挨打"},{"animationArray":"[]","endinfo":"地图虚弱","id":136,"current_statue":"36","convert_statue":"40","startinfo":"地图挨打"},{"animationArray":"[]","endinfo":"地图死亡","id":137,"current_statue":"36","convert_statue":"41","startinfo":"地图挨打"},{"animationArray":"[]","endinfo":"地图待机","id":138,"current_statue":"38","convert_statue":"35","startinfo":"地图倒地"},{"animationArray":"[]","endinfo":"地图虚弱","id":139,"current_statue":"38","convert_statue":"40","startinfo":"地图倒地"},{"animationArray":"[]","endinfo":"地图死亡","id":140,"current_statue":"38","convert_statue":"41","startinfo":"地图倒地"},{"animationArray":"[]","endinfo":"地图待机","id":141,"current_statue":"39","convert_statue":"35","startinfo":"地图遇敌"},{"animationArray":"[]","endinfo":"地图虚弱","id":142,"current_statue":"39","convert_statue":"40","startinfo":"地图遇敌"},{"animationArray":"[]","endinfo":"地图死亡","id":143,"current_statue":"39","convert_statue":"41","startinfo":"地图遇敌"},{"animationArray":"[]","endinfo":"地图胜利","id":144,"current_statue":"39","convert_statue":"43","startinfo":"地图遇敌"},{"animationArray":"[]","endinfo":"地图失败","id":145,"current_statue":"39","convert_statue":"44","startinfo":"地图遇敌"},{"animationArray":"[]","endinfo":"地图待机","id":146,"current_statue":"40","convert_statue":"35","startinfo":"地图虚弱"},{"animationArray":"[]","endinfo":"地图移动","id":147,"current_statue":"40","convert_statue":"37","startinfo":"地图虚弱"},{"animationArray":"[]","endinfo":"地图挨打","id":148,"current_statue":"40","convert_statue":"36","startinfo":"地图虚弱"},{"animationArray":"[]","endinfo":"地图遇敌","id":149,"current_statue":"40","convert_statue":"39","startinfo":"地图虚弱"},{"animationArray":"[]","endinfo":"地图胜利","id":150,"current_statue":"40","convert_statue":"43","startinfo":"地图虚弱"},{"animationArray":"[]","endinfo":"地图失败","id":151,"current_statue":"40","convert_statue":"44","startinfo":"地图虚弱"},{"animationArray":"[]","endinfo":"地图复活","id":152,"current_statue":"41","convert_statue":"42","startinfo":"地图死亡"},{"animationArray":"[]","endinfo":"地图待机","id":153,"current_statue":"42","convert_statue":"35","startinfo":"地图复活"},{"animationArray":"[]","endinfo":"地图虚弱","id":154,"current_statue":"42","convert_statue":"40","startinfo":"地图复活"},{"animationArray":"[]","endinfo":"棋子移动","id":155,"current_statue":"45","convert_statue":"46","startinfo":"棋子待机"},{"animationArray":"[]","endinfo":"棋子挨打","id":156,"current_statue":"45","convert_statue":"47","startinfo":"棋子待机"},{"animationArray":"[]","endinfo":"棋子攻击","id":157,"current_statue":"45","convert_statue":"48","startinfo":"棋子待机"},{"animationArray":"[]","endinfo":"棋子胜利","id":158,"current_statue":"45","convert_statue":"50","startinfo":"棋子待机"},{"animationArray":"[]","endinfo":"棋子失败","id":159,"current_statue":"45","convert_statue":"51","startinfo":"棋子待机"},{"animationArray":"[]","endinfo":"棋子待机","id":160,"current_statue":"46","convert_statue":"45","startinfo":"棋子移动"},{"animationArray":"[]","endinfo":"棋子挨打","id":161,"current_statue":"46","convert_statue":"47","startinfo":"棋子移动"},{"animationArray":"[]","endinfo":"棋子待机","id":162,"current_statue":"47","convert_statue":"45","startinfo":"棋子挨打"},{"animationArray":"[]","endinfo":"棋子死亡","id":163,"current_statue":"47","convert_statue":"49","startinfo":"棋子挨打"},{"animationArray":"[]","endinfo":"棋子待机","id":164,"current_statue":"48","convert_statue":"45","startinfo":"棋子攻击"},{"animationArray":"[]","endinfo":"棋子死亡","id":165,"current_statue":"48","convert_statue":"49","startinfo":"棋子攻击"},{"animationArray":"[]","endinfo":"棋子胜利","id":166,"current_statue":"48","convert_statue":"50","startinfo":"棋子攻击"},{"animationArray":"[]","endinfo":"棋子失败","id":167,"current_statue":"48","convert_statue":"51","startinfo":"棋子攻击"},{"animationArray":"[]","endinfo":"棋子待机","id":168,"current_statue":"49","convert_statue":"45","startinfo":"棋子胜利"},{"animationArray":"[11,112]","endinfo":"被动待机","id":169,"current_statue":"1","convert_statue":"11","startinfo":"主动待机"},{"animationArray":"[21,112]","endinfo":"移动","id":170,"current_statue":"2","convert_statue":"11","startinfo":"主动待机"},{"animationArray":"[91,112]","endinfo":"技能发动","id":171,"current_statue":"9","convert_statue":"11","startinfo":"主动待机"},{"animationArray":"[111,12]","endinfo":"被动待机","id":172,"current_statue":"11","convert_statue":"1","startinfo":"主动待机"},{"animationArray":"[2011]","endinfo":"无防御","id":178,"current_statue":"23","convert_statue":"2","startinfo":"原地倒地"},{"animationArray":"[2011]","endinfo":"虚弱","id":179,"current_statue":"23","convert_statue":"9","startinfo":"原地倒地"},{"animationArray":"[2011]","endinfo":"防御","id":180,"current_statue":"23","convert_statue":"11","startinfo":"原地倒地"},{"animationArray":"[10616]","endinfo":"预备2","id":181,"current_statue":"6","convert_statue":"106","startinfo":"预备1"},{"animationArray":"[10617]","endinfo":"预备3","id":182,"current_statue":"6","convert_statue":"107","startinfo":"预备1"},{"animationArray":"[11606]","endinfo":"预备1","id":183,"current_statue":"106","convert_statue":"6","startinfo":"预备2"},{"animationArray":"[11617]","endinfo":"预备3","id":184,"current_statue":"106","convert_statue":"107","startinfo":"预备2"},{"animationArray":"[11706]","endinfo":"预备1","id":185,"current_statue":"107","convert_statue":"6","startinfo":"预备3"},{"animationArray":"[11716]","endinfo":"预备2","id":186,"current_statue":"107","convert_statue":"106","startinfo":"预备3"},{"animationArray":"[1062]","endinfo":"主动待机","id":187,"current_statue":"106","convert_statue":"1","startinfo":"预备2"},{"animationArray":"[1072]","endinfo":"主动待机","id":188,"current_statue":"107","convert_statue":"1","startinfo":"预备3"},{"animationArray":"[]","endinfo":"侵略","id":189,"current_statue":"108","convert_statue":"1","startinfo":"遇敌"},{"animationArray":"[1181]","endinfo":"剧情死亡状态","id":190,"current_statue":"0","convert_statue":"118","startinfo":"其它任何状态"},{"animationArray":"中间状态","endinfo":"结束状态描述","id":191,"current_statue":"1","convert_statue":"35","startinfo":"开始状态描述"},{"animationArray":"[]","endinfo":"结束状态描述","id":192,"current_statue":"40","convert_statue":"1","startinfo":"开始状态描述"},{"animationArray":"[1190]","endinfo":"结束状态描述","id":193,"current_statue":"1","convert_statue":"35","startinfo":"开始状态描述"},{"animationArray":"[1200]","endinfo":"结束状态描述","id":194,"current_statue":"35","convert_statue":"1","startinfo":"开始状态描述"},{"animationArray":"[12]","endinfo":"战斗待机","id":195,"current_statue":"4","convert_statue":"1","startinfo":"跳跃状态"}]