[{"name":"ready","icon":"ui_bt_status02.png","musicfile":"1_H1000001","id":10,"info":"动作描述"},{"name":"ready_z","icon":"ui_bt_status02.png","musicfile":"0","id":11,"info":"动作描述"},{"name":"z_ready","icon":"ui_bt_status02.png","musicfile":"0","id":12,"info":"动作描述"},{"name":"unfenced","icon":"ui_bt_status02.png","musicfile":"0","id":20,"info":"动作描述"},{"name":"unfenced_z","icon":"ui_bt_status02.png","musicfile":"0","id":21,"info":"动作描述"},{"name":"z_unfenced","icon":"ui_bt_status02.png","musicfile":"0","id":22,"info":"动作描述"},{"name":"unfenced2","icon":"ui_bt_status02.png","musicfile":"0","id":23,"info":"战斗单位的无防2"},{"name":"run","icon":"ui_bt_status02.png","musicfile":"2_MOVE2002","id":30,"info":"动作描述"},{"name":"ready_run","icon":"ui_bt_status02.png","musicfile":"0","id":31,"info":"动作描述"},{"name":"run_stop_z","icon":"ui_bt_status02.png","musicfile":"0_MOVE2003","id":32,"info":"动作描述"},{"name":"jump","icon":"ui_bt_status02.png","musicfile":"0_MOVE2004","id":40,"info":"动作描述"},{"name":"0","icon":"ui_bt_status01.png","musicfile":"0","id":41,"info":"动作描述"},{"name":"0","icon":"ui_bt_status02.png","musicfile":"0","id":42,"info":"动作描述"},{"name":"0","icon":"ui_bt_status02.png","musicfile":"0","id":51,"info":"动作描述"},{"name":"0","icon":"ui_bt_status02.png","musicfile":"0","id":52,"info":"动作描述"},{"name":"preparatory1","icon":"ui_bt_status02.png","musicfile":"0","id":60,"info":"动作描述"},{"name":"preparatory1_z","icon":"ui_bt_status02.png","musicfile":"0","id":61,"info":"动作描述"},{"name":"z_preparatory1","icon":"ui_bt_status02.png","musicfile":"0","id":62,"info":"动作描述"},{"name":"0","icon":"ui_bt_status02.png","musicfile":"0","id":70,"info":"动作描述"},{"name":"0","icon":"ui_bt_status02.png","musicfile":"0","id":71,"info":"动作描述"},{"name":"0","icon":"ui_bt_status02.png","musicfile":"0","id":72,"info":"动作描述"},{"name":"hit1_z","icon":"ui_bt_status02.png","musicfile":"0","id":80,"info":"动作描述"},{"name":"hitback1","icon":"ui_bt_status02.png","musicfile":"0","id":81,"info":"动作描述"},{"name":"0","icon":"ui_bt_status02.png","musicfile":"0","id":82,"info":"动作描述"},{"name":"weak","icon":"ui_bt_status02.png","musicfile":"0","id":90,"info":"动作描述"},{"name":"weak_z","icon":"ui_bt_status02.png","musicfile":"0","id":91,"info":"动作描述"},{"name":"z_weak","icon":"ui_bt_status02.png","musicfile":"0","id":92,"info":"动作描述"},{"name":"0","icon":"ui_bt_status02.png","musicfile":"0","id":100,"info":"动作描述"},{"name":"0","icon":"ui_bt_status02.png","musicfile":"0","id":101,"info":"动作描述"},{"name":"0","icon":"ui_bt_status02.png","musicfile":"0","id":102,"info":"动作描述"},{"name":"tank","icon":"ui_bt_status02.png","musicfile":"0_DEF10001","id":110,"info":"动作描述"},{"name":"tank_z","icon":"ui_bt_status02.png","musicfile":"0","id":111,"info":"动作描述"},{"name":"z_tank","icon":"ui_bt_status02.png","musicfile":"0","id":112,"info":"动作描述"},{"name":"hit_tank","icon":"ui_bt_status02.png","musicfile":"0_DEF10002","id":120,"info":"动作描述"},{"name":"0","icon":"ui_bt_status02.png","musicfile":"0","id":121,"info":"动作描述"},{"name":"0","icon":"ui_bt_status02.png","musicfile":"0","id":122,"info":"动作描述"},{"name":"break1_z","icon":"ui_bt_status02.png","musicfile":"0_DEF10003","id":130,"info":"动作描述"},{"name":"0","icon":"ui_bt_status02.png","musicfile":"0","id":131,"info":"动作描述"},{"name":"0","icon":"ui_bt_status02.png","musicfile":"0","id":132,"info":"动作描述"},{"name":"magic","icon":"ui_bt_status02.png","musicfile":"0","id":140,"info":"动作描述"},{"name":"magic_z","icon":"ui_bt_status02.png","musicfile":"0","id":141,"info":"动作描述"},{"name":"ready_magic","icon":"ui_bt_status02.png","musicfile":"0","id":142,"info":"动作描述"},{"name":"hit_magic","icon":"ui_bt_status02.png","musicfile":"0","id":150,"info":"动作描述"},{"name":"0","icon":"ui_bt_status02.png","musicfile":"0","id":151,"info":"动作描述"},{"name":"0","icon":"ui_bt_status02.png","musicfile":"0","id":152,"info":"动作描述"},{"name":"break2_z","icon":"ui_bt_status02.png","musicfile":"0_DEF10003","id":160,"info":"动作描述"},{"name":"0","icon":"ui_bt_status02.png","musicfile":"0","id":161,"info":"动作描述"},{"name":"0","icon":"ui_bt_status02.png","musicfile":"0","id":162,"info":"动作描述"},{"name":"0","icon":"ui_bt_status02.png","musicfile":"0","id":170,"info":"动作描述"},{"name":"0","icon":"ui_bt_status02.png","musicfile":"0","id":171,"info":"动作描述"},{"name":"0","icon":"ui_bt_status02.png","musicfile":"0","id":172,"info":"动作描述"},{"name":"0","icon":"ui_bt_status02.png","musicfile":"0","id":180,"info":"动作描述"},{"name":"0","icon":"ui_bt_status01.png","musicfile":"0","id":181,"info":"动作描述"},{"name":"0","icon":"ui_bt_status02.png","musicfile":"0","id":182,"info":"动作描述"},{"name":"0","icon":"ui_bt_status02.png","musicfile":"0","id":190,"info":"动作描述"},{"name":"0","icon":"ui_bt_status02.png","musicfile":"0","id":191,"info":"动作描述"},{"name":"0","icon":"ui_bt_status02.png","musicfile":"0","id":192,"info":"动作描述"},{"name":"up_down","icon":"ui_bt_status02.png","musicfile":"0_MOVE2005","id":200,"info":"动作描述"},{"name":"0","icon":"ui_bt_status02.png","musicfile":"0","id":201,"info":"动作描述"},{"name":"0","icon":"ui_bt_status02.png","musicfile":"0","id":202,"info":"动作描述"},{"name":"fly_up","icon":"ui_bt_status02.png","musicfile":"0","id":210,"info":"动作描述"},{"name":"0","icon":"ui_bt_status02.png","musicfile":"0","id":211,"info":"动作描述"},{"name":"0","icon":"ui_bt_status02.png","musicfile":"0","id":212,"info":"动作描述"},{"name":"0","icon":"ui_bt_status02.png","musicfile":"0","id":220,"info":"动作描述"},{"name":"0","icon":"ui_bt_status02.png","musicfile":"0","id":221,"info":"动作描述"},{"name":"0","icon":"ui_bt_status02.png","musicfile":"0","id":222,"info":"动作描述"},{"name":"down_lie","icon":"ui_bt_status02.png","musicfile":"0","id":230,"info":"动作描述"},{"name":"0","icon":"ui_bt_status02.png","musicfile":"0","id":231,"info":"动作描述"},{"name":"0","icon":"ui_bt_status02.png","musicfile":"0","id":232,"info":"动作描述"},{"name":"lie","icon":"ui_bt_status02.png","musicfile":"1_H1000004","id":240,"info":"动作描述"},{"name":"0","icon":"ui_bt_status02.png","musicfile":"0","id":241,"info":"动作描述"},{"name":"0","icon":"ui_bt_status02.png","musicfile":"0","id":242,"info":"动作描述"},{"name":"0","icon":"ui_bt_status02.png","musicfile":"0","id":250,"info":"动作描述"},{"name":"0","icon":"ui_bt_status02.png","musicfile":"0","id":251,"info":"动作描述"},{"name":"0","icon":"ui_bt_status02.png","musicfile":"0","id":252,"info":"动作描述"},{"name":"","icon":"ui_bt_status02.png","musicfile":"0","id":260,"info":"动作描述"},{"name":"0","icon":"ui_bt_status02.png","musicfile":"0","id":261,"info":"动作描述"},{"name":"0","icon":"ui_bt_status02.png","musicfile":"0","id":262,"info":"动作描述"},{"name":"0","icon":"ui_bt_status02.png","musicfile":"0","id":270,"info":"动作描述"},{"name":"队长登场初始化","icon":"ui_bt_status02.png","musicfile":"0_MOVE2001","id":280,"info":"动作描述"},{"name":"队员登场初始化","icon":"ui_bt_status02.png","musicfile":"0","id":290,"info":"动作描述"},{"name":"provocative_z","icon":"ui_bt_status02.png","musicfile":"1_H1000002","id":300,"info":"动作描述"},{"name":"admission_unfenced","icon":"ui_bt_status02.png","musicfile":"0","id":310,"info":"动作描述"},{"name":"0","icon":"ui_bt_status02.png","musicfile":"0","id":311,"info":"动作描述"},{"name":"0","icon":"ui_bt_status02.png","musicfile":"0","id":312,"info":"动作描述"},{"name":"0","icon":"ui_bt_status02.png","musicfile":"0","id":320,"info":"动作描述"},{"name":"0","icon":"ui_bt_status02.png","musicfile":"0","id":321,"info":"动作描述"},{"name":"0","icon":"ui_bt_status02.png","musicfile":"0","id":322,"info":"动作描述"},{"name":"win","icon":"ui_bt_status02.png","musicfile":"1_H1000003","id":330,"info":"动作描述"},{"name":"z_win","icon":"ui_bt_status02.png","musicfile":"0","id":331,"info":"动作描述"},{"name":"0","icon":"ui_bt_status02.png","musicfile":"0","id":332,"info":"动作描述"},{"name":"0","icon":"ui_bt_status02.png","musicfile":"0","id":340,"info":"动作描述"},{"name":"0","icon":"ui_bt_status02.png","musicfile":"0","id":341,"info":"动作描述"},{"name":"0","icon":"ui_bt_status02.png","musicfile":"0","id":342,"info":"动作描述"},{"name":"rest","icon":"ui_bt_status02.png","musicfile":"0","id":350,"info":"动作描述"},{"name":"0","icon":"ui_bt_status02.png","musicfile":"0","id":351,"info":"动作描述"},{"name":"0","icon":"ui_bt_status02.png","musicfile":"0","id":352,"info":"动作描述"},{"name":"0","icon":"ui_bt_status02.png","musicfile":"0","id":360,"info":"动作描述"},{"name":"0","icon":"ui_bt_status02.png","musicfile":"0","id":361,"info":"动作描述"},{"name":"0","icon":"ui_bt_status02.png","musicfile":"0","id":362,"info":"动作描述"},{"name":"walk","icon":"ui_bt_status02.png","musicfile":"0","id":370,"info":"动作描述"},{"name":"rest_walk","icon":"ui_bt_status02.png","musicfile":"0","id":371,"info":"动作描述"},{"name":"walk_stop_rest","icon":"ui_bt_status02.png","musicfile":"0","id":372,"info":"动作描述"},{"name":"0","icon":"ui_bt_status02.png","musicfile":"0","id":380,"info":"动作描述"},{"name":"0","icon":"ui_bt_status02.png","musicfile":"0","id":381,"info":"动作描述"},{"name":"0","icon":"ui_bt_status02.png","musicfile":"0","id":382,"info":"动作描述"},{"name":"0","icon":"ui_bt_status02.png","musicfile":"0","id":390,"info":"动作描述"},{"name":"0","icon":"ui_bt_status02.png","musicfile":"0","id":391,"info":"动作描述"},{"name":"0","icon":"ui_bt_status02.png","musicfile":"0","id":392,"info":"动作描述"},{"name":"encounter","icon":"ui_bt_status02.png","musicfile":"0","id":400,"info":"动作描述"},{"name":"0","icon":"ui_bt_status02.png","musicfile":"0","id":401,"info":"动作描述"},{"name":"0","icon":"ui_bt_status02.png","musicfile":"0","id":402,"info":"动作描述"},{"name":"0","icon":"ui_bt_status02.png","musicfile":"0","id":410,"info":"动作描述"},{"name":"0","icon":"ui_bt_status02.png","musicfile":"0","id":411,"info":"动作描述"},{"name":"0","icon":"ui_bt_status02.png","musicfile":"0","id":412,"info":"动作描述"},{"name":"0","icon":"ui_bt_status02.png","musicfile":"0","id":420,"info":"动作描述"},{"name":"0","icon":"ui_bt_status02.png","musicfile":"0","id":421,"info":"动作描述"},{"name":"0","icon":"ui_bt_status02.png","musicfile":"0","id":422,"info":"动作描述"},{"name":"0","icon":"ui_bt_status02.png","musicfile":"0","id":430,"info":"动作描述"},{"name":"0","icon":"ui_bt_status02.png","musicfile":"0","id":431,"info":"动作描述"},{"name":"0","icon":"ui_bt_status02.png","musicfile":"0","id":432,"info":"动作描述"},{"name":"0","icon":"ui_bt_status02.png","musicfile":"0","id":440,"info":"动作描述"},{"name":"0","icon":"ui_bt_status02.png","musicfile":"0","id":441,"info":"动作描述"},{"name":"0","icon":"ui_bt_status02.png","musicfile":"0","id":442,"info":"动作描述"},{"name":"0","icon":"ui_bt_status02.png","musicfile":"0","id":450,"info":"动作描述"},{"name":"0","icon":"ui_bt_status02.png","musicfile":"0","id":451,"info":"动作描述"},{"name":"0","icon":"ui_bt_status02.png","musicfile":"0","id":452,"info":"动作描述"},{"name":"0","icon":"ui_bt_status02.png","musicfile":"0","id":460,"info":"动作描述"},{"name":"0","icon":"ui_bt_status02.png","musicfile":"0","id":461,"info":"动作描述"},{"name":"0","icon":"ui_bt_status02.png","musicfile":"0","id":462,"info":"动作描述"},{"name":"0","icon":"ui_bt_status02.png","musicfile":"0","id":470,"info":"动作描述"},{"name":"0","icon":"ui_bt_status02.png","musicfile":"0","id":471,"info":"动作描述"},{"name":"0","icon":"ui_bt_status02.png","musicfile":"0","id":472,"info":"动作描述"},{"name":"0","icon":"ui_bt_status02.png","musicfile":"0","id":480,"info":"动作描述"},{"name":"0","icon":"ui_bt_status02.png","musicfile":"0","id":481,"info":"动作描述"},{"name":"0","icon":"ui_bt_status02.png","musicfile":"0","id":482,"info":"动作描述"},{"name":"0","icon":"ui_bt_status02.png","musicfile":"0","id":490,"info":"动作描述"},{"name":"0","icon":"ui_bt_status02.png","musicfile":"0","id":491,"info":"动作描述"},{"name":"0","icon":"ui_bt_status02.png","musicfile":"0","id":492,"info":"动作描述"},{"name":"0","icon":"ui_bt_status02.png","musicfile":"0","id":500,"info":"动作描述"},{"name":"0","icon":"ui_bt_status02.png","musicfile":"0","id":501,"info":"动作描述"},{"name":"0","icon":"ui_bt_status02.png","musicfile":"0","id":502,"info":"动作描述"},{"name":"0","icon":"ui_bt_status02.png","musicfile":"0","id":503,"info":"动作描述"},{"name":"atk1_p","icon":"ui_bt_status02.png","musicfile":"0","id":610,"info":"动作描述"},{"name":"atk2_p","icon":"ui_bt_status02.png","musicfile":"0","id":620,"info":"动作描述"},{"name":"atk3_p","icon":"ui_bt_status02.png","musicfile":"0","id":630,"info":"动作描述"},{"name":"atk4_p","icon":"ui_bt_status02.png","musicfile":"0","id":640,"info":"动作描述"},{"name":"atk5_p","icon":"ui_bt_status02.png","musicfile":"0","id":650,"info":"动作描述"},{"name":"atk6_p","icon":"ui_bt_status04.png","musicfile":"0","id":660,"info":"动作描述"},{"name":"atk7_p","icon":"ui_bt_status05.png","musicfile":"0","id":670,"info":"动作描述"},{"name":"atk8_p","icon":"ui_bt_status06.png","musicfile":"0","id":680,"info":"动作描述"},{"name":"atk9_p","icon":"ui_bt_status02.png","musicfile":"0","id":690,"info":"动作描述"},{"name":"atk10_p","icon":"ui_bt_status02.png","musicfile":"0","id":700,"info":"动作描述"},{"name":"atk11_p","icon":"ui_bt_status02.png","musicfile":"0","id":710,"info":"动作描述"},{"name":"atk12_p","icon":"ui_bt_status02.png","musicfile":"0","id":720,"info":"动作描述"},{"name":"atk13_p","icon":"ui_bt_status02.png","musicfile":"0","id":730,"info":"动作描述"},{"name":"atk14_p","icon":"ui_bt_status02.png","musicfile":"0","id":740,"info":"动作描述"},{"name":"atk15_p","icon":"ui_bt_status02.png","musicfile":"0","id":750,"info":"动作描述"},{"name":"atk16_p","icon":"ui_bt_status02.png","musicfile":"0","id":760,"info":"动作描述"},{"name":"atk17_p","icon":"ui_bt_status02.png","musicfile":"0","id":770,"info":"动作描述"},{"name":"atk18_p","icon":"ui_bt_status02.png","musicfile":"0","id":780,"info":"动作描述"},{"name":"atk19_p","icon":"ui_bt_status02.png","musicfile":"0","id":790,"info":"动作描述"},{"name":"atk20_p","icon":"ui_bt_status02.png","musicfile":"0","id":800,"info":"动作描述"},{"name":"atk21_p","icon":"ui_bt_status02.png","musicfile":"0","id":810,"info":"动作描述"},{"name":"atk22_p","icon":"ui_bt_status02.png","musicfile":"0","id":820,"info":"动作描述"},{"name":"直接调用技能动作","icon":"ui_bt_status02.png","musicfile":"0","id":1000,"info":"动作描述"},{"name":"atk1_z","icon":"ui_bt_status02.png","musicfile":"0","id":1001,"info":"动作描述"},{"name":"atk2_z","icon":"ui_bt_status02.png","musicfile":"0","id":1002,"info":"动作描述"},{"name":"atk3_z","icon":"ui_bt_status02.png","musicfile":"0","id":1003,"info":"动作描述"},{"name":"atk4_z","icon":"ui_bt_status02.png","musicfile":"0","id":1004,"info":"动作描述"},{"name":"atk5_z","icon":"ui_bt_status02.png","musicfile":"0","id":1005,"info":"动作描述"},{"name":"atk6_z","icon":"ui_bt_status02.png","musicfile":"0","id":1006,"info":"动作描述"},{"name":"atk7_z","icon":"ui_bt_status02.png","musicfile":"0","id":1007,"info":"动作描述"},{"name":"atk8_z","icon":"ui_bt_status02.png","musicfile":"0","id":1008,"info":"动作描述"},{"name":"atk9_z","icon":"ui_bt_status02.png","musicfile":"0","id":1009,"info":"动作描述"},{"name":"atk10_z","icon":"ui_bt_status02.png","musicfile":"0","id":1010,"info":"动作描述"},{"name":"atk11_z","icon":"ui_bt_status02.png","musicfile":"0","id":1011,"info":"动作描述"},{"name":"atk12_z","icon":"ui_bt_status02.png","musicfile":"0","id":1012,"info":"动作描述"},{"name":"atk13_z","icon":"ui_bt_status02.png","musicfile":"0","id":1013,"info":"动作描述"},{"name":"atk14_z","icon":"ui_bt_status02.png","musicfile":"0","id":1014,"info":"动作描述"},{"name":"atk15_z","icon":"ui_bt_status02.png","musicfile":"0","id":1015,"info":"动作描述"},{"name":"atk16_z","icon":"ui_bt_status02.png","musicfile":"0","id":1016,"info":"动作描述"},{"name":"atk17_z","icon":"ui_bt_status02.png","musicfile":"0","id":1017,"info":"动作描述"},{"name":"atk18_z","icon":"ui_bt_status02.png","musicfile":"0","id":1018,"info":"动作描述"},{"name":"atk19_z","icon":"ui_bt_status02.png","musicfile":"0","id":1019,"info":"动作描述"},{"name":"atk20_z","icon":"ui_bt_status02.png","musicfile":"0","id":1020,"info":"动作描述"},{"name":"preparatory2","icon":"ui_bt_status02.png","musicfile":"0","id":1060,"info":"动作描述"},{"name":"z_preparatory2","icon":"ui_bt_status02.png","musicfile":"0","id":1061,"info":"动作描述"},{"name":"preparatory2_z","icon":"ui_bt_status02.png","musicfile":"0","id":1062,"info":"动作描述"},{"name":"preparatory3","icon":"ui_bt_status02.png","musicfile":"0","id":1070,"info":"动作描述"},{"name":"z_preparatory3","icon":"ui_bt_status02.png","musicfile":"0","id":1071,"info":"动作描述"},{"name":"preparatory3_z","icon":"ui_bt_status02.png","musicfile":"0","id":1072,"info":"动作描述"},{"name":"storydie1","icon":"剧情死亡状态","musicfile":"0","id":1180,"info":"动作描述"},{"name":"z_storydie1","icon":"转到死亡状态的中间态","musicfile":"0","id":1181,"info":"动作描述"},{"name":"ready_rest","icon":"侵略到休闲","musicfile":"0","id":1190,"info":"动作描述"},{"name":"rest_ready","icon":"休闲到侵略","musicfile":"0","id":1200,"info":"动作描述"},{"name":"firstready","icon":"英雄在主城   位置1的状态动作","musicfile":"0","id":1210,"info":"动作描述"},{"name":"secondready","icon":"英雄在主城   位置2的状态动作","musicfile":"0","id":1220,"info":"动作描述"},{"name":"thirdready","icon":"英雄在主城   位置3的状态动作","musicfile":"0","id":1230,"info":"动作描述"},{"name":"fourthready","icon":"英雄在主城  位置4的状态动作","musicfile":"0","id":1240,"info":"动作描述"},{"name":"firstdia1","icon":"英雄在主城   位置1的剧情对话动作1","musicfile":"0","id":1250,"info":"动作描述"},{"name":"seconddia1","icon":"英雄在主城   位置2的剧情对话动作1","musicfile":"0","id":1260,"info":"动作描述"},{"name":"thirddia1","icon":"英雄在主城   位置3的剧情对话动作1","musicfile":"0","id":1270,"info":"动作描述"},{"name":"fourthdia1","icon":"英雄在主城   位置4的剧情对话动作1","musicfile":"0","id":1280,"info":"动作描述"},{"name":"clickbuildani","icon":"建筑点击","musicfile":"0","id":1290,"info":"动作描述"},{"name":"endbuildani","icon":"主城按住的建筑 松开","musicfile":"0","id":1300,"info":"动作描述"},{"name":"onbuildani","icon":"一直按在主城建筑身上的动作","musicfile":"0","id":1310,"info":"动作描述"},{"name":"getup_z","icon":"ui_bt_status02.png","musicfile":"0","id":3011,"info":"动作描述"},{"name":"p1_p2","icon":"预备1转预备2","musicfile":"0","id":10616,"info":"动作描述"},{"name":"p1_p3","icon":"预备1转预备3","musicfile":"0","id":10617,"info":"动作描述"},{"name":"p2_p1","icon":"预备2转预备1","musicfile":"0","id":11606,"info":"动作描述"},{"name":"p2_p3","icon":"预备2转预备3","musicfile":"0","id":11617,"info":"动作描述"},{"name":"p3_p1","icon":"预备3转预备1","musicfile":"0","id":11706,"info":"动作描述"},{"name":"p3_p2","icon":"预备3转预备2","musicfile":"0","id":11716,"info":"动作描述"}]