[{"lieground":"[0]","skillinfo":"己方盾防效果增加10%","ssbeattack":"[0,0,0,0,0]","range":"[[],[],[]]","prespecial":"[]","boomatkmusics":"0,0,0,0,0","atkmusics":"0,0,0,0,0","array":"[[],[],[300]]","hurtnumber":"[1]","skill":"指挥艺术","actionlevel":"[1]","id":10010101,"cuthptime":"[0.03]","cellposx":"[[],[],[]]","evethn":"[1]","cutlighteffs":"[0,0,0,0,0]","groups":"[[],[],[]]","isspecialskill":"0","keepattack":"0","growupeffecttype":"[0]","beatackeffect":"[0]","name":"王国士兵队长技能","playspeed":"[1,1,1,1,1]","beatkmusics":"0,0,0,0,0","ubattack":"[25]","sbattack":"[0]"},{"lieground":"[0,0,0,1,0]","skillinfo":"攻击身边一格范围内单体目标【5段】","ssbeattack":"[0,0,0,0,0]","range":"[[],[],[]]","prespecial":"[]","boomatkmusics":"HIT20003,HIT20003,HIT20003,HIT20003,HIT20003","atkmusics":"BIT10001,BIT10001,BIT10001,BIT10001,BIT10002","array":"[[],[],[1001,1002,1003,1004,1005]]","hurtnumber":"[1,1,1,1,2]","skill":"普攻","actionlevel":"[1,1,1,1,1]","id":10010103,"cuthptime":"[0.03,0.03,0.03,0.03,0.03]","cellposx":"[[],[],[]]","evethn":"[1,1,1,1,2]","cutlighteffs":"[0,0,0,0,0]","groups":"[[],[],[]]","isspecialskill":"0","keepattack":"0","growupeffecttype":"[0,0,0,0,0]","beatackeffect":"[0,0,0,0,0]","name":"王国士兵技能1","playspeed":"[1,1,1,1,1]","beatkmusics":"HIT20001,HIT20001,HIT20001,HIT20001,HIT20002","ubattack":"[25,25,25,25,25]","sbattack":"[26,0,0,26,26]"},{"lieground":"[0]","skillinfo":"对面前1*3范围造成群体伤害【2段】","ssbeattack":"[0,0,0,0,0]","range":"[[],[],[[1,3],[1,3]]]","prespecial":"[]","boomatkmusics":"HIT20003,HIT20003","atkmusics":"BIT10002,BIT10001","array":"[[],[],[1006,1007]]","hurtnumber":"[1]","skill":"顺劈斩","actionlevel":"[1]","id":10010104,"cuthptime":"[0.03]","cellposx":"[[],[],[]]","evethn":"[1]","cutlighteffs":"[0,0,0,0,0]","groups":"[[],[],[]]","isspecialskill":"0","keepattack":"0","growupeffecttype":"[0]","beatackeffect":"[0]","name":"王国士兵技能2","playspeed":"[1,1,1,1,1]","beatkmusics":"HIT20002,HIT20001","ubattack":"[25,25]","sbattack":"[26,26]"},{"lieground":"[0]","skillinfo":"己方破盾效果提升10%","ssbeattack":"[0,0,0,0,0]","range":"[[],[],[]]","prespecial":"[]","boomatkmusics":"0,0,0,0","atkmusics":"0,0,0,0,0","array":"[[],[],[300]]","hurtnumber":"[0]","skill":"弱点击破","actionlevel":"[0]","id":10020101,"cuthptime":"[0.03]","cellposx":"[[],[],[]]","evethn":"[1]","cutlighteffs":"[0,0,0,0,0]","groups":"[[],[],[]]","isspecialskill":"0","keepattack":"0","growupeffecttype":"[0]","beatackeffect":"[0]","name":"奥尔良少女队长技能","playspeed":"[1,1,1,1,1]","beatkmusics":"0,0,0,0,0","ubattack":"[0]","sbattack":"[0]"},{"lieground":"[0,0,0]","skillinfo":"攻击身边一格范围内单体目标【3段】","ssbeattack":"[0,0,0]","range":"[[],[],[]]","prespecial":"[]","boomatkmusics":"HIT20003,HIT20003,HIT20003","atkmusics":"S2005033,S2005033,S2005033","array":"[[],[],[1001,1002,1003]]","hurtnumber":"[1,2,2]","skill":"普攻","actionlevel":"[1,1,1]","id":10020103,"cuthptime":"[0.03,0.03,0.03,0.03]","cellposx":"[[],[],[]]","evethn":"[1,2,2]","cutlighteffs":"[0,0,0]","groups":"[[],[],[]]","isspecialskill":"0","keepattack":"0","growupeffecttype":"[0,0,0]","beatackeffect":"[0,0,0,0]","name":"奥尔良少女技能1","playspeed":"[1,1,1,1,1]","beatkmusics":"HIT20001,HIT20001,HIT20002","ubattack":"[25,25,25]","sbattack":"[26,26,26]"},{"lieground":"[0,0,0]","skillinfo":"攻击身边一格范围内单体目标，对物理护盾产生高额伤害【3段】","ssbeattack":"[0,0,0]","range":"[[],[],[]]","prespecial":"[]","boomatkmusics":"HIT20003,HIT20003,HIT20003","atkmusics":"S2005043,S2005043,S2005043","array":"[[],[],[1005,1006,1007]]","hurtnumber":"[1,3,1]","skill":"荆棘之舞","actionlevel":"[1,2,3]","id":10020104,"cuthptime":"[0.03,0.03]","cellposx":"[[],[],[]]","evethn":"[1,3,1]","cutlighteffs":"[0,0,0]","groups":"[[],[],[]]","isspecialskill":"0","keepattack":"0","growupeffecttype":"[0,0,0]","beatackeffect":"[0,0]","name":"奥尔良少女技能2","playspeed":"[1,1,1,1,1]","beatkmusics":"HIT20001,HIT20002,HIT20001","ubattack":"[25,25,25]","sbattack":"[0,0,0]"},{"lieground":"[0]","skillinfo":"己方魔法防御力提升10%","ssbeattack":"[0,0,0,0,0]","range":"[[],[],[]]","prespecial":"[]","boomatkmusics":"0,0,0,0","atkmusics":"0,0,0,0,0","array":"[[],[],[300]]","hurtnumber":"[1]","skill":"神圣庇护","actionlevel":"[1]","id":10030101,"cuthptime":"[0.03]","cellposx":"[[],[],[]]","evethn":"[1]","cutlighteffs":"[0,0,0,0,0]","groups":"[[],[],[]]","isspecialskill":"0","keepattack":"0","growupeffecttype":"[0]","beatackeffect":"[0]","name":"骑士队长技能","playspeed":"[1,1,1,1,1]","beatkmusics":"0,0,0,0,0","ubattack":"[25]","sbattack":"[0]"},{"lieground":"[0,0,0]","skillinfo":"攻击身边一格范围内单体目标【3段】","ssbeattack":"[0,0,0,0,0]","range":"[[],[],[]]","prespecial":"[]","boomatkmusics":"HIT30004,HIT30004,HIT30004","atkmusics":"BIT20001,BIT20001,BIT20002","array":"[[],[],[1001,1002,1003]]","hurtnumber":"[1,1,1]","skill":"普攻","actionlevel":"[1,1,3]","id":10030103,"cuthptime":"[0.03,0.03,0.03]","cellposx":"[[],[],[]]","evethn":"[1,1,1]","cutlighteffs":"[0,0,0,0,0]","groups":"[[],[],[]]","isspecialskill":"0","keepattack":"0","growupeffecttype":"[0,0,0]","beatackeffect":"[0,0,0]","name":"骑士技能1","playspeed":"[1,1,1,1,1]","beatkmusics":"HIT30001,HIT30001,HIT30002","ubattack":"[87,87,87]","sbattack":"[0,0,0]"},{"lieground":"[0,0]","skillinfo":"攻击身边一格范围内单体目标【2段】，有几率使目标进入眩晕状态","ssbeattack":"[0,0,0,0,0]","range":"[[],[],[]]","prespecial":"[]","boomatkmusics":"HIT30004,HIT30004","atkmusics":"BIT20002,BIT20002","array":"[[],[],[1004,1005]]","hurtnumber":"[1,1]","skill":"盾击","actionlevel":"[1,3]","id":10030104,"cuthptime":"[0.03,0.03]","cellposx":"[[],[],[]]","evethn":"[1,1]","cutlighteffs":"[0,0,0,0,0]","groups":"[[],[],[]]","isspecialskill":"0","keepattack":"0","growupeffecttype":"[0,0]","beatackeffect":"[0,0]","name":"骑士技能2","playspeed":"[1,1,1,1,1]","beatkmusics":"HIT30002,HIT30002","ubattack":"[87,87]","sbattack":"[0,0]"},{"lieground":"[0]","skillinfo":"敌方盾防效果降低10%","ssbeattack":"[0,0,0,0,0]","range":"[[],[],[]]","prespecial":"[]","boomatkmusics":"0,0,0,0","atkmusics":"0,0,0,0,0","array":"[[],[],[300]]","hurtnumber":"[1]","skill":"狼嚎","actionlevel":"[1]","id":10040101,"cuthptime":"[0.03]","cellposx":"[[],[],[]]","evethn":"[1]","cutlighteffs":"[0,0,0,0,0]","groups":"[[],[],[]]","isspecialskill":"0","keepattack":"0","growupeffecttype":"[0]","beatackeffect":"[0]","name":"狼人队长技能","playspeed":"[1,1,1,1,1]","beatkmusics":"0,0,0,0,0","ubattack":"[25]","sbattack":"[0]"},{"lieground":"[0]","skillinfo":"攻击身边一格范围内单体目标【5段】","ssbeattack":"[0,0,0,0,0]","range":"[[],[],[]]","prespecial":"[]","boomatkmusics":"HIT20003,HIT20003,HIT20003,HIT20003","atkmusics":"BIT10001,BIT10001,BIT10001,BIT10002","array":"[[],[],[1001,1002,1003,1004,1005]]","hurtnumber":"[1,1,1,1,1]","skill":"普攻","actionlevel":"[1,1,1,3,3]","id":10040103,"cuthptime":"[0.03,0.03,0.03,0.03,0.03]","cellposx":"[[],[],[]]","evethn":"[1,1,1,1,1]","cutlighteffs":"[0,0,0,0,0]","groups":"[[],[],[]]","isspecialskill":"0","keepattack":"0","growupeffecttype":"[0]","beatackeffect":"[0,0,0,0,0]","name":"狼人技能1","playspeed":"[1,1,1,1,1]","beatkmusics":"HIT20001,HIT20001,HIT20001,HIT20002","ubattack":"[25,25,25,25,25]","sbattack":"[27,27,27,27,27]"},{"lieground":"[0]","skillinfo":"攻击身边一格范围内单体目标【3段】，吸收造成伤害【百分比】血量","ssbeattack":"[0,0,0,0,0]","range":"[[],[],[]]","prespecial":"[]","boomatkmusics":"HIT20003,HIT20003,HIT20003","atkmusics":"BIT10001,BIT10002,BIT10002","array":"[[],[],[1006,1007,1008]]","hurtnumber":"[1,1,1]","skill":"啃嗜","actionlevel":"[1,3,3]","id":10040104,"cuthptime":"[0.03]","cellposx":"[[],[],[]]","evethn":"[1,1,1]","cutlighteffs":"[0,0,0,0,0]","groups":"[[],[],[]]","isspecialskill":"0","keepattack":"0","growupeffecttype":"[0]","beatackeffect":"[0]","name":"狼人技能2","playspeed":"[1,1,1,1,1]","beatkmusics":"HIT20001,HIT20002,HIT20002","ubattack":"[25,25,25]","sbattack":"[27,27,27]"},{"lieground":"[0]","skillinfo":"己方魔法获得量提升","ssbeattack":"[0,0,0,0,0]","range":"[[],[],[]]","prespecial":"[]","boomatkmusics":"0,0,0,0","atkmusics":"0,0,0,0,0","array":"[[],[],[300]]","hurtnumber":"[1]","skill":"热情高涨","actionlevel":"[1]","id":10050101,"cuthptime":"[0.03]","cellposx":"[[],[],[]]","evethn":"[1]","cutlighteffs":"[0,0,0,0,0]","groups":"[[],[],[]]","isspecialskill":"0","keepattack":"0","growupeffecttype":"[0]","beatackeffect":"[0]","name":"火女队长技能","playspeed":"[1,1,1,1,1]","beatkmusics":"0,0,0,0,0","ubattack":"[28]","sbattack":"[0]"},{"lieground":"[0,0,0]","skillinfo":"对2格外1*1造成单体伤害【3段】","ssbeattack":"[0,0,0]","range":"[[],[],[[1,1],[1,1],[1,1]]]","prespecial":"[]","boomatkmusics":"HIT10001,HIT10001,HIT10001","atkmusics":"0,0,0,0,0","array":"[[11,62],[60],[1001,1002,1003]]","hurtnumber":"[1,1,1]","skill":"火球术","actionlevel":"[1,1,1]","id":10050103,"cuthptime":"[0.03,0.03,0.03]","cellposx":"[[],[],[]]","evethn":"[1,1,1]","cutlighteffs":"[32,32,32]","groups":"[[],[],[[3],[3],[3]]]","isspecialskill":"0","keepattack":"0","growupeffecttype":"[1,1,1]","beatackeffect":"[0,0,0]","name":"火女技能1","playspeed":"[1,1,1,1,1]","beatkmusics":"HIT10001,HIT10001,HIT10001","ubattack":"[121,121,121]","sbattack":"[122,122,122]"},{"lieground":"[0]","skillinfo":"蓄力，对3格外3*3范围造成群体伤害【1段】","ssbeattack":"[0,0,0,0,0]","range":"[[],[],[[3,3]]]","prespecial":"[109]","boomatkmusics":"BOOM1001","atkmusics":"0,0,0,0,0","array":"[[11,1061],[1060],[1004]]","hurtnumber":"[1]","skill":"陨石术","actionlevel":"[1]","id":10050104,"cuthptime":"[0.03]","cellposx":"[[],[],[]]","evethn":"[1]","cutlighteffs":"[0,0,0,0,0]","groups":"[[],[],[[\"8#9\"]]]","isspecialskill":"0","keepattack":"0","growupeffecttype":"[0]","beatackeffect":"[0]","name":"火女技能2","playspeed":"[1,1,1,1,1]","beatkmusics":"BOOM1001","ubattack":"[122]","sbattack":"[0]"},{"lieground":"[0]","skillinfo":"己方暴击效果提升","ssbeattack":"[0,0,0,0,0]","range":"[[],[],[]]","prespecial":"[]","boomatkmusics":"0,0,0,0","atkmusics":"0,0,0,0,0","array":"[[],[],[300]]","hurtnumber":"[1]","skill":"致命","actionlevel":"[1]","id":10060101,"cuthptime":"[0.03]","cellposx":"[[],[],[]]","evethn":"[1]","cutlighteffs":"[0,0,0,0,0]","groups":"[[],[],[]]","isspecialskill":"0","keepattack":"0","growupeffecttype":"[0]","beatackeffect":"[0]","name":"枪手队长技能","playspeed":"[1,1,1,1,1]","beatkmusics":"0,0,0,0,0","ubattack":"[25]","sbattack":"[0]"},{"lieground":"[0]","skillinfo":"对4格外3*1范围造成单体伤害【1段】","ssbeattack":"[0,0,0,0,0]","range":"[[],[],[]]","prespecial":"[]","boomatkmusics":"HIT20003","atkmusics":"S2006033","array":"[[11,62],[60],[1001]]","hurtnumber":"[1]","skill":"精准射击","actionlevel":"[1]","id":10060103,"cuthptime":"[0.03]","cellposx":"[[],[],[]]","evethn":"[1]","cutlighteffs":"[112]","groups":"[[],[],[]]","isspecialskill":"0","keepattack":"0","growupeffecttype":"[0]","beatackeffect":"[0]","name":"枪手技能1","playspeed":"[1,1,1,1,1]","beatkmusics":"HIT20001","ubattack":"[25]","sbattack":"[0]"},{"lieground":"[0,0,0,0,0]","skillinfo":"蓄力，对4格外8*1范围内的一个目标进行打击【5段】","ssbeattack":"[0,0,0,0,0]","range":"[[],[],[]]","prespecial":"[]","boomatkmusics":"HIT20003,HIT20003,HIT20003,HIT20003,HIT20003","atkmusics":"S2006043,S2006043,S2006043,S2006043,S2006043","array":"[[11,1061],[1060],[1001,1001,1002,1001,1003]]","hurtnumber":"[1,1,1,1,1]","skill":"神之狙击","actionlevel":"[1,1,1,1,1]","id":10060104,"cuthptime":"[0.03,0.03,0.03,0.03,0.03]","cellposx":"[[],[],[]]","evethn":"[1,1,1,1,1]","cutlighteffs":"[112,112,112,112,112]","groups":"[[],[],[]]","isspecialskill":"0","keepattack":"5","growupeffecttype":"[0,0,0,0,0]","beatackeffect":"[0,0,0,0,0]","name":"枪手技能2","playspeed":"[1,1,1,1,1]","beatkmusics":"HIT20001,HIT20001,HIT20001,HIT20002,HIT20002","ubattack":"[25,25,25,25,25]","sbattack":"[0,0,0,0,0]"},{"lieground":"[0]","skillinfo":"增加己方治疗量","ssbeattack":"[0,0,0,0,0]","range":"[[],[],[]]","prespecial":"[]","boomatkmusics":"0,0,0,0","atkmusics":"0,0,0,0,0","array":"[[],[],[300]]","hurtnumber":"[1]","skill":"生命庇护","actionlevel":"[1]","id":10070101,"cuthptime":"[0.03]","cellposx":"[[],[],[]]","evethn":"[1]","cutlighteffs":"[0,0,0,0,0]","groups":"[[],[],[]]","isspecialskill":"0","keepattack":"0","growupeffecttype":"[0]","beatackeffect":"[0]","name":"德鲁伊队长技能","playspeed":"[1,1,1,1,1]","beatkmusics":"0,0,0,0,0","ubattack":"[25]","sbattack":"[0]"},{"lieground":"[0]","skillinfo":"对1格外3*3范围造成单体伤害【2段】","ssbeattack":"[0,0,0,0,0]","range":"[[],[],[]]","prespecial":"[]","boomatkmusics":"HIT20003","atkmusics":"S2007033","array":"[[11,62],[60],[1001]]","hurtnumber":"[1]","skill":"疯狂生长","actionlevel":"[1]","id":10070103,"cuthptime":"[0.03]","cellposx":"[[],[],[]]","evethn":"[1]","cutlighteffs":"[0,0,0,0,0]","groups":"[[],[],[[33]]]","isspecialskill":"1","keepattack":"0","growupeffecttype":"[0]","beatackeffect":"[0]","name":"德鲁伊技能1","playspeed":"[1,1,1,1,1]","beatkmusics":"HIT20001","ubattack":"[24]","sbattack":"[0]"},{"lieground":"[0]","skillinfo":"1格外3*3范围内己方全体每回合回复生命值，持续3回合","ssbeattack":"[0,0,0,0,0]","range":"[[],[],[]]","prespecial":"[]","boomatkmusics":"0,0,0,0","atkmusics":"S2007043","array":"[[11,1061],[1060],[1002]]","hurtnumber":"[1]","skill":"回春术","actionlevel":"[1]","id":10070104,"cuthptime":"[0.03]","cellposx":"[[],[],[]]","evethn":"[1]","cutlighteffs":"[0,0,0,0,0]","groups":"[[],[],[[14]]]","isspecialskill":"0","keepattack":"0","growupeffecttype":"[0]","beatackeffect":"[0]","name":"德鲁伊技能2","playspeed":"[1,1,1,1,1]","beatkmusics":"0,0,0,0,0","ubattack":"[0]","sbattack":"[0]"},{"lieground":"[0]","skillinfo":"己方魔法伤害提升","ssbeattack":"[0,0,0,0,0]","range":"[[],[],[]]","prespecial":"[]","boomatkmusics":"0,0,0,0","atkmusics":"0,0,0,0,0","array":"[[],[],[300]]","hurtnumber":"[1]","skill":"机巧精通","actionlevel":"[1]","id":10080101,"cuthptime":"[0.03]","cellposx":"[[],[],[]]","evethn":"[1]","cutlighteffs":"[0,0,0,0,0]","groups":"[[],[],[]]","isspecialskill":"0","keepattack":"0","growupeffecttype":"[0]","beatackeffect":"[0]","name":"哥布林工程师队长技能","playspeed":"[1,1,1,1,1]","beatkmusics":"0,0,0,0,0","ubattack":"[25]","sbattack":"[0]"},{"lieground":"[0,0,0]","skillinfo":"对面前1*3范围造成群体伤害【3段】","ssbeattack":"[0,0,0,0,0]","range":"[[],[],[[[1,1],[1,1],[1,1]],[[1,1],[1,1],[1,1]],[[1,1],[1,1],[1,1]]]]","prespecial":"[]","boomatkmusics":"BOOM1002,BOOM1002,BOOM1002","atkmusics":"S2008033,S2008033,S2008033","array":"[[11,62],[60],[1001,1001,1001]]","hurtnumber":"[1,1,1]","skill":"导弹","actionlevel":"[1]","id":10080103,"cuthptime":"[0.03,0.03,0.03]","cellposx":"[[],[],[[3,2,1],[3,2,1],[3,2,1]]]","evethn":"[1,1,1]","cutlighteffs":"[120,120,120]","groups":"[[],[],[[\"4#1\",\"5#1\",\"6#1\"],[\"4#1\",\"5#1\",\"6#1\"],[\"4#1\",\"5#1\",\"6#1\"]]]","isspecialskill":"0","keepattack":"0","growupeffecttype":"[0,0,0]","beatackeffect":"[0,0,0]","name":"哥布林工程师技能1","playspeed":"[1,1,1,1,1]","beatkmusics":"BOOM1002,BOOM1002,BOOM1002","ubattack":"[25,25,25]","sbattack":"[0,0,0]"},{"lieground":"[0]","skillinfo":"对2格外3*3范围造成群体伤害【1段】","ssbeattack":"[0,0,0,0,0]","range":"[[],[],[[3,3]]]","prespecial":"[]","boomatkmusics":"BOOM1001,BOOM1001","atkmusics":"S2008043,S2008043","array":"[[11,1061],[1060],[1002]]","hurtnumber":"[1]","skill":"火箭拳","actionlevel":"[1]","id":10080104,"cuthptime":"[0.03]","cellposx":"[[],[],[]]","evethn":"[1]","cutlighteffs":"[120,120,120]","groups":"[[],[],[[\"7#2\"]]]","isspecialskill":"0","keepattack":"0","growupeffecttype":"[0]","beatackeffect":"[0]","name":"哥布林工程师技能2","playspeed":"[1,1,1,1,1]","beatkmusics":"BOOM1001,BOOM1001","ubattack":"[25]","sbattack":"[0]"},{"lieground":"[0,0]","skillinfo":"对面前1*1范围内敌方单体目标造成物理伤害【2段】连击，1段2次伤害，2段1次伤害","ssbeattack":"[0,0,0]","range":"[[],[],[]]","prespecial":"[]","boomatkmusics":"HIT20003,HIT20003","atkmusics":"BIT10002,BIT10001","array":"[[],[],[1001,1002]]","hurtnumber":"[2,1]","skill":"重击","actionlevel":"[1,1]","id":16040102,"cuthptime":"[0.03,0.03]","cellposx":"[[],[],[]]","evethn":"[2, 1]","cutlighteffs":"[0,0,0]","groups":"[[],[],[]]","isspecialskill":"0","keepattack":"0","growupeffecttype":"[0]","beatackeffect":"[0,0,0]","name":"莱比斯帝国勇士","playspeed":"[1,1]","beatkmusics":"HIT20002,HIT20001","ubattack":"[25,25]","sbattack":"[26,0]"},{"lieground":"[0]","skillinfo":"对面前1*1范围内敌方单体目标造成物理伤害【1段】，攻击携带破甲效果，连击","ssbeattack":"[0,0,0]","range":"[[],[],[]]","prespecial":"[]","boomatkmusics":"HIT20003","atkmusics":"BIT10002","array":"[[],[],[1003]]","hurtnumber":"[1]","skill":"裁决","actionlevel":"[3]","id":16040103,"cuthptime":"[0.03]","cellposx":"[[],[],[]]","evethn":"[1]","cutlighteffs":"[0,0,0]","groups":"[[],[],[]]","isspecialskill":"0","keepattack":"0","growupeffecttype":"[0]","beatackeffect":"[0,0,0]","name":"莱比斯帝国勇士","playspeed":"[1]","beatkmusics":"HIT20002","ubattack":"[25]","sbattack":"[0]"},{"lieground":"[0]","skillinfo":"对4格外1*1范围内敌方单体目标造成物理伤害【1段】","ssbeattack":"[0,0,0]","range":"[[],[],[]]","prespecial":"[]","boomatkmusics":"HIT20003","atkmusics":"S2605023","array":"[[11,62],[60],[1001]]","hurtnumber":"[1]","skill":"狙击","actionlevel":"[1,1]","id":16050102,"cuthptime":"[0.03]","cellposx":"[[],[],[]]","evethn":"[1]","cutlighteffs":"[31]","groups":"[[],[],[]]","isspecialskill":"0","keepattack":"0","growupeffecttype":"[0]","beatackeffect":"[0,0,0]","name":"莱比斯帝国枪手","playspeed":"[1]","beatkmusics":"HIT20001","ubattack":"[25]","sbattack":"[0]"},{"lieground":"[0,0,0]","skillinfo":"蓄力2回合，对4格外1*1范围内敌方单体目标造成物理伤害【3段】","ssbeattack":"[0,0,0]","range":"[[],[],[]]","prespecial":"[]","boomatkmusics":"HIT20003,HIT20003,HIT20003","atkmusics":"S2605033,S2605033,S2605033","array":"[[11,62],[60],[1001,1002,1003]]","hurtnumber":"[1,1,1]","skill":"三段击","actionlevel":"[1,1]","id":16050103,"cuthptime":"[0.03,0.03,0.03]","cellposx":"[[],[],[]]","evethn":"[1,1,1]","cutlighteffs":"[31,31,31]","groups":"[[],[],[]]","isspecialskill":"0","keepattack":"3","growupeffecttype":"[0]","beatackeffect":"[0,0,0]","name":"莱比斯帝国枪手","playspeed":"[1,1,1]","beatkmusics":"HIT20001,HIT20001,HIT20001","ubattack":"[25,25,25]","sbattack":"[0,0,0]"},{"lieground":"[0,0]","skillinfo":"对面前1*1范围内敌方单体目标造成物理伤害【2段】","ssbeattack":"[0,0]","range":"[[],[],[]]","prespecial":"[]","boomatkmusics":"HIT20003,HIT20003","atkmusics":"BIT10002,BIT10002","array":"[[],[],[1001,1002]]","hurtnumber":"[1,1]","skill":"蓄力一击","actionlevel":"[1,1]","id":16060102,"cuthptime":"[0.03,0.03]","cellposx":"[[],[],[]]","evethn":"[1,1]","cutlighteffs":"[0,0]","groups":"[[],[],[]]","isspecialskill":"0","keepattack":"0","growupeffecttype":"[0,0]","beatackeffect":"[0,0]","name":"莱比斯帝国卓绝士","playspeed":"[1,1]","beatkmusics":"HIT20002,HIT20002","ubattack":"[25,25]","sbattack":"[0,0]"},{"lieground":"[0]","skillinfo":"对面前1*1范围内敌方单体目标造成物理伤害【1段】，攻击携带十字溅射","ssbeattack":"[0]","range":"[[],[],[]]","prespecial":"[]","boomatkmusics":"HIT20003","atkmusics":"BIT10002","array":"[[],[],[1003]]","hurtnumber":"[1]","skill":"十字斩","actionlevel":"[3]","id":16060103,"cuthptime":"[0.03]","cellposx":"[[],[],[]]","evethn":"[1]","cutlighteffs":"[0]","groups":"[[],[],[]]","isspecialskill":"0","keepattack":"0","growupeffecttype":"[0]","beatackeffect":"[0]","name":"莱比斯帝国卓绝士","playspeed":"[1]","beatkmusics":"HIT20002","ubattack":"[25]","sbattack":"[0]"},{"lieground":"[0]","skillinfo":"对3格外1*1范围内敌方单体目标造成魔法伤害【1击】","ssbeattack":"[0,0,0,0,0]","range":"[[],[],[]]","prespecial":"[]","boomatkmusics":"HIT20003","atkmusics":"S2607033","array":"[[11,62],[60],[1001]]","hurtnumber":"[1]","skill":"蜘蛛掠行","actionlevel":"[1]","id":16070103,"cuthptime":"[0.03]","cellposx":"[[],[],[]]","evethn":"[1]","cutlighteffs":"[0]","groups":"[[],[],[[88]]]","isspecialskill":"0","keepattack":"0","growupeffecttype":"[0]","beatackeffect":"[0]","name":"蜘蛛掠行","playspeed":"[1,1,1,1,1]","beatkmusics":"HIT20001","ubattack":"[89]","sbattack":"[90]"},{"lieground":"[0]","skillinfo":"蓄力2回合，对面前3*3范围内敌方全体目标造成魔法伤害【1击】","ssbeattack":"[0,0,0,0,0]","range":"[[],[],[]]","prespecial":"[]","boomatkmusics":"HIT10003","atkmusics":"S2607043","array":"[[11,1061],[1060],[1002]]","hurtnumber":"[1]","skill":"剧毒之蜇","actionlevel":"[3]","id":16070104,"cuthptime":"[0.03]","cellposx":"[[],[],[]]","evethn":"[1]","cutlighteffs":"[105]","groups":"[[],[],[[\"106#111\"]]]","isspecialskill":"0","keepattack":"0","growupeffecttype":"[0]","beatackeffect":"[0]","name":"剧毒之蜇","playspeed":"[1,1,1,1,1]","beatkmusics":"HIT10003","ubattack":"[89]","sbattack":"[90]"},{"lieground":"[0]","skillinfo":"对3格外1*1范围内敌方单体目标造成魔法伤害【1击】","ssbeattack":"[0,0,0,0,0]","range":"[[],[],[]]","prespecial":"[]","boomatkmusics":"HIT20003","atkmusics":"S2609033","array":"[[11,62],[60],[1001]]","hurtnumber":"[1]","skill":"暴击","actionlevel":"[1]","id":16080103,"cuthptime":"[0.03]","cellposx":"[[],[],[]]","evethn":"[1]","cutlighteffs":"[0]","groups":"[[],[],[]]","isspecialskill":"0","keepattack":"0","growupeffecttype":"[0]","beatackeffect":"[0]","name":"骷髅法师","playspeed":"[1]","beatkmusics":"HIT20001","ubattack":"[25]","sbattack":"[0]"},{"lieground":"[0]","skillinfo":"对以自己为中心3*3范围内己方全体目标回复30%生命值","ssbeattack":"[0,0,0,0,0]","range":"[[],[],[]]","prespecial":"[]","boomatkmusics":"0,0,0,0","atkmusics":"S2608043","array":"[[11,1061],[1060],[1002]]","hurtnumber":"[1]","skill":"苏生","actionlevel":"[1]","id":16080104,"cuthptime":"[0.03]","cellposx":"[[],[],[]]","evethn":"[1]","cutlighteffs":"[0]","groups":"[[],[],[]]","isspecialskill":"0","keepattack":"0","growupeffecttype":"[0]","beatackeffect":"[0]","name":"骷髅法师","playspeed":"[1]","beatkmusics":"0,0,0,0,0","ubattack":"[25]","sbattack":"[0]"},{"lieground":"[0]","skillinfo":"对面前5*1范围内敌方单体目标造成物理伤害【1段】连击","ssbeattack":"[0,0,0,0,0]","range":"[[],[],[]]","prespecial":"[]","boomatkmusics":"HIT20003","atkmusics":"S2609033","array":"[[11,62],[60],[1001]]","hurtnumber":"[1]","skill":"暴击","actionlevel":"[1]","id":16090103,"cuthptime":"[0.03]","cellposx":"[[],[],[]]","evethn":"[1]","cutlighteffs":"[0]","groups":"[[],[],[]]","isspecialskill":"0","keepattack":"0","growupeffecttype":"[0]","beatackeffect":"[0]","name":"骷髅射手","playspeed":"[1]","beatkmusics":"HIT20001","ubattack":"[25]","sbattack":"[0]"},{"lieground":"[0]","skillinfo":"蓄力2回合，对3格外3*3范围内敌方全体目标造成物理伤害【1击】","ssbeattack":"[0,0,0,0,0]","range":"[[],[],[]]","prespecial":"[]","boomatkmusics":"HIT20003","atkmusics":"S2609043","array":"[[11,1061],[1060],[1002]]","hurtnumber":"[3]","skill":"幽灵一击","actionlevel":"[1]","id":16090104,"cuthptime":"[0.03]","cellposx":"[[],[],[]]","evethn":"[3]","cutlighteffs":"[0]","groups":"[[],[],[[104]]]","isspecialskill":"0","keepattack":"0","growupeffecttype":"[3]","beatackeffect":"[0]","name":"骷髅射手","playspeed":"[1]","beatkmusics":"HIT20001","ubattack":"[25]","sbattack":"[0]"},{"lieground":"[0,0]","skillinfo":"对面前1*1范围内敌方单体目标造成物理伤害【2击】","ssbeattack":"[0,0,0,0,0]","range":"[[],[],[]]","prespecial":"[]","boomatkmusics":"HIT20003,HIT20003","atkmusics":"BIT10001,BIT10001","array":"[[],[],[1001,1002]]","hurtnumber":"[1,1]","skill":"暴击","actionlevel":"[1,1]","id":16100103,"cuthptime":"[0.03]","cellposx":"[[],[],[]]","evethn":"[1, 1]","cutlighteffs":"[0]","groups":"[[],[],[]]","isspecialskill":"0","keepattack":"0","growupeffecttype":"[0]","beatackeffect":"[0, 0]","name":"骷髅刽子手","playspeed":"[1,1]","beatkmusics":"HIT20001,HIT20001","ubattack":"[25, 25]","sbattack":"[0,0]"},{"lieground":"[0]","skillinfo":"对面前1*3范围内敌方全体目标造成物理伤害【1击】","ssbeattack":"[0,0,0,0,0]","range":"[[],[],[]]","prespecial":"[]","boomatkmusics":"HIT20003","atkmusics":"BIT10001","array":"[[],[],[1003]]","hurtnumber":"[1]","skill":"尸体发火","actionlevel":"[1]","id":16100104,"cuthptime":"[0.03]","cellposx":"[[],[],[]]","evethn":"[1]","cutlighteffs":"[0]","groups":"[[],[],[]]","isspecialskill":"0","keepattack":"0","growupeffecttype":"[0]","beatackeffect":"[0]","name":"骷髅刽子手","playspeed":"[1]","beatkmusics":"HIT20001","ubattack":"[25]","sbattack":"[0]"},{"lieground":"[0]","skillinfo":"对3格外1*1范围内敌方单体目标造成魔法伤害【1击】","ssbeattack":"[0,0,0,0,0]","range":"[[],[],[]]","prespecial":"[]","boomatkmusics":"HIT20003","atkmusics":"BIT10001","array":"[[11,62],[60],[1001]]","hurtnumber":"[1]","skill":"蜘蛛掠行","actionlevel":"[1]","id":19200101,"cuthptime":"[0.03]","cellposx":"[[],[],[]]","evethn":"[1]","cutlighteffs":"[0]","groups":"[[],[],[[88]]]","isspecialskill":"0","keepattack":"0","growupeffecttype":"[0]","beatackeffect":"[0]","name":"蜘蛛掠行","playspeed":"[1,1,1,1,1]","beatkmusics":"HIT20001","ubattack":"[89]","sbattack":"[90]"}]