[{"bottom":"ui_loadkuang.png","background":"ui_loadcg.png","center":"ui_loaddi.png","upper":"ui_loadtiao.png","name":"LoginLoadLayer","id":1,"type":"0","info":"登陆账号界面资源加载"},{"bottom":"ui_loadkuang.png","background":"ui_loadcg.png","center":"ui_loaddi.png","upper":"ui_loadtiao.png","name":"LoginLoadLayer","id":2,"type":"0","info":"战斗界面资源加载"},{"bottom":"ui_loadkuang.png","background":"ui_loadcg.png","center":"ui_loaddi.png","upper":"ui_loadtiao.png","name":"LoginLoadLayer","id":3,"type":"0","info":"大地图界面资源加载"},{"bottom":"ui_loadkuang.png","background":"ui_loadcg.png","center":"ui_loaddi.png","upper":"ui_loadtiao.png","name":"LoginLoadLayer","id":4,"type":"0","info":"副本界面资源加载"},{"bottom":"ui_loadkuang.png","background":"ui_loadcg.png","center":"ui_loaddi.png","upper":"ui_loadtiao.png","name":"LoginLoadLayer","id":5,"type":"0","info":"热更新界面资源加载"}]