[{"clickaudio":"EUI1030","res":"main_teamfire_1_a#main_teamfire_1_b#main_teamfire_1_c#main_teamfire_1_d#main_teamfire_1_e#main_teamfire_1_f#main_teamfire_1_g#main_teamfire_1_h","daysolts":"0#0#0#0#0#food#0#0","touchrange":"30_-90_100_400","soltsres":"0#0#0#0#0#161#0#0","animation":"0#0#0#0#0#0#1#0","rtype":"0","name":"篝火","changecolour":"0","id":10001000,"correlationfunction":"main_btn_duiwu.png#50_160#209","partpos":"98_-110_2#60_-40_2#30_-60_3#-60_-66_2#30_-60_2#30_-55_2#30_-62_2#36_-80_1","restaudio":"EUI1029"},{"clickaudio":"0","res":"main_heroset1_1_a","daysolts":"0","touchrange":"0","soltsres":"0","animation":"0","rtype":"0","name":"草地1","changecolour":"0","id":10101000,"correlationfunction":"0","partpos":"-144_-127_2","restaudio":"0"},{"clickaudio":"0","res":"main_heroset3_1_a","daysolts":"0","touchrange":"0","soltsres":"0","animation":"0","rtype":"0","name":"草地3","changecolour":"0","id":10201000,"correlationfunction":"0","partpos":"206_-90_2","restaudio":"0"},{"clickaudio":"0","res":"main_heroset1_1_b","daysolts":"0","touchrange":"0","soltsres":"0","animation":"0","rtype":"0","name":"箱子1","changecolour":"0","id":10301000,"correlationfunction":"0","partpos":"-92_-110_2","restaudio":"0"},{"clickaudio":"0","res":"main_heroset3_1_b","daysolts":"0","touchrange":"0","soltsres":"0","animation":"0","rtype":"0","name":"酒桶1","changecolour":"0","id":10401000,"correlationfunction":"0","partpos":"233_-10_2","restaudio":"0"},{"clickaudio":"EUI1028","res":"main_dady_1_a","daysolts":"0","touchrange":"-470_-70_120_240","soltsres":"0","animation":"1","rtype":"0","name":"势力图腾","changecolour":"0","id":10501000,"correlationfunction":"main_btn_shili.png#-430_100#0","partpos":"-480_-100_2","restaudio":"0"},{"clickaudio":"EUI1027","res":"main_list_1_a#main_list_1_b","daysolts":"0","touchrange":"490_0_200_240","soltsres":"0","animation":"1#0","rtype":"0","name":"排行榜","changecolour":"0","id":10601000,"correlationfunction":"main_btn_paihang.png#450_150#0","partpos":"495_18_2#375_3_2","restaudio":"0"},{"clickaudio":"EUI1031","res":"main_battle_1_a","daysolts":"0","touchrange":"450_-145_200_180","soltsres":"0","animation":"1","rtype":"0","name":"竞技入口","changecolour":"0","id":10701000,"correlationfunction":"main_btn_jingjichang.png#460_-60#0","partpos":"480_-140_2","restaudio":"0"},{"clickaudio":"0","res":"main_tree_1_a#main_tree_1_b#main_tree_1_c","daysolts":"0#0#0","touchrange":"0","soltsres":"0#0#0","animation":"0#0#0","rtype":"0","name":"树","changecolour":"0","id":10801000,"correlationfunction":"0","partpos":"-230_-36_2#-270_-100_2#-180_-75_2","restaudio":"0"},{"clickaudio":"0","res":"main_toy_1_a#main_toy_1_b#main_toy_1_c#main_toy_1_d#main_toy_1_e#main_toy_1_f","daysolts":"0","touchrange":"0","soltsres":"0","animation":"0","rtype":"0","name":"草","changecolour":"0","id":10901000,"correlationfunction":"0","partpos":"-300_20_2#0_15_2#300_-50_2#-170_-4_2#356_6_2#34_-20_2","restaudio":"0"},{"clickaudio":"0","res":"103","daysolts":"0","touchrange":"-124_-120_120_200","soltsres":"0","animation":"1210#1250","rtype":"1","name":"队员1号位","changecolour":"-30,-30,-30,0","id":15100000,"correlationfunction":"0","partpos":"-92_-110_2","restaudio":"0"},{"clickaudio":"0","res":"0","daysolts":"0","touchrange":"-224_-80_120_240","soltsres":"0","animation":"1220#1260","rtype":"1","name":"队员2号位","changecolour":"-40,-40,-40,0","id":15200000,"correlationfunction":"0","partpos":"-218_-67_2","restaudio":"0"},{"clickaudio":"0","res":"0","daysolts":"0","touchrange":"264_-100_200_140","soltsres":"0","animation":"1230#1270","rtype":"1","name":"队员3号位","changecolour":"-30,-30,-30,0","id":15300000,"correlationfunction":"0","partpos":"263_-70_2","restaudio":"0"},{"clickaudio":"0","res":"0","daysolts":"0","touchrange":"220_-26_160_240","soltsres":"0","animation":"1240#1280","rtype":"1","name":"队员4号位","changecolour":"-40,-40,-40,0","id":15400000,"correlationfunction":"0","partpos":"233_-25_2","restaudio":"0"},{"clickaudio":"0","res":"0","daysolts":"0","touchrange":"0","soltsres":"0","animation":"a1","rtype":"2","name":"食物1号","changecolour":"0","id":16100000,"correlationfunction":"0","partpos":"0","restaudio":"0"},{"clickaudio":"0","res":"0","daysolts":"0","touchrange":"0","soltsres":"0","animation":"a1","rtype":"2","name":"食物2号","changecolour":"0","id":16200000,"correlationfunction":"0","partpos":"99_-125_2","restaudio":"0"},{"clickaudio":"0","res":"0","daysolts":"0","touchrange":"0","soltsres":"0","animation":"a1","rtype":"2","name":"食物3号","changecolour":"0","id":16300000,"correlationfunction":"0","partpos":"58_-151_2","restaudio":"0"},{"clickaudio":"0","res":"0","daysolts":"0","touchrange":"0","soltsres":"0","animation":"a1","rtype":"2","name":"食物4号","changecolour":"0","id":16400000,"correlationfunction":"0","partpos":"0_0_2","restaudio":"0"},{"clickaudio":"0","res":"0","daysolts":"0","touchrange":"0","soltsres":"0","animation":"a1","rtype":"2","name":"食物5号","changecolour":"0","id":16500000,"correlationfunction":"0","partpos":"0_0_2","restaudio":"0"}]