[{"id":101,"info":"物理攻击力±"},{"id":102,"info":"物理防御力±"},{"id":103,"info":"物理盾效果±"},{"id":104,"info":"物理盾伤害±"},{"id":105,"info":"魔法攻击力±"},{"id":106,"info":"魔法防御力±"},{"id":107,"info":"魔法盾效果±"},{"id":108,"info":"魔法盾伤害±"},{"id":109,"info":"生命值增加"},{"id":110,"info":"生命回复量±"},{"id":111,"info":"行动量±"},{"id":112,"info":"速度±"},{"id":113,"info":"暴击率±"},{"id":114,"info":"暴击效果±"},{"id":115,"info":"物理普攻伤害±"},{"id":116,"info":"物理普攻暴击伤害±"},{"id":117,"info":"物理技能伤害±"},{"id":118,"info":"物理技能暴击伤害±"},{"id":119,"info":"魔法普攻伤害±"},{"id":120,"info":"魔法普攻暴击伤害±"},{"id":121,"info":"魔法技能伤害±"},{"id":122,"info":"魔法技能暴击伤害±"},{"id":123,"info":"魔法回复量±"},{"id":124,"info":"弹药量±"},{"id":125,"info":"必杀值±"},{"id":126,"info":"受到的物理普攻伤害±"},{"id":127,"info":"流血生命减少"},{"id":128,"info":"燃烧生命减少"},{"id":201,"info":"进入物理防御姿态"},{"id":202,"info":"不能移动、不能转向、不能使用技能和必杀，可以使用普攻"},{"id":203,"info":"普攻、技能、必杀n%几率触发流血buff"},{"id":204,"info":"魔法伤害免疫"},{"id":205,"info":"生命值下降n%，物理攻击力提升1%"},{"id":206,"info":"伤害的n%转化为生命值"},{"id":207,"info":"普攻、技能、必杀几率触发燃烧buff"},{"id":208,"info":"被攻击目标周围1格范围同类目标受到该次攻击n%的伤害"},{"id":209,"info":"普攻会生成魔法球，最多3个，使用技能或必杀全部消耗，每个提升魔法攻击力n%"},{"id":210,"info":"随机选择己方目标回复生命n%"},{"id":211,"info":"目标必杀值满时，减少n%"},{"id":212,"info":"普攻、技能、必杀可选范围内每多一个目标，攻击力提升n%"},{"id":213,"info":"每死亡一个敌人，目标攻击力提升n%"},{"id":214,"info":"目标不能使用技能、必杀，可以使用普攻"},{"id":215,"info":"目标死亡时，对周围1格范围内敌方目标施加沉默buff"},{"id":216,"info":"施法者和点选的目标交换位置"},{"id":217,"info":"自动标记一个敌方目标，目标死亡后自身魔攻增加5%，标记跳转下一个目标，最多3次"},{"id":218,"info":"普攻、技能、必杀n%几率触发眩晕buff"},{"id":219,"info":"眩晕n回合"},{"id":220,"info":"普攻、技能、必杀n%几率触发寄生buff"}]