[{"effect":"0","property":"1","id":1,"suitgrowup":"[511001,511001,511001,511001]","value":"10"},{"effect":"0","property":"2","id":2,"suitgrowup":"[511001,511001,511001,511002]","value":"10"},{"effect":"0","property":"3","id":3,"suitgrowup":"[511001,511001,511001,511003]","value":"10"},{"effect":"0","property":"4","id":4,"suitgrowup":"[511001,511001,511001,511004]","value":"10"},{"effect":"0","property":"5","id":5,"suitgrowup":"[511001,511001,511001,511005]","value":"10"},{"effect":"0","property":"6","id":6,"suitgrowup":"[511001,511001,511001,511006]","value":"10"},{"effect":"0","property":"7","id":7,"suitgrowup":"[511001,511001,511001,511007]","value":"10"},{"effect":"0","property":"8","id":8,"suitgrowup":"[511001,511001,511001,511008]","value":"10"},{"effect":"0","property":"1","id":9,"suitgrowup":"[511001,511001,511001,511009]","value":"10"},{"effect":"0","property":"2","id":10,"suitgrowup":"[511001,511001,511001,511010]","value":"10"},{"effect":"0","property":"3","id":11,"suitgrowup":"[511001,511001,511001,511011]","value":"10"},{"effect":"0","property":"4","id":12,"suitgrowup":"[511001,511001,511001,511012]","value":"10"},{"effect":"0","property":"5","id":13,"suitgrowup":"[511001,511001,511001,511013]","value":"10"},{"effect":"0","property":"1","id":14,"suitgrowup":"[511001,511001,511001,511014]","value":"10"}]