[{"inspirexy":"[]","efxisfollow":"[[0]]","roleid":"100101","efxroom":"[[1]]","inspirelayertype":"[]","efxxy":"[[0,0]]","efx_nodes":"[[2]]","inspireloop":"[]","efxloop":"[[0]]","actionname":"atk1_z","inspireroom":"[]","efxlayerzorder":"[[1]]","efxlayertype":"[[1]]","inspirelayerzorder":"[]","inspireevent":"[]","inspirefollow":"[]","inspireevent_nodes":"[]","efx":"[[54]]","id":1,"efxevents":"[1]","efxisdirection":"[[1]]","inspirisdirection":"[]","info":"王国士兵-攻击1"},{"inspirexy":"[]","efxisfollow":"[[0]]","roleid":"100101","efxroom":"[[1]]","inspirelayertype":"[]","efxxy":"[[0,0]]","efx_nodes":"[[2]]","inspireloop":"[]","efxloop":"[[0]]","actionname":"atk2_z","inspireroom":"[]","efxlayerzorder":"[[1]]","efxlayertype":"[[1]]","inspirelayerzorder":"[]","inspireevent":"[]","inspirefollow":"[]","inspireevent_nodes":"[]","efx":"[[55]]","id":2,"efxevents":"[1]","efxisdirection":"[[1]]","inspirisdirection":"[]","info":"王国士兵-攻击2"},{"inspirexy":"[]","efxisfollow":"[[0]]","roleid":"100101","efxroom":"[[1]]","inspirelayertype":"[]","efxxy":"[[0,0]]","efx_nodes":"[[2]]","inspireloop":"[]","efxloop":"[[0]]","actionname":"atk3_z","inspireroom":"[]","efxlayerzorder":"[[1]]","efxlayertype":"[[1]]","inspirelayerzorder":"[]","inspireevent":"[]","inspirefollow":"[]","inspireevent_nodes":"[]","efx":"[[56]]","id":3,"efxevents":"[1]","efxisdirection":"[[1]]","inspirisdirection":"[]","info":"王国士兵-攻击3"},{"inspirexy":"[]","efxisfollow":"[[0]]","roleid":"100101","efxroom":"[[1]]","inspirelayertype":"[]","efxxy":"[[0,0]]","efx_nodes":"[[2]]","inspireloop":"[]","efxloop":"[[0]]","actionname":"atk4_z","inspireroom":"[]","efxlayerzorder":"[[1]]","efxlayertype":"[[1]]","inspirelayerzorder":"[]","inspireevent":"[]","inspirefollow":"[]","inspireevent_nodes":"[]","efx":"[[57]]","id":4,"efxevents":"[1]","efxisdirection":"[[1]]","inspirisdirection":"[]","info":"王国士兵-攻击4"},{"inspirexy":"[]","efxisfollow":"[[0]]","roleid":"100101","efxroom":"[[1]]","inspirelayertype":"[]","efxxy":"[[0,0]]","efx_nodes":"[[2]]","inspireloop":"[]","efxloop":"[[0]]","actionname":"atk5_z","inspireroom":"[]","efxlayerzorder":"[[1]]","efxlayertype":"[[1]]","inspirelayerzorder":"[]","inspireevent":"[]","inspirefollow":"[]","inspireevent_nodes":"[]","efx":"[[58]]","id":5,"efxevents":"[1]","efxisdirection":"[[1]]","inspirisdirection":"[]","info":"王国士兵-攻击5"},{"inspirexy":"[]","efxisfollow":"[[0]]","roleid":"100101","efxroom":"[[1]]","inspirelayertype":"[]","efxxy":"[[0,0]]","efx_nodes":"[[2]]","inspireloop":"[]","efxloop":"[[0]]","actionname":"atk6_z","inspireroom":"[]","efxlayerzorder":"[[1]]","efxlayertype":"[[1]]","inspirelayerzorder":"[]","inspireevent":"[]","inspirefollow":"[]","inspireevent_nodes":"[]","efx":"[[59]]","id":6,"efxevents":"[1]","efxisdirection":"[[1]]","inspirisdirection":"[]","info":"王国士兵-攻击6"},{"inspirexy":"[]","efxisfollow":"[[0]]","roleid":"100101","efxroom":"[[1]]","inspirelayertype":"[]","efxxy":"[[0,0]]","efx_nodes":"[[2]]","inspireloop":"[]","efxloop":"[[0]]","actionname":"atk7_z","inspireroom":"[]","efxlayerzorder":"[[1]]","efxlayertype":"[[1]]","inspirelayerzorder":"[]","inspireevent":"[]","inspirefollow":"[]","inspireevent_nodes":"[]","efx":"[[59]]","id":7,"efxevents":"[1]","efxisdirection":"[[1]]","inspirisdirection":"[]","info":"王国士兵-攻击6"},{"inspirexy":"[]","efxisfollow":"[[1],[1],[1]]","roleid":"100401","efxroom":"[[1],[1],[1]]","inspirelayertype":"[]","efxxy":"[[0,0],[0,0],[0,0]]","efx_nodes":"[[3],[3],[3]]","inspireloop":"[]","efxloop":"[[0],[0],[0]]","actionname":"provocative_z","inspireroom":"[]","efxlayerzorder":"[[1],[1],[1]]","efxlayertype":"[[2],[2],[2]]","inspirelayerzorder":"[]","inspireevent":"[]","inspirefollow":"[]","inspireevent_nodes":"[]","efx":"[[53],[53],[53]]","id":8,"efxevents":"[1,2,3]","efxisdirection":"[[0],[0],[0]]","inspirisdirection":"[]","info":"狼人-挑衅战吼1"},{"inspirexy":"[]","efxisfollow":"[[1],[1],[1]]","roleid":"100401","efxroom":"[[1],[1],[1]]","inspirelayertype":"[]","efxxy":"[[0,0],[0,0],[0,0]]","efx_nodes":"[[3],[3]]","inspireloop":"[]","efxloop":"[[0],[0],[0]]","actionname":"win","inspireroom":"[]","efxlayerzorder":"[[1],[1],[1]]","efxlayertype":"[[2],[2],[2]]","inspirelayerzorder":"[]","inspireevent":"[]","inspirefollow":"[]","inspireevent_nodes":"[]","efx":"[[53],[53]]","id":9,"efxevents":"[1,2]","efxisdirection":"[[0],[0],[0]]","inspirisdirection":"[]","info":"狼人-胜利循环"},{"inspirexy":"[]","efxisfollow":"[[1]]","roleid":"100401","efxroom":"[[1]]","inspirelayertype":"[]","efxxy":"[[0,0],[0,0],[0,0],[0,0],[0,0],[0,0],[0,0]]","efx_nodes":"[[2]]","inspireloop":"[]","efxloop":"[[0]]","actionname":"atk1_z","inspireroom":"[]","efxlayerzorder":"[[1]]","efxlayertype":"[[1]]","inspirelayerzorder":"[]","inspireevent":"[]","inspirefollow":"[]","inspireevent_nodes":"[]","efx":"[[46]]","id":10,"efxevents":"[1]","efxisdirection":"[[1]]","inspirisdirection":"[]","info":"狼人-攻击1"},{"inspirexy":"[]","efxisfollow":"[[1]]","roleid":"100401","efxroom":"[[1]]","inspirelayertype":"[]","efxxy":"[[0,0]]","efx_nodes":"[[2]]","inspireloop":"[]","efxloop":"[[0]]","actionname":"atk2_z","inspireroom":"[]","efxlayerzorder":"[[1]]","efxlayertype":"[[1]]","inspirelayerzorder":"[]","inspireevent":"[]","inspirefollow":"[]","inspireevent_nodes":"[]","efx":"[[46]]","id":11,"efxevents":"[1]","efxisdirection":"[[1]]","inspirisdirection":"[]","info":"狼人-攻击2"},{"inspirexy":"[]","efxisfollow":"[[1]]","roleid":"100401","efxroom":"[[1]]","inspirelayertype":"[]","efxxy":"[[0,0]]","efx_nodes":"[[2]]","inspireloop":"[]","efxloop":"[[0]]","actionname":"atk3_z","inspireroom":"[]","efxlayerzorder":"[[1]]","efxlayertype":"[[1]]","inspirelayerzorder":"[]","inspireevent":"[]","inspirefollow":"[]","inspireevent_nodes":"[]","efx":"[[47]]","id":12,"efxevents":"[1]","efxisdirection":"[[1]]","inspirisdirection":"[]","info":"狼人-攻击3"},{"inspirexy":"[]","efxisfollow":"[[1]]","roleid":"100401","efxroom":"[[1]]","inspirelayertype":"[]","efxxy":"[[0,0]]","efx_nodes":"[[2]]","inspireloop":"[]","efxloop":"[[0]]","actionname":"atk4_z","inspireroom":"[]","efxlayerzorder":"[[1]]","efxlayertype":"[[1]]","inspirelayerzorder":"[]","inspireevent":"[]","inspirefollow":"[]","inspireevent_nodes":"[]","efx":"[[48]]","id":13,"efxevents":"[1]","efxisdirection":"[[1]]","inspirisdirection":"[]","info":"狼人-攻击4"},{"inspirexy":"[]","efxisfollow":"[[1],[1],[1],[1]]","roleid":"100401","efxroom":"[[1],[1],[1],[1]]","inspirelayertype":"[]","efxxy":"[[0,0],[0,0],[0,0],[0,0]]","efx_nodes":"[[2]]","inspireloop":"[]","efxloop":"[[0],[0],[0],[0]]","actionname":"atk5_z","inspireroom":"[]","efxlayerzorder":"[[2],[2],[2],[1]]","efxlayertype":"[[1],[1],[1],[1]]","inspirelayerzorder":"[]","inspireevent":"[]","inspirefollow":"[]","inspireevent_nodes":"[]","efx":"[[49]]","id":14,"efxevents":"[1]","efxisdirection":"[[0],[0],[0],[1]]","inspirisdirection":"[]","info":"狼人-攻击5"},{"inspirexy":"[]","efxisfollow":"[[1]]","roleid":"100401","efxroom":"[[1]]","inspirelayertype":"[]","efxxy":"[[0,0]]","efx_nodes":"[[2]]","inspireloop":"[]","efxloop":"[[0]]","actionname":"atk6_z","inspireroom":"[]","efxlayerzorder":"[[1]]","efxlayertype":"[[1]]","inspirelayerzorder":"[]","inspireevent":"[]","inspirefollow":"[]","inspireevent_nodes":"[]","efx":"[[50]]","id":15,"efxevents":"[1]","efxisdirection":"[[1]]","inspirisdirection":"[]","info":"狼人-攻击6"},{"inspirexy":"[]","efxisfollow":"[[1]]","roleid":"100401","efxroom":"[[1]]","inspirelayertype":"[]","efxxy":"[[0,0]]","efx_nodes":"[[2]]","inspireloop":"[]","efxloop":"[[0]]","actionname":"atk7_z","inspireroom":"[]","efxlayerzorder":"[[1]]","efxlayertype":"[[1]]","inspirelayerzorder":"[]","inspireevent":"[]","inspirefollow":"[]","inspireevent_nodes":"[]","efx":"[[51]]","id":16,"efxevents":"[1]","efxisdirection":"[[1]]","inspirisdirection":"[]","info":"狼人-攻击7"},{"inspirexy":"[]","efxisfollow":"[[1],[1],[1],[1]]","roleid":"100401","efxroom":"[[1],[1],[1],[1]]","inspirelayertype":"[]","efxxy":"[[0,0],[0,0],[0,0],[0,0]]","efx_nodes":"[[3],[3],[3],[2]]","inspireloop":"[]","efxloop":"[[0],[0],[0],[0]]","actionname":"atk8_z","inspireroom":"[]","efxlayerzorder":"[[2],[2],[2],[1]]","efxlayertype":"[[1],[1],[1],[1]]","inspirelayerzorder":"[]","inspireevent":"[]","inspirefollow":"[]","inspireevent_nodes":"[]","efx":"[[53],[53],[53],[52]]","id":17,"efxevents":"[1,2,3,4]","efxisdirection":"[[0],[0],[0],[1]]","inspirisdirection":"[]","info":"狼人-攻击8"},{"inspirexy":"[[0,0]]","efxisfollow":"[[0]]","roleid":"100601","efxroom":"[[1]]","inspirelayertype":"[[2]]","efxxy":"[[0,0]]","efx_nodes":"[[2]]","inspireloop":"[[0]]","efxloop":"[[0]]","actionname":"atk1_z","inspireroom":"[[1]]","efxlayerzorder":"[[1]]","efxlayertype":"[[3]]","inspirelayerzorder":"[[1]]","inspireevent":"[[7]]","inspirefollow":"[[0]]","inspireevent_nodes":"[[1]]","efx":"[[42]]","id":18,"efxevents":"[1]","efxisdirection":"[[1]]","inspirisdirection":"[[1]]","info":"火枪手-平攻"},{"inspirexy":"[[0,0]]","efxisfollow":"[[0]]","roleid":"100601","efxroom":"[[1]]","inspirelayertype":"[[2]]","efxxy":"[[0,0]]","efx_nodes":"[[2]]","inspireloop":"[[0]]","efxloop":"[[0]]","actionname":"atk2_z","inspireroom":"[[1]]","efxlayerzorder":"[[1]]","efxlayertype":"[[3]]","inspirelayerzorder":"[[1]]","inspireevent":"[[7]]","inspirefollow":"[[0]]","inspireevent_nodes":"[[0]]","efx":"[[43]]","id":19,"efxevents":"[1]","efxisdirection":"[[1]]","inspirisdirection":"[[1]]","info":"火枪手-暴击"},{"inspirexy":"[[0,0]]","efxisfollow":"[[0]]","roleid":"100601","efxroom":"[[1]]","inspirelayertype":"[[2]]","efxxy":"[[0,0]]","efx_nodes":"[[2]]","inspireloop":"[[0]]","efxloop":"[[0]]","actionname":"atk3_z","inspireroom":"[[1]]","efxlayerzorder":"[[1]]","efxlayertype":"[[3]]","inspirelayerzorder":"[[1]]","inspireevent":"[[7]]","inspirefollow":"[[0]]","inspireevent_nodes":"[[0]]","efx":"[[44]]","id":20,"efxevents":"[1]","efxisdirection":"[[1]]","inspirisdirection":"[[1]]","info":"火枪手-最后一击"},{"inspirexy":"[[0,0]]","efxisfollow":"[[0]]","roleid":"100801","efxroom":"[[1]]","inspirelayertype":"[[2]]","efxxy":"[[0,0]]","efx_nodes":"[]","inspireloop":"[[0]]","efxloop":"[[0]]","actionname":"atk1_z","inspireroom":"[[1]]","efxlayerzorder":"[[1]]","efxlayertype":"[[3]]","inspirelayerzorder":"[[1]]","inspireevent":"[]","inspirefollow":"[[0]]","inspireevent_nodes":"[]","efx":"[]","id":21,"efxevents":"[]","efxisdirection":"[[1]]","inspirisdirection":"[[1]]","info":"地精飞机攻击1"},{"inspirexy":"[[0,0]]","efxisfollow":"[]","roleid":"100801","efxroom":"[]","inspirelayertype":"[[2]]","efxxy":"[]","efx_nodes":"[[2]]","inspireloop":"[[0]]","efxloop":"[[0]]","actionname":"atk2_z","inspireroom":"[[1]]","efxlayerzorder":"[]","efxlayertype":"[]","inspirelayerzorder":"[[1]]","inspireevent":"[[7]]","inspirefollow":"[[1]]","inspireevent_nodes":"[[1]]","efx":"[[83]]","id":22,"efxevents":"[1]","efxisdirection":"[]","inspirisdirection":"[[1]]","info":"地精飞机攻击2"},{"inspirexy":"[]","efxisfollow":"[]","roleid":"100301","efxroom":"[]","inspirelayertype":"[]","efxxy":"[[0,0]]","efx_nodes":"[[2]]","inspireloop":"[]","efxloop":"[[1]]","actionname":"atk1_z","inspireroom":"[]","efxlayerzorder":"[[1]]","efxlayertype":"[[1]]","inspirelayerzorder":"[]","inspireevent":"[]","inspirefollow":"[]","inspireevent_nodes":"[]","efx":"[[61]]","id":23,"efxevents":"[1]","efxisdirection":"[]","inspirisdirection":"[]","info":"圣骑士攻击1"},{"inspirexy":"[]","efxisfollow":"[]","roleid":"100301","efxroom":"[]","inspirelayertype":"[]","efxxy":"[[0,0]]","efx_nodes":"[[2]]","inspireloop":"[]","efxloop":"[[1]]","actionname":"atk2_z","inspireroom":"[]","efxlayerzorder":"[[1]]","efxlayertype":"[[1]]","inspirelayerzorder":"[]","inspireevent":"[]","inspirefollow":"[]","inspireevent_nodes":"[]","efx":"[[62]]","id":24,"efxevents":"[1]","efxisdirection":"[]","inspirisdirection":"[]","info":"圣骑士攻击2"},{"inspirexy":"[]","efxisfollow":"[]","roleid":"100301","efxroom":"[]","inspirelayertype":"[]","efxxy":"[[0,0]]","efx_nodes":"[[2]]","inspireloop":"[]","efxloop":"[[1]]","actionname":"atk3_z","inspireroom":"[]","efxlayerzorder":"[[1]]","efxlayertype":"[[1]]","inspirelayerzorder":"[]","inspireevent":"[]","inspirefollow":"[]","inspireevent_nodes":"[]","efx":"[[63]]","id":25,"efxevents":"[1]","efxisdirection":"[]","inspirisdirection":"[]","info":"圣骑士攻击3"},{"inspirexy":"[]","efxisfollow":"[]","roleid":"100301","efxroom":"[]","inspirelayertype":"[]","efxxy":"[[0,0]]","efx_nodes":"[[2]]","inspireloop":"[]","efxloop":"[[1]]","actionname":"atk4_z","inspireroom":"[]","efxlayerzorder":"[[1]]","efxlayertype":"[[1]]","inspirelayerzorder":"[]","inspireevent":"[]","inspirefollow":"[]","inspireevent_nodes":"[]","efx":"[[34]]","id":26,"efxevents":"[1]","efxisdirection":"[]","inspirisdirection":"[]","info":"圣骑士攻击4"},{"inspirexy":"[]","efxisfollow":"[]","roleid":"100301","efxroom":"[]","inspirelayertype":"[]","efxxy":"[[0,0]]","efx_nodes":"[[2]]","inspireloop":"[]","efxloop":"[[1]]","actionname":"atk5_z","inspireroom":"[]","efxlayerzorder":"[[1]]","efxlayertype":"[[1]]","inspirelayerzorder":"[]","inspireevent":"[]","inspirefollow":"[]","inspireevent_nodes":"[]","efx":"[[35]]","id":27,"efxevents":"[1]","efxisdirection":"[]","inspirisdirection":"[]","info":"圣骑士攻击5"},{"inspirexy":"[[0,0]]","efxisfollow":"[]","roleid":"100501","efxroom":"[]","inspirelayertype":"[[2]]","efxxy":"[]","efx_nodes":"[]","inspireloop":"[[0]]","efxloop":"[[0]]","actionname":"atk1_z","inspireroom":"[[1]]","efxlayerzorder":"[]","efxlayertype":"[]","inspirelayerzorder":"[[1]]","inspireevent":"[[33]]","inspirefollow":"[[1]]","inspireevent_nodes":"[[1]]","efx":"[]","id":28,"efxevents":"[]","efxisdirection":"[]","inspirisdirection":"[[1]]","info":"火女攻击1"},{"inspirexy":"[[0,0]]","efxisfollow":"[]","roleid":"100501","efxroom":"[]","inspirelayertype":"[[2]]","efxxy":"[]","efx_nodes":"[]","inspireloop":"[[0]]","efxloop":"[[0]]","actionname":"atk2_z","inspireroom":"[[1]]","efxlayerzorder":"[]","efxlayertype":"[]","inspirelayerzorder":"[[1]]","inspireevent":"[[33]]","inspirefollow":"[[1]]","inspireevent_nodes":"[[1]]","efx":"[]","id":29,"efxevents":"[]","efxisdirection":"[]","inspirisdirection":"[[1]]","info":"火女攻击2"},{"inspirexy":"[]","efxisfollow":"[[0],[0],[0]]","roleid":"100501","efxroom":"[[1],[1],[1]]","inspirelayertype":"[]","efxxy":"[[0,0],[170,-26],[132,30]]","efx_nodes":"[]","inspireloop":"[]","efxloop":"[[0],[0],[0]]","actionname":"atk3_z","inspireroom":"[]","efxlayerzorder":"[[1],[2],[2]]","efxlayertype":"[[1],[1],[1]]","inspirelayerzorder":"[]","inspireevent":"[]","inspirefollow":"[]","inspireevent_nodes":"[]","efx":"[]","id":30,"efxevents":"[]","efxisdirection":"[[1],[1],[1]]","inspirisdirection":"[]","info":"火女攻击3"},{"inspirexy":"[[0,0]]","efxisfollow":"[]","roleid":"100501","efxroom":"[]","inspirelayertype":"[[2]]","efxxy":"[]","efx_nodes":"[]","inspireloop":"[[0]]","efxloop":"[[0]]","actionname":"atk4_z","inspireroom":"[[1]]","efxlayerzorder":"[]","efxlayertype":"[]","inspirelayerzorder":"[[1]]","inspireevent":"[[33]]","inspirefollow":"[[1]]","inspireevent_nodes":"[[1]]","efx":"[]","id":31,"efxevents":"[1]","efxisdirection":"[]","inspirisdirection":"[[1]]","info":"火女攻击4"},{"inspirexy":"[]","efxisfollow":"[]","roleid":"100701","efxroom":"[]","inspirelayertype":"[]","efxxy":"[]","efx_nodes":"[]","inspireloop":"[]","efxloop":"[[0]]","actionname":"atk1_z","inspireroom":"[]","efxlayerzorder":"[]","efxlayertype":"[]","inspirelayerzorder":"[]","inspireevent":"[]","inspirefollow":"[]","inspireevent_nodes":"[]","efx":"[]","id":32,"efxevents":"[1]","efxisdirection":"[]","inspirisdirection":"[]","info":"德鲁伊"},{"inspirexy":"[]","efxisfollow":"[]","roleid":"100701","efxroom":"[]","inspirelayertype":"[]","efxxy":"[]","efx_nodes":"[]","inspireloop":"[]","efxloop":"[[0]]","actionname":"atk2_z","inspireroom":"[]","efxlayerzorder":"[]","efxlayertype":"[]","inspirelayerzorder":"[]","inspireevent":"[]","inspirefollow":"[]","inspireevent_nodes":"[]","efx":"[]","id":33,"efxevents":"[1]","efxisdirection":"[]","inspirisdirection":"[]","info":"德鲁伊"},{"inspirexy":"[]","efxisfollow":"[]","roleid":"100201","efxroom":"[]","inspirelayertype":"[]","efxxy":"[]","efx_nodes":"[]","inspireloop":"[]","efxloop":"[[0]]","actionname":"atk1_z","inspireroom":"[]","efxlayerzorder":"[]","efxlayertype":"[]","inspirelayerzorder":"[]","inspireevent":"[]","inspirefollow":"[]","inspireevent_nodes":"[]","efx":"[]","id":34,"efxevents":"[1]","efxisdirection":"[]","inspirisdirection":"[]","info":"奥尔良少女"},{"inspirexy":"[]","efxisfollow":"[]","roleid":"100201","efxroom":"[]","inspirelayertype":"[]","efxxy":"[]","efx_nodes":"[]","inspireloop":"[]","efxloop":"[[0]]","actionname":"atk2_z","inspireroom":"[]","efxlayerzorder":"[]","efxlayertype":"[]","inspirelayerzorder":"[]","inspireevent":"[]","inspirefollow":"[]","inspireevent_nodes":"[]","efx":"[]","id":35,"efxevents":"[1]","efxisdirection":"[]","inspirisdirection":"[]","info":"奥尔良少女"},{"inspirexy":"[]","efxisfollow":"[]","roleid":"160401","efxroom":"[]","inspirelayertype":"[]","efxxy":"[]","efx_nodes":"[[2]]","inspireloop":"[]","efxloop":"[[0]]","actionname":"atk1_z","inspireroom":"[]","efxlayerzorder":"[]","efxlayertype":"[]","inspirelayerzorder":"[]","inspireevent":"[]","inspirefollow":"[]","inspireevent_nodes":"[]","efx":"[[94]]","id":36,"efxevents":"[1]","efxisdirection":"[]","inspirisdirection":"[]","info":"莱比斯帝国勇士_攻击1"},{"inspirexy":"[]","efxisfollow":"[]","roleid":"160401","efxroom":"[]","inspirelayertype":"[]","efxxy":"[]","efx_nodes":"[[2]]","inspireloop":"[]","efxloop":"[[0]]","actionname":"atk2_z","inspireroom":"[]","efxlayerzorder":"[]","efxlayertype":"[]","inspirelayerzorder":"[]","inspireevent":"[]","inspirefollow":"[]","inspireevent_nodes":"[]","efx":"[[95]]","id":37,"efxevents":"[1]","efxisdirection":"[]","inspirisdirection":"[]","info":"莱比斯帝国勇士_攻击2"},{"inspirexy":"[]","efxisfollow":"[]","roleid":"160401","efxroom":"[]","inspirelayertype":"[]","efxxy":"[]","efx_nodes":"[[2]]","inspireloop":"[]","efxloop":"[[0]]","actionname":"atk3_z","inspireroom":"[]","efxlayerzorder":"[]","efxlayertype":"[]","inspirelayerzorder":"[]","inspireevent":"[]","inspirefollow":"[]","inspireevent_nodes":"[]","efx":"[[96]]","id":38,"efxevents":"[1]","efxisdirection":"[]","inspirisdirection":"[]","info":"莱比斯帝国勇士_攻击3"},{"inspirexy":"[]","efxisfollow":"[]","roleid":"160601","efxroom":"[]","inspirelayertype":"[]","efxxy":"[]","efx_nodes":"[[2]]","inspireloop":"[]","efxloop":"[[0]]","actionname":"atk1_z","inspireroom":"[]","efxlayerzorder":"[]","efxlayertype":"[]","inspirelayerzorder":"[]","inspireevent":"[]","inspirefollow":"[]","inspireevent_nodes":"[]","efx":"[[97]]","id":39,"efxevents":"[1]","efxisdirection":"[]","inspirisdirection":"[]","info":"莱比斯帝国卓绝士_攻击1"},{"inspirexy":"[]","efxisfollow":"[]","roleid":"160601","efxroom":"[]","inspirelayertype":"[]","efxxy":"[]","efx_nodes":"[[2]]","inspireloop":"[]","efxloop":"[[0]]","actionname":"atk2_z","inspireroom":"[]","efxlayerzorder":"[]","efxlayertype":"[]","inspirelayerzorder":"[]","inspireevent":"[]","inspirefollow":"[]","inspireevent_nodes":"[]","efx":"[[98]]","id":40,"efxevents":"[1]","efxisdirection":"[]","inspirisdirection":"[]","info":"莱比斯帝国卓绝士_攻击2"},{"inspirexy":"[]","efxisfollow":"[]","roleid":"160601","efxroom":"[]","inspirelayertype":"[]","efxxy":"[]","efx_nodes":"[[2]]","inspireloop":"[]","efxloop":"[[[0]]","actionname":"atk3_z","inspireroom":"[]","efxlayerzorder":"[]","efxlayertype":"[]","inspirelayerzorder":"[]","inspireevent":"[]","inspirefollow":"[]","inspireevent_nodes":"[]","efx":"[[99]]","id":41,"efxevents":"[1]","efxisdirection":"[]","inspirisdirection":"[]","info":"莱比斯帝国卓绝士_攻击3"},{"inspirexy":"[]","efxisfollow":"[]","roleid":"160601","efxroom":"[]","inspirelayertype":"[]","efxxy":"[]","efx_nodes":"[[2]]","inspireloop":"[]","efxloop":"[[0]]","actionname":"atk4_z","inspireroom":"[]","efxlayerzorder":"[]","efxlayertype":"[]","inspirelayerzorder":"[]","inspireevent":"[]","inspirefollow":"[]","inspireevent_nodes":"[]","efx":"[[100]]","id":42,"efxevents":"[1]","efxisdirection":"[]","inspirisdirection":"[]","info":"莱比斯帝国卓绝士_攻击4"},{"inspirexy":"[]","efxisfollow":"[]","roleid":"161001","efxroom":"[]","inspirelayertype":"[]","efxxy":"[]","efx_nodes":"[[2]]","inspireloop":"[]","efxloop":"[[0]]","actionname":"atk1_z","inspireroom":"[]","efxlayerzorder":"[]","efxlayertype":"[]","inspirelayerzorder":"[]","inspireevent":"[]","inspirefollow":"[]","inspireevent_nodes":"[]","efx":"[[101]]","id":51,"efxevents":"[1]","efxisdirection":"[0]","inspirisdirection":"[]","info":"骷髅_剑盾__攻击1"},{"inspirexy":"[]","efxisfollow":"[]","roleid":"161001","efxroom":"[]","inspirelayertype":"[]","efxxy":"[]","efx_nodes":"[[2]]","inspireloop":"[]","efxloop":"[[0]]","actionname":"atk2_z","inspireroom":"[]","efxlayerzorder":"[]","efxlayertype":"[]","inspirelayerzorder":"[]","inspireevent":"[]","inspirefollow":"[]","inspireevent_nodes":"[]","efx":"[[102]]","id":52,"efxevents":"[1]","efxisdirection":"[0]","inspirisdirection":"[]","info":"骷髅_剑盾__攻击2"},{"inspirexy":"[]","efxisfollow":"[]","roleid":"161001","efxroom":"[]","inspirelayertype":"[]","efxxy":"[]","efx_nodes":"[[2]]","inspireloop":"[]","efxloop":"[[0]]","actionname":"atk3_z","inspireroom":"[]","efxlayerzorder":"[]","efxlayertype":"[]","inspirelayerzorder":"[]","inspireevent":"[]","inspirefollow":"[]","inspireevent_nodes":"[]","efx":"[[103]]","id":53,"efxevents":"[1]","efxisdirection":"[0]","inspirisdirection":"[]","info":"骷髅_剑盾__攻击3"},{"inspirexy":"[]","efxisfollow":"[]","roleid":"100501","efxroom":"[[1]]","inspirelayertype":"[]","efxxy":"[]","efx_nodes":"[[2]]","inspireloop":"[]","efxloop":"[[0]]","actionname":"z_preparatory2","inspireroom":"[]","efxlayerzorder":"[]","efxlayertype":"[]","inspirelayerzorder":"[]","inspireevent":"[]","inspirefollow":"[]","inspireevent_nodes":"[]","efx":"[[110]]","id":54,"efxevents":"[1]","efxisdirection":"[[1]]","inspirisdirection":"[]","info":"火女陨石预备动作"},{"inspirexy":"[]","efxisfollow":"[[0]]","roleid":"100201","efxroom":"[[1]]","inspirelayertype":"[]","efxxy":"[]","efx_nodes":"[[2]]","inspireloop":"[]","efxloop":"[[0]]","actionname":"atk1_z","inspireroom":"[]","efxlayerzorder":"[]","efxlayertype":"[[1]]","inspirelayerzorder":"[]","inspireevent":"[]","inspirefollow":"[]","inspireevent_nodes":"[]","efx":"[[113]]","id":55,"efxevents":"[1]","efxisdirection":"[[1]]","inspirisdirection":"[]","info":"奥尔良少女攻击1"},{"inspirexy":"[]","efxisfollow":"[[0]]","roleid":"100201","efxroom":"[[1]]","inspirelayertype":"[]","efxxy":"[]","efx_nodes":"[[2]]","inspireloop":"[]","efxloop":"[[0]]","actionname":"atk2_z","inspireroom":"[]","efxlayerzorder":"[]","efxlayertype":"[[1]]","inspirelayerzorder":"[]","inspireevent":"[]","inspirefollow":"[]","inspireevent_nodes":"[]","efx":"[[114]]","id":56,"efxevents":"[1]","efxisdirection":"[[1]]","inspirisdirection":"[]","info":"奥尔良少女攻击2"},{"inspirexy":"[]","efxisfollow":"[[0]]","roleid":"100201","efxroom":"[[1]]","inspirelayertype":"[]","efxxy":"[]","efx_nodes":"[[2]]","inspireloop":"[]","efxloop":"[[0]]","actionname":"atk3_z","inspireroom":"[]","efxlayerzorder":"[]","efxlayertype":"[[1]]","inspirelayerzorder":"[]","inspireevent":"[]","inspirefollow":"[]","inspireevent_nodes":"[]","efx":"[[115]]","id":57,"efxevents":"[1]","efxisdirection":"[[1]]","inspirisdirection":"[]","info":"奥尔良少女攻击3"},{"inspirexy":"[]","efxisfollow":"[[0]]","roleid":"100201","efxroom":"[[1]]","inspirelayertype":"[]","efxxy":"[]","efx_nodes":"[[2]]","inspireloop":"[]","efxloop":"[[0]]","actionname":"atk4_z","inspireroom":"[]","efxlayerzorder":"[]","efxlayertype":"[[1]]","inspirelayerzorder":"[]","inspireevent":"[]","inspirefollow":"[]","inspireevent_nodes":"[]","efx":"[[116]]","id":58,"efxevents":"[1]","efxisdirection":"[[1]]","inspirisdirection":"[]","info":"奥尔良少女攻击4"},{"inspirexy":"[]","efxisfollow":"[[0]]","roleid":"100201","efxroom":"[[1]]","inspirelayertype":"[]","efxxy":"[]","efx_nodes":"[[2]]","inspireloop":"[]","efxloop":"[[0]]","actionname":"atk5_z","inspireroom":"[]","efxlayerzorder":"[]","efxlayertype":"[[1]]","inspirelayerzorder":"[]","inspireevent":"[]","inspirefollow":"[]","inspireevent_nodes":"[]","efx":"[[117]]","id":59,"efxevents":"[1]","efxisdirection":"[[1]]","inspirisdirection":"[]","info":"奥尔良少女攻击5"},{"inspirexy":"[]","efxisfollow":"[[0]]","roleid":"100201","efxroom":"[[1]]","inspirelayertype":"[]","efxxy":"[]","efx_nodes":"[[2]]","inspireloop":"[]","efxloop":"[[0]]","actionname":"atk6_z","inspireroom":"[]","efxlayerzorder":"[]","efxlayertype":"[[1]]","inspirelayerzorder":"[]","inspireevent":"[]","inspirefollow":"[]","inspireevent_nodes":"[]","efx":"[[118]]","id":60,"efxevents":"[1]","efxisdirection":"[[1]]","inspirisdirection":"[]","info":"奥尔良少女攻击6"},{"inspirexy":"[]","efxisfollow":"[[0]]","roleid":"100201","efxroom":"[[1]]","inspirelayertype":"[]","efxxy":"[]","efx_nodes":"[[2]]","inspireloop":"[]","efxloop":"[[0]]","actionname":"atk7_z","inspireroom":"[]","efxlayerzorder":"[]","efxlayertype":"[[1]]","inspirelayerzorder":"[]","inspireevent":"[]","inspirefollow":"[]","inspireevent_nodes":"[]","efx":"[[119]]","id":61,"efxevents":"[1]","efxisdirection":"[[1]]","inspirisdirection":"[]","info":"奥尔良少女攻击7"}]