[{"soltname":"挂点名称","name":"名称","id":-1045},{"soltname":"shootnode","name":"射击挂点","id":1},{"soltname":"extnode","name":"特效挂点1","id":2},{"soltname":"extnode2","name":"特效挂点2","id":3},{"soltname":"lightnode","name":"光环挂点","id":4},{"soltname":"shadownode","name":"阴影挂点","id":5},{"soltname":"shootnode2","name":"射击挂点","id":11},{"soltname":"shootnode3","name":"射击挂点","id":12},{"soltname":"shootnode4","name":"射击挂点","id":13},{"soltname":"shootnode5","name":"射击挂点","id":14},{"soltname":"extnode3","name":"特效挂点3","id":21},{"soltname":"extnode4","name":"特效挂点4","id":22},{"soltname":"extnode5","name":"特效挂点5","id":23},{"soltname":"beatnode1","name":"被击挂点1","id":24},{"soltname":"beatnode2","name":"被击挂点2","id":25},{"soltname":"beatnode3","name":"被击挂点3","id":26},{"soltname":"signnode1","name":"标记挂点1","id":27},{"soltname":"smokenode1","name":"烟尘挂点1","id":28},{"soltname":"smokenode2","name":"烟尘挂点2","id":29},{"soltname":"smokenode3","name":"烟尘挂点3","id":30},{"soltname":"smokenode4","name":"烟尘挂点4","id":31},{"soltname":"strikeornode1","name":"触发其它特效产生的挂点","id":32}]