[
    
[
 {
        "level": 1,
        "x": 2,
        "id": 160901,
        "y": 6,
        "exp":1200,
        "aii":   1,
        "direction": 1,
        "roleid": 19,
        "leftorright": 1,
        "property": [
            {
                "key": 1,
                "value": 861
            },
            {
                "key": 2,
                "value": 120
            },
            null,
            null,
            null,
            null,
            null,
            null,
            null,
            null,
            null,
            null,
            null,
            {
                "key": 14,
                "value": 110
            },
            null,
            null,
            {
                "key": 17,
                "value": 861
            },
            {
                "key": 18,
                "value": 120
            },
            null,
            null,
            null,
            null,
            null,
            null,
            {
                "key": 25,
                "value": 0
            }
        ],
  "skills": {
            "260901": {
                "level": 1,
                "id": 260901
            },
            "260902": {
                "level": 1,
                "id": 260902
            },
            "260903": {
                "level": 1,
                "id": 260903
            },
            "260904": {
                "level": 1,
                "id": 260904
            } 
        },
      

        "herotype": 1,
        "teamleader": 1
    } ,
    {
        "level": 1,
        "x": 2,
        "id": 160901,
        "y": 7,
        "exp":1200,
        "aii":   1,
        "direction": 1,
        "roleid": 119,
        "leftorright": 1,
        "property": [
            {
                "key": 1,
                "value": 861
            },
            {
                "key": 2,
                "value": 120
            },
            null,
            null,
            null,
            null,
            null,
            null,
            null,
            null,
            null,
            null,
            null,
            {
                "key": 14,
                "value": 110
            },
            null,
            null,
            {
                "key": 17,
                "value": 861
            },
            {
                "key": 18,
                "value": 120
            },
            null,
            null,
            null,
            null,
            null,
            null,
            {
                "key": 25,
                "value": 0
            }
        ],
       "skills": {
            "260901": {
                "level": 1,
                "id": 260901
            },
            "260902": {
                "level": 1,
                "id": 260902
            },
            "260903": {
                "level": 1,
                "id": 260903
            },
            "260904": {
                "level": 1,
                "id": 260904
            } 
        },

        "herotype": 1,
        "teamleader": 0
    }
],
[
     {
        "level": 1,
        "xw": 1,
        "x": 2,
        "id": 160901,
        "y": 9,
        "exp":1200,
        "aii":   1,
        "direction": 0,
        "roleid": 31,
        "leftorright": 2,
        "property": [
            {
                "key": 1,
                "value": 861
            },
            {
                "key": 2,
                "value": 120
            },
            null,
            null,
            null,
            null,
            null,
            null,
            null,
            null,
            null,
            null,
            null,
            {
                "key": 14,
                "value": 110
            },
            null,
            null,
            {
                "key": 17,
                "value": 861
            },
            {
                "key": 18,
                "value": 861
            },
            null,
            null,
            null,
            null,
            null,
            null,
            {
                "key": 25,
                "value": 0
            }
        ],
 "skills": {
            "260901": {
                "level": 1,
                "id": 260901
            },
            "260902": {
                "level": 1,
                "id": 260902
            },
            "260903": {
                "level": 1,
                "id": 260903
            },
            "260904": {
                "level": 1,
                "id": 260904
            } 
        },
 
        "herotype": 2,
        "teamleader": 1
    }                                
]
]