[
    
[
 {
        "level": 1,
        "x": 2,
        "id": 160901,
        "y": 6,
        "exp":1200,
        "aii":   1,
        "direction": 1,
        "roleid": 19,
        "leftorright": 1,
        "property": [
            {
                "key": 1,
                "value": 861
            },
            {
                "key": 2,
                "value": 120
            },
            null,
            null,
            null,
            null,
            null,
            null,
            null,
            null,
            null,
            null,
            null,
            {
                "key": 14,
                "value": 110
            },
            null,
            null,
            {
                "key": 17,
                "value": 861
            },
            {
                "key": 18,
                "value": 120
            },
            null,
            null,
            null,
            null,
            null,
            null,
            {
                "key": 25,
                "value": 0
            }
        ],
      "skills": {
            "260901": {
                "level": 1,
                "id": 260901
            },
            "260902": {
                "level": 1,
                "id": 260902
            },
            "260903": {
                "level": 1,
                "id": 260903
            },
            "260904": {
                "level": 1,
                "id": 260904
            } 
        },
      
      

        "herotype": 1,
        "teamleader": 1
    },
    
    {
        "level": 1,
        "x": 1,
        "id": 100101,
        "y": 6,
        "exp":1200,
        "aii":   1,
        "direction": 1,
        "roleid": 119,
        "leftorright": 1,
        "property": [
            {
                "key": 1,
                "value": 861
            },
            {
                "key": 2,
                "value": 120
            },
            null,
            null,
            null,
            null,
            null,
            null,
            null,
            null,
            null,
            null,
            null,
            {
                "key": 14,
                "value": 110
            },
            null,
            null,
            {
                "key": 17,
                "value": 861
            },
            {
                "key": 18,
                "value": 120
            },
            null,
            null,
            null,
            null,
            null,
            null,
            {
                "key": 25,
                "value": 0
            }
        ],
      "skills": {
            "200101": {
                "level": 1,
                "id": 200101
            },
            "200102": {
                "level": 1,
                "id": 200102
            },
            "200103": {
                "level": 1,
                "id": 200103
            },
            "200104": {
                "level": 1,
                "id": 200104
            } 
        },
      

        "herotype": 1,
        "teamleader": 0
    },
    {
        "level": 1,
        "x": 3,
        "id": 100201,
        "y": 7,
        "exp":1200,
        "aii":   1,
        "direction": 1,
        "roleid": 9,
        "leftorright": 1,
        "property": [
            {
                "key": 1,
                "value": 861
            },
            {
                "key": 2,
                "value": 120
            },
            null,
            null,
            null,
            null,
            null,
            null,
            null,
            null,
            null,
            null,
            null,
            {
                "key": 14,
                "value": 110
            },
            null,
            null,
            {
                "key": 17,
                "value": 861
            },
            {
                "key": 18,
                "value": 120
            },
            null,
            null,
            null,
            null,
            null,
            null,
            {
                "key": 25,
                "value": 0
            }
        ],
      "skills": {
            "200201": {
                "level": 1,
                "id": 200201
            },
            "200202": {
                "level": 1,
                "id": 200202
            },
            "200203": {
                "level": 1,
                "id": 200203
            },
            "200204": {
                "level": 1,
                "id": 200204
            } 
        },
      

        "herotype": 1,
        "teamleader": 0
    }
    ,
    {
        "level": 1,
        "x": 1,
        "id": 100301,
        "y": 7,
        "exp":1200,
        "aii":   1,
        "direction": 0,
        "roleid": 59,
        "leftorright": 1,
        "property": [
            {
                "key": 1,
                "value": 861
            },
            {
                "key": 2,
                "value": 120
            },
            null,
            null,
            null,
            null,
            null,
            null,
            null,
            null,
            null,
            null,
            null,
            {
                "key": 14,
                "value": 110
            },
            null,
            null,
            {
                "key": 17,
                "value": 861
            },
            {
                "key": 18,
                "value": 120
            },
            null,
            null,
            null,
            null,
            null,
            null,
            {
                "key": 25,
                "value": 0
            }
        ],
     
         "skills": {
            "200301": {
                "level": 1,
                "id": 200301
            },
            "200302": {
                "level": 1,
                "id": 200302
            },
            "200303": {
                "level": 1,
                "id": 200303
            },
            "200304": {
                "level": 1,
                "id": 200304
            } 
        },
        "herotype": 1,
        "teamleader": 0
    }
],
[
     {
        "level": 1,
        "xw": 1,
        "x": 2,
        "id": 160901,
        "y": 9,
        "exp":1200,
        "aii":   1,
        "direction": 0,
        "roleid": 31,
        "leftorright": 2,
        "property": [
            {
                "key": 1,
                "value": 861
            },
            {
                "key": 2,
                "value": 120
            },
            null,
            null,
            null,
            null,
            null,
            null,
            null,
            null,
            null,
            null,
            null,
            {
                "key": 14,
                "value": 110
            },
            null,
            null,
            {
                "key": 17,
                "value": 861
            },
            {
                "key": 18,
                "value": 861
            },
            null,
            null,
            null,
            null,
            null,
            null,
            {
                "key": 25,
                "value": 0
            }
        ],
       "skills": {
            "260901": {
                "level": 1,
                "id": 260901
            },
            "260902": {
                "level": 1,
                "id": 260902
            },
            "260903": {
                "level": 1,
                "id": 260903
            },
            "260904": {
                "level": 1,
                "id": 260904
            } 
        },
 
        "herotype": 2,
        "teamleader": 1
    }                                
]
]

100101  1   士兵
100201  0   少女
100301  1   圣骑
100401  1   狼人
100501  1   火女
100601  1   枪手
100701  1   德鲁伊
100801  1   哥布林
100901  0   刺客
101001  0   冰女
101101  0   小丑
101201  0   黑骑
101301  0   精灵弓手
101401  0   白魔法师
101501  0   牧师
101601  0   巫女
101701  0   野蛮人
101801  0   盲僧
101901  0   矮人
102001  0   傀儡
160101  0   米特拉教军战士
160201  0   米特拉教军弓手
160301  0   米特拉教军卓力士
160401  0   莱比斯帝国勇士
160501  0   莱比斯帝国枪手
160601  0   莱比斯帝国卓绝士
160701  0   墨檀蛛
160801  0   骷髅法师
160901  0   骷髅射手
161001  0   骷髅刽子手
180101  0   雷兽
191001  0   木箱
192001  0   火炮
193001  0   防御水晶