[
    
[
 {
        "level": 1,
        "x": 2,
        "id": 100601,
        "y": 6,
        "exp":1200,
        "aii":   1,
        "direction": 1,
        "roleid": 19,
        "leftorright": 1,
        "property": [
            {
                "key": 1,
                "value": 861
            },
            {
                "key": 2,
                "value": 120
            },
            null,
            null,
            null,
            null,
            null,
            null,
            null,
            null,
            null,
            null,
            null,
            {
                "key": 14,
                "value": 110
            },
            null,
            null,
            {
                "key": 17,
                "value": 861
            },
            {
                "key": 18,
                "value": 120
            },
            null,
            null,
            null,
            null,
            null,
            null,
            {
                "key": 25,
                "value": 0
            }
        ],
            "skills": {
            "200601": {
                "level": 1,
                "id": 200601
            },
            "200602": {
                "level": 1,
                "id": 200602
            },
            "200603": {
                "level": 1,
                "id": 200603
            },
            "200604": {
                "level": 1,
                "id": 200604
            } 
        },
      
      

        "herotype": 1,
        "teamleader": 1
    },

    {
        "level": 1,
        "x": 1,
        "id": 100101,
        "y": 6,
        "exp":1200,
        "aii":   1,
        "direction": 1,
        "roleid": 119,
        "leftorright": 1,
        "property": [
            {
                "key": 1,
                "value": 861
            },
            {
                "key": 2,
                "value": 120
            },
            null,
            null,
            null,
            null,
            null,
            null,
            null,
            null,
            null,
            null,
            null,
            {
                "key": 14,
                "value": 110
            },
            null,
            null,
            {
                "key": 17,
                "value": 861
            },
            {
                "key": 18,
                "value": 120
            },
            null,
            null,
            null,
            null,
            null,
            null,
            {
                "key": 25,
                "value": 0
            }
        ],
      "skills": {
            "200101": {
                "level": 1,
                "id": 200101
            },
            "200102": {
                "level": 1,
                "id": 200102
            },
            "200103": {
                "level": 1,
                "id": 200103
            },
            "200104": {
                "level": 1,
                "id": 200104
            } 
        },
      

        "herotype": 1,
        "teamleader": 0
    },
    {
        "level": 1,
        "x": 3,
        "id": 100201,
        "y": 7,
        "exp":1200,
        "aii":   1,
        "direction": 1,
        "roleid": 9,
        "leftorright": 1,
        "property": [
            {
                "key": 1,
                "value": 861
            },
            {
                "key": 2,
                "value": 120
            },
            null,
            null,
            null,
            null,
            null,
            null,
            null,
            null,
            null,
            null,
            null,
            {
                "key": 14,
                "value": 110
            },
            null,
            null,
            {
                "key": 17,
                "value": 861
            },
            {
                "key": 18,
                "value": 120
            },
            null,
            null,
            null,
            null,
            null,
            null,
            {
                "key": 25,
                "value": 0
            }
        ],
      "skills": {
            "200201": {
                "level": 1,
                "id": 200201
            },
            "200202": {
                "level": 1,
                "id": 200202
            },
            "200203": {
                "level": 1,
                "id": 200203
            },
            "200204": {
                "level": 1,
                "id": 200204
            } 
        },
      

        "herotype": 1,
        "teamleader": 0
    }
    ,
    {
        "level": 1,
        "x": 1,
        "id": 100301,
        "y": 7,
        "exp":1200,
        "aii":   1,
        "direction": 0,
        "roleid": 59,
        "leftorright": 1,
        "property": [
            {
                "key": 1,
                "value": 861
            },
            {
                "key": 2,
                "value": 120
            },
            null,
            null,
            null,
            null,
            null,
            null,
            null,
            null,
            null,
            null,
            null,
            {
                "key": 14,
                "value": 110
            },
            null,
            null,
            {
                "key": 17,
                "value": 861
            },
            {
                "key": 18,
                "value": 120
            },
            null,
            null,
            null,
            null,
            null,
            null,
            {
                "key": 25,
                "value": 0
            }
        ],
     
         "skills": {
            "200301": {
                "level": 1,
                "id": 200301
            },
            "200302": {
                "level": 1,
                "id": 200302
            },
            "200303": {
                "level": 1,
                "id": 200303
            },
            "200304": {
                "level": 1,
                "id": 200304
            } 
        },
        "herotype": 1,
        "teamleader": 0
    }
],
[
     {
        "level": 1,
        "xw": 1,
        "x": 2,
        "id": 100701,
        "y": 9,
        "exp":1200,
        "ai":   1,
        "direction": 0,
        "roleid": 31,
        "leftorright": 2,
        "property": [
            {
                "key": 1,
                "value": 861
            },
            {
                "key": 2,
                "value": 120
            },
            null,
            null,
            null,
            null,
            null,
            null,
            null,
            null,
            null,
            null,
            null,
            {
                "key": 14,
                "value": 110
            },
            null,
            null,
            {
                "key": 17,
                "value": 861
            },
            {
                "key": 18,
                "value": 861
            },
            null,
            null,
            null,
            null,
            null,
            null,
            {
                "key": 25,
                "value": 0
            }
        ],
    "skills": {
            "200701": {
                "level": 1,
                "id": 200701
            },
            "200702": {
                "level": 1,
                "id": 200702
            },
            "200703": {
                "level": 1,
                "id": 200703
            },
            "200704": {
                "level": 1,
                "id": 200704
            } 
        },
      
 
        "herotype": 2,
        "teamleader": 1
    }                                
]
]



   "skills": {
            "200801": {
                "level": 1,
                "id": 200801
            },
            "200802": {
                "level": 1,
                "id": 200802
            },
            "200803": {
                "level": 1,
                "id": 200803
            },
            "200804": {
                "level": 1,
                "id": 200804
            } 
        },


   "skills": {
            "200501": {
                "level": 1,
                "id": 200501
            },
            "200502": {
                "level": 1,
                "id": 200502
            },
            "200503": {
                "level": 1,
                "id": 200503
            },
            "200504": {
                "level": 1,
                "id": 200504
            } 
        },


[
    
[
 {
        "level": 1,
        "x":1,
        "id": 100701,
        "y": 10,
        "exp":1200,
        "aii":   1,
        "direction": 1,
        "roleid": 19,
        "leftorright": 1,
        "property": [
            {
                "key": 1,
                "value": 861
            },
            {
                "key": 2,
                "value": 120
            },
            null,
            null,
            null,
            null,
            null,
            null,
            null,
            null,
            null,
            null,
            null,
            {
                "key": 14,
                "value": 110
            },
            null,
            null,
            {
                "key": 17,
                "value": 861
            },
            {
                "key": 18,
                "value": 120
            },
            null,
            null,
            null,
            null,
            null,
            null,
            {
                "key": 25,
                "value": 0
            }
        ],
            "skills": {
            "200701": {
                "level": 1,
                "id": 200701
            },
            "200702": {
                "level": 1,
                "id": 200702
            },
            "200703": {
                "level": 1,
                "id": 200703
            },
            "200704": {
                "level": 1,
                "id": 200704
            } 
        },
      
      

        "herotype": 1,
        "teamleader": 1
    },

    {
        "level": 1,
        "x": 2,
        "id": 100101,
        "y": 11,
        "exp":1200,
        "aii":   1,
        "direction": 1,
        "roleid": 119,
        "leftorright": 1,
        "property": [
            {
                "key": 1,
                "value": 861
            },
            {
                "key": 2,
                "value": 120
            },
            null,
            null,
            null,
            null,
            null,
            null,
            null,
            null,
            null,
            null,
            null,
            {
                "key": 14,
                "value": 110
            },
            null,
            null,
            {
                "key": 17,
                "value": 861
            },
            {
                "key": 18,
                "value": 120
            },
            null,
            null,
            null,
            null,
            null,
            null,
            {
                "key": 25,
                "value": 0
            }
        ],
      "skills": {
            "200101": {
                "level": 1,
                "id": 200101
            },
            "200102": {
                "level": 1,
                "id": 200102
            },
            "200103": {
                "level": 1,
                "id": 200103
            },
            "200104": {
                "level": 1,
                "id": 200104
            } 
        },
      

        "herotype": 1,
        "teamleader": 0
    },{
        "level": 1,
        "x": 3,
        "id": 100101,
        "y": 10,
        "exp":1200,
        "aii":   1,
        "direction": 1,
        "roleid": 419,
        "leftorright": 1,
        "property": [
            {
                "key": 1,
                "value": 861
            },
            {
                "key": 2,
                "value": 120
            },
            null,
            null,
            null,
            null,
            null,
            null,
            null,
            null,
            null,
            null,
            null,
            {
                "key": 14,
                "value": 110
            },
            null,
            null,
            {
                "key": 17,
                "value": 861
            },
            {
                "key": 18,
                "value": 120
            },
            null,
            null,
            null,
            null,
            null,
            null,
            {
                "key": 25,
                "value": 0
            }
        ],
      "skills": {
            "200101": {
                "level": 1,
                "id": 200101
            },
            "200102": {
                "level": 1,
                "id": 200102
            },
            "200103": {
                "level": 1,
                "id": 200103
            },
            "200104": {
                "level": 1,
                "id": 200104
            } 
        },
      

        "herotype": 1,
        "teamleader": 0
    }
],
[
     {
        "level": 1,
        "xw": 1,
        "x": 2,
        "id": 100701,
        "y": 10,
        "exp":1200,
        "aii":   1,
        "direction": 0,
        "roleid": 31,
        "leftorright": 2,
        "property": [
            {
                "key": 1,
                "value": 861
            },
            {
                "key": 2,
                "value": 120
            },
            null,
            null,
            null,
            null,
            null,
            null,
            null,
            null,
            null,
            null,
            null,
            {
                "key": 14,
                "value": 110
            },
            null,
            null,
            {
                "key": 17,
                "value": 861
            },
            {
                "key": 18,
                "value": 861
            },
            null,
            null,
            null,
            null,
            null,
            null,
            {
                "key": 25,
                "value": 0
            }
        ],
    "skills": {
            "200701": {
                "level": 1,
                "id": 200701
            },
            "200702": {
                "level": 1,
                "id": 200702
            },
            "200703": {
                "level": 1,
                "id": 200703
            },
            "200704": {
                "level": 1,
                "id": 200704
            } 
        },
      
 
        "herotype": 2,
        "teamleader": 1
    }                                
]
]
 
