[{"npc":"0","openlevel":"1_1","ce":"0","level":"1","buildtype":"0","addspeedcos":"2_1500","et":"0","ev":"0","func":"0","name":"1级议政厅","uae":"0","up_time":"300","id":900101,"up_custome":"1_1500","bulidinfo":"0"},{"npc":"0","openlevel":"1_5","ce":"0","level":"2","buildtype":"0","addspeedcos":"2_2000","et":"0","ev":"0","func":"0","name":"2级议政厅","uae":"0","up_time":"600","id":900102,"up_custome":"1_2000","bulidinfo":"0"},{"npc":"0","openlevel":"1_10","ce":"0","level":"3","buildtype":"0","addspeedcos":"2_2500","et":"0","ev":"0","func":"0","name":"3级议政厅","uae":"0","up_time":"900","id":900103,"up_custome":"1_2500","bulidinfo":"0"},{"npc":"0","openlevel":"1_15","ce":"0","level":"4","buildtype":"0","addspeedcos":"2_3000","et":"0","ev":"0","func":"0","name":"4级议政厅","uae":"0","up_time":"1200","id":900104,"up_custome":"2_3000","bulidinfo":"0"},{"npc":"0","openlevel":"1_20","ce":"0","level":"5","buildtype":"0","addspeedcos":"2_3500","et":"0","ev":"0","func":"0","name":"5级议政厅","uae":"0","up_time":"1500","id":900105,"up_custome":"2_3500","bulidinfo":"0"},{"npc":"0","openlevel":"3_1","ce":"0","level":"1","buildtype":"0","addspeedcos":"2_1500","et":"0","ev":"0","func":"装备强化","name":"1级铁匠铺","uae":"0","up_time":"300","id":900201,"up_custome":"1_1500","bulidinfo":"0"},{"npc":"0","openlevel":"3_2","ce":"0","level":"2","buildtype":"0","addspeedcos":"2_2000","et":"0","ev":"0","func":"装备分解","name":"2级铁匠铺","uae":"0","up_time":"600","id":900202,"up_custome":"1_2000","bulidinfo":"0"},{"npc":"0","openlevel":"3_3","ce":"0","level":"3","buildtype":"0","addspeedcos":"2_2500","et":"0","ev":"0","func":"装备附魔","name":"3级铁匠铺","uae":"0","up_time":"900","id":900203,"up_custome":"1_2500","bulidinfo":"0"},{"npc":"0","openlevel":"3_1","ce":"0","level":"1","buildtype":"0","addspeedcos":"2_1500","et":"0","ev":"0","func":"能够获得英雄","name":"1级酒馆","uae":"0","up_time":"300","id":900301,"up_custome":"1_1500","bulidinfo":"0"},{"npc":"0","openlevel":"3_2","ce":"0","level":"2","buildtype":"0","addspeedcos":"2_2000","et":"0","ev":"0","func":"能够获得装备","name":"2级酒馆","uae":"0","up_time":"600","id":900302,"up_custome":"1_2000","bulidinfo":"0"},{"npc":"0","openlevel":"3_3","ce":"0","level":"3","buildtype":"0","addspeedcos":"2_2500","et":"0","ev":"0","func":"能够获得金币","name":"3级酒馆","uae":"0","up_time":"900","id":900303,"up_custome":"1_2500","bulidinfo":"0"},{"npc":"0","openlevel":"3_4","ce":"0","level":"4","buildtype":"0","addspeedcos":"2_3000","et":"0","ev":"0","func":"能够获得体力","name":"4级酒馆","uae":"0","up_time":"1200","id":900304,"up_custome":"2_3000","bulidinfo":"0"},{"npc":"0","openlevel":"3_5","ce":"0","level":"5","buildtype":"0","addspeedcos":"2_3500","et":"0","ev":"0","func":"能够获得钻石","name":"5级酒馆","uae":"0","up_time":"1500","id":900305,"up_custome":"2_3500","bulidinfo":"0"},{"npc":"0","openlevel":"3_3","ce":"0","level":"1","buildtype":"0","addspeedcos":"2_1500","et":"0","ev":"0","func":"制造栅栏","name":"1级军械所","uae":"0","up_time":"300","id":900401,"up_custome":"1_1500","bulidinfo":"0"},{"npc":"0","openlevel":"3_4","ce":"0","level":"2","buildtype":"0","addspeedcos":"2_2000","et":"0","ev":"0","func":"制造水晶","name":"2级军械所","uae":"0","up_time":"600","id":900402,"up_custome":"1_2000","bulidinfo":"0"},{"npc":"0","openlevel":"3_5","ce":"0","level":"3","buildtype":"0","addspeedcos":"2_2500","et":"0","ev":"0","func":"制造投石器","name":"3级军械所","uae":"0","up_time":"900","id":900403,"up_custome":"1_2500","bulidinfo":"0"},{"npc":"0","openlevel":"3_1","ce":"0","level":"1","buildtype":"0","addspeedcos":"2_1500","et":"101","ev":"2_5","func":"0","name":"技能研发1级","uae":"0","up_time":"300","id":910101,"up_custome":"1_1500","bulidinfo":"0"},{"npc":"0","openlevel":"3_2","ce":"0","level":"2","buildtype":"0","addspeedcos":"2_2000","et":"101","ev":"2_10","func":"0","name":"技能研发2级","uae":"0","up_time":"600","id":910102,"up_custome":"1_2000","bulidinfo":"0"},{"npc":"0","openlevel":"3_3","ce":"0","level":"3","buildtype":"0","addspeedcos":"2_2500","et":"101","ev":"2_15","func":"0","name":"技能研发3级","uae":"0","up_time":"900","id":910103,"up_custome":"1_2500","bulidinfo":"0"},{"npc":"0","openlevel":"3_4","ce":"0","level":"4","buildtype":"0","addspeedcos":"2_3000","et":"101","ev":"2_20","func":"0","name":"技能研发4级","uae":"0","up_time":"1200","id":910104,"up_custome":"2_3000","bulidinfo":"0"},{"npc":"0","openlevel":"3_5","ce":"0","level":"5","buildtype":"0","addspeedcos":"2_3500","et":"101","ev":"2_25","func":"0","name":"技能研发5级","uae":"0","up_time":"1500","id":910105,"up_custome":"2_3500","bulidinfo":"0"}]