[{"openlevel":"1","levelpos":"[[10,11],[10,18],[10,12],[10,13]]","backgroundfile":"text.tml","upchapter":"0","originalname":"Chapter 1: Initial journey","name":"L130001","id":101,"levels":"[801001,801002,801003,801004,801005]","arwrds":"[1,2,3,4,5,6]"},{"openlevel":"2","levelpos":"[[10,11],[10,18],[10,12],[10,13]]","backgroundfile":"text.tml","upchapter":"0","originalname":"Chapter 1: Initial journey","name":"第二章:诸神的黄昏","id":102,"levels":"[801001,801002,801003,801004,801005]","arwrds":"[1,2,3,4,5,7]"},{"openlevel":"3","levelpos":"[[10,11],[10,18],[10,12],[10,13]]","backgroundfile":"text.tml","upchapter":"0","originalname":"Chapter 1: Initial journey","name":"第三章:诸神的黄昏","id":103,"levels":"[801001,801002,801003,801004,801005]","arwrds":"[1,2,3,4,5,8]"},{"openlevel":"4","levelpos":"[[10,11],[10,18],[10,12],[10,13]]","backgroundfile":"text.tml","upchapter":"0","originalname":"Chapter 1: Initial journey","name":"第四章:诸神的黄昏","id":104,"levels":"[801001,801002,801003,801004,801005]","arwrds":"[1,2,3,4,5,9]"},{"openlevel":"5","levelpos":"[[10,11],[10,18],[10,12],[10,13]]","backgroundfile":"text.tml","upchapter":"0","originalname":"Chapter 1: Initial journey","name":"第五章:诸神的黄昏","id":105,"levels":"[801001,801002,801003,801004,801005]","arwrds":"[1,2,3,4,5,10]"}]