[{"thingsheight":100,"thingswidth":100,"name":"水晶台","hp":1000,"iconfile":"shuijingtai.png","id":1,"spinefile":"60001","describe":"这是一个水晶台","possesspos":"[1,1]","type":1},{"thingsheight":100,"thingswidth":100,"name":"箱子","hp":500,"iconfile":"xiangzi1.png","id":2,"spinefile":"60001","describe":"没什么用，只是一个木头箱子","possesspos":"[1,1]","type":0},{"thingsheight":100,"thingswidth":100,"name":"车子","hp":200,"iconfile":"che.png","id":3,"spinefile":"60001","describe":"我也不知道有什么用","possesspos":"[1,1]","type":0}]