[{"lantype2":"文本类型0:系统默认字体  1:给定的字体 2: 给定的ttf字体","lantype1":"文本类型0:系统默认字体(文件名填具体系统文字名称)  1:给定的fnt字体 2: 给定的ttf字体","lan1":"中文字库文件名称","id":"-10045","lan2":"英文字库文件名称","info":"字库描述"},{"lantype2":"0","lantype1":"0","lan1":"Arial","id":"FN01","lan2":"Arial","info":"系统文字Arial"},{"lantype2":"1","lantype1":"0","lan1":"Arial","id":"FN02","lan2":"ui_zimo_biaoti01.fnt","info":"空心标题文本"},{"lantype2":"1","lantype1":"0","lan1":"Arial","id":"FN03","lan2":"ui_zimo_biaoti02.fnt","info":"实心标题文本"},{"lantype2":"1","lantype1":"0","lan1":"Arial","id":"FN04","lan2":"ui_zimo_zhengwen01.fnt","info":"空心正文"},{"lantype2":"1","lantype1":"0","lan1":"Arial","id":"FN05","lan2":"ui_zimo_zhengwen02.fnt","info":"白色正文"}]