[{"viewname":" 视图名称","useinfo":"该系统的使用说明: 0标示没有使用说明","newplayer":"新手数据","music":"音乐ID: 0标示没有音乐","viewtilte":"视图标题文本ID","othername":"外文名称","classname":"-1","showde":"负责人","id":-1045,"opencondition":"视图开启条件","usetype":"使用说明类型","olevel":"开启等级 -1 与等级没有关系"},{"viewname":"背包","useinfo":"该系统的使用说明","newplayer":"[]","music":"0","viewtilte":"视图标题文本ID","othername":"bag","classname":"BagLayer","showde":"负责人","id":110,"opencondition":"1","usetype":"使用说明类型","olevel":"0"},{"viewname":"登录系统","useinfo":"该系统的使用说明","newplayer":"[]","music":"BGM1001","viewtilte":"视图标题文本ID","othername":"login","classname":"LoginView","showde":"负责人","id":111,"opencondition":"1","usetype":"使用说明类型","olevel":"0"},{"viewname":"英雄分类界面","useinfo":"该系统的使用说明","newplayer":"[]","music":"0","viewtilte":"视图标题文本ID","othername":"allheroview","classname":"AllHeroView","showde":"负责人","id":112,"opencondition":"1","usetype":"使用说明类型","olevel":"0"},{"viewname":"英雄主视图","useinfo":"cdascasdc","newplayer":"[]","music":"BGM1012","viewtilte":"视图标题文本ID","othername":"HeroMainView","classname":"HeroMainView","showde":"负责人","id":115,"opencondition":"0","usetype":"21212","olevel":"0"},{"viewname":"英雄属性视图","useinfo":"该系统的使用说明: 0标示没有使用说明","newplayer":"[]","music":"0","viewtilte":"视图标题文本ID","othername":"HeroPropertyView","classname":"HeroPropertyView","showde":"负责人","id":116,"opencondition":"0","usetype":"使用说明类型","olevel":"0"},{"viewname":"英雄技能视图","useinfo":"该系统的使用说明: 0标示没有使用说明","newplayer":"[]","music":"0","viewtilte":"视图标题文本ID","othername":"HeroSkillView","classname":"HeroSkillView","showde":"负责人","id":117,"opencondition":"0","usetype":"使用说明类型","olevel":"0"},{"viewname":"英雄装备视图","useinfo":"该系统的使用说明: 0标示没有使用说明","newplayer":"[]","music":"BGM1012","viewtilte":"视图标题文本ID","othername":"HeroEquipView","classname":"HeroEquipView","showde":"负责人","id":118,"opencondition":"0","usetype":"使用说明类型","olevel":"0"},{"viewname":"英雄装备信息视图","useinfo":"该系统的使用说明: 0标示没有使用说明","newplayer":"[]","music":"0","viewtilte":"视图标题文本ID","othername":"EquipInfomationView","classname":"EquipInfomationView","showde":"负责人","id":119,"opencondition":"0","usetype":"使用说明类型","olevel":"0"},{"viewname":"碎片获取英雄视图","useinfo":"该系统的使用说明: 0标示没有使用说明","newplayer":"[]","music":"0","viewtilte":"视图标题文本ID","othername":"HeroGainView","classname":"HeroGainView","showde":"负责人","id":120,"opencondition":"0","usetype":"使用说明类型","olevel":"0"},{"viewname":"英雄故事视图","useinfo":"该系统的使用说明: 0标示没有使用说明","newplayer":"[]","music":"0","viewtilte":"视图标题文本ID","othername":"CommonStoryNode","classname":"CommonStoryNode","showde":"负责人","id":121,"opencondition":"0","usetype":"使用说明类型","olevel":"0"},{"viewname":"英雄简介视图","useinfo":"该系统的使用说明: 0标示没有使用说明","newplayer":"[]","music":"0","viewtilte":"视图标题文本ID","othername":"CommonIntroduceView","classname":"CommonIntroduceView","showde":"负责人","id":122,"opencondition":"0","usetype":"使用说明类型","olevel":"0"},{"viewname":"升星视图","useinfo":"该系统的使用说明: 0标示没有使用说明","newplayer":"[]","music":"0","viewtilte":"视图标题文本ID","othername":"HeroGradeStarView","classname":"HeroGradeStarView","showde":"负责人","id":123,"opencondition":"0","usetype":"使用说明类型","olevel":"0"},{"viewname":"英雄评价视图","useinfo":"该系统的使用说明: 0标示没有使用说明","newplayer":"[]","music":"0","viewtilte":"视图标题文本ID","othername":"HeroEvaluateView","classname":"HeroEvaluateView","showde":"负责人","id":124,"opencondition":"0","usetype":"使用说明类型","olevel":"0"},{"viewname":"评价内容视图","useinfo":"该系统的使用说明: 0标示没有使用说明","newplayer":"[]","music":"0","viewtilte":"视图标题文本ID","othername":"EvaluateContentView","classname":"EvaluateContentView","showde":"负责人","id":125,"opencondition":"0","usetype":"使用说明类型","olevel":"0"},{"viewname":"邮箱视图","useinfo":"该系统的使用说明","newplayer":"[]","music":"0","viewtilte":"视图标题文本ID","othername":"maillayer","classname":"MailLayer","showde":"负责人","id":126,"opencondition":"1","usetype":"使用说明类型","olevel":"0"},{"viewname":"聊天视图","useinfo":"该系统的使用说明","newplayer":"[]","music":"0","viewtilte":"视图标题文本ID","othername":"chatview","classname":"ChatView","showde":"负责人","id":127,"opencondition":"1","usetype":"使用说明类型","olevel":"0"},{"viewname":"铁匠铺主界面","useinfo":"该系统的使用说明","newplayer":"[]","music":"0","viewtilte":"视图标题文本ID","othername":"IronMainView","classname":"IronMainView","showde":"负责人","id":133,"opencondition":"1","usetype":"使用说明类型","olevel":"0"},{"viewname":"强化装备视图","useinfo":"该系统的使用说明","newplayer":"[]","music":"0","viewtilte":"视图标题文本ID","othername":"EquipStrengthView","classname":"EquipStrengthView","showde":"负责人","id":134,"opencondition":"1","usetype":"使用说明类型","olevel":"0"},{"viewname":"装备分解视图","useinfo":"该系统的使用说明","newplayer":"[]","music":"0","viewtilte":"视图标题文本ID","othername":"EquipDecomposeView","classname":"EquipDecomposeView","showde":"负责人","id":135,"opencondition":"1","usetype":"使用说明类型","olevel":"0"},{"viewname":"仓库主界面","useinfo":"该系统的使用说明: 0标示没有使用说明","newplayer":"[]","music":"0","viewtilte":"视图标题文本ID","othername":"StoreHouseMainView","classname":"StoreHouseMainView","showde":"负责人","id":140,"opencondition":"0","usetype":"使用说明类型","olevel":"0"},{"viewname":"材料出售界面","useinfo":"该系统的使用说明: 0标示没有使用说明","newplayer":"[]","music":"0","viewtilte":"视图标题文本ID","othername":"PropSaleView","classname":"PropSaleView","showde":"负责人","id":141,"opencondition":"0","usetype":"使用说明类型","olevel":"0"},{"viewname":"个人信息主界面","useinfo":"该系统的使用说明","newplayer":"[]","music":"0","viewtilte":"视图标题文本ID","othername":"PlayerInmationView","classname":"PlayerInmationView","showde":"钱冬冬","id":142,"opencondition":"1","usetype":"使用说明类型","olevel":"0"},{"viewname":"仓库","useinfo":"该系统的使用说明","newplayer":"[]","music":"BGM1012","viewtilte":"视图标题文本ID","othername":"StoreHouseMainView","classname":"StoreHouseMainView","showde":"负责人","id":143,"opencondition":"1","usetype":"使用说明类型","olevel":"0"},{"viewname":"战斗胜利界面","useinfo":"该系统的使用说明","newplayer":"[]","music":"0","viewtilte":"视图标题文本ID","othername":"BattleVictory","classname":"BattleVictoryLayer","showde":"负责人","id":201,"opencondition":"1","usetype":"使用说明类型","olevel":"0"},{"viewname":"战斗失败界面","useinfo":"该系统的使用说明","newplayer":"[]","music":"0","viewtilte":"视图标题文本ID","othername":"BattleFailureLayer","classname":"BattleFailureLayer","showde":"负责人","id":202,"opencondition":"1","usetype":"使用说明类型","olevel":"0"},{"viewname":"世界地图系统","useinfo":"该系统的使用说明","newplayer":"[]","music":"BGM1003","viewtilte":"视图标题文本ID","othername":"WorldMapScene","classname":"WorldMapScene","showde":"负责人","id":203,"opencondition":"1","usetype":"使用说明类型","olevel":"0"},{"viewname":"探索地图系统","useinfo":"该系统的使用说明","newplayer":"[]","music":"BGM1004,BGM1014","viewtilte":"视图标题文本ID","othername":"TerritoryMapScene","classname":"TerritoryMapScene","showde":"负责人","id":204,"opencondition":"1","usetype":"使用说明类型","olevel":"0"},{"viewname":"探索地图界面","useinfo":"该系统的使用说明: 0标示没有使用说明","newplayer":"[]","music":"0","viewtilte":"LUISHOPXX0001","othername":"TerritoryMapLayer","classname":"TerritoryMapLayer","showde":"负责人","id":205,"opencondition":"0","usetype":"使用说明类型","olevel":"0"},{"viewname":"副本章节界面","useinfo":"该系统的使用说明","newplayer":"[]","music":"0","viewtilte":"视图标题文本ID","othername":"ChapterList","classname":"ChapterList","showde":"负责人","id":206,"opencondition":"1","usetype":"使用说明类型","olevel":"0"},{"viewname":"副本任务界面","useinfo":"该系统的使用说明: 0标示没有使用说明","newplayer":"[]","music":"0","viewtilte":"视图标题文本ID","othername":"TaskPanelLayer","classname":"TaskPanelLayer","showde":"负责人","id":207,"opencondition":"0","usetype":"使用说明类型","olevel":"0"},{"viewname":"探索地图结算界面","useinfo":"该系统的使用说明","newplayer":"[]","music":"0","viewtilte":"视图标题文本ID","othername":"TerritoryMapSettlementLayer","classname":"TerritoryMapSettlementLayer","showde":"负责人","id":208,"opencondition":"1","usetype":"使用说明类型","olevel":"0"},{"viewname":"队伍配置界面","useinfo":"该系统的使用说明","newplayer":"[]","music":"BGM1012","viewtilte":"视图标题文本ID","othername":"TeamSetUpLayer","classname":"TeamSetUpLayer","showde":"负责人","id":209,"opencondition":"0","usetype":"使用说明类型","olevel":"0"},{"viewname":"阵型编辑界面","useinfo":"该系统的使用说明","newplayer":"[]","music":"0","viewtilte":"视图标题文本ID","othername":"FormationLayer","classname":"FormationLayer","showde":"负责人","id":210,"opencondition":"0","usetype":"使用说明类型","olevel":"0"},{"viewname":"商店","useinfo":"该系统的使用说明: 0标示没有使用说明","newplayer":"[]","music":"BGM1009,BGM1016","viewtilte":"LUISHOPXX0001","othername":"ShopLayer","classname":"ShopLayer","showde":"负责人","id":211,"opencondition":"0","usetype":"使用说明类型","olevel":"0"},{"viewname":"抽奖结算界面","useinfo":"该系统的使用说明: 0标示没有使用说明","newplayer":"[]","music":"0","viewtilte":"视图标题文本ID","othername":"BuyResultLayer","classname":"BuyResultLayer","showde":"负责人","id":212,"opencondition":"0","usetype":"使用说明类型","olevel":"0"},{"viewname":"主界面","useinfo":"该系统的使用说明: 0标示没有使用说明","newplayer":"[]","music":"0","viewtilte":"视图标题文本ID","othername":"MainLayer","classname":"MainLayer","showde":"负责人","id":213,"opencondition":"0","usetype":"使用说明类型","olevel":"0"},{"viewname":"战斗系统","useinfo":"该系统的使用说明","newplayer":"[]","music":"BGM1005","viewtilte":"视图标题文本ID","othername":"battlescene","classname":"BattleScene","showde":"负责人","id":301,"opencondition":"0","usetype":"使用说明类型","olevel":"0"},{"viewname":"主城系统","useinfo":"该系统的使用说明","newplayer":"[]","music":"BGM1002,BGM1015","viewtilte":"视图标题文本ID","othername":"MainScene","classname":"MainScene","showde":"负责人","id":302,"opencondition":"0","usetype":"使用说明类型","olevel":"0"},{"viewname":"战斗结算物品掉落界面","useinfo":"该系统的使用说明","newplayer":"[]","music":"BGM1012","viewtilte":"视图标题文本ID","othername":"BattleAwardsLayer","classname":"BattleAwardsLayer","showde":"郭有超","id":303,"opencondition":"0","usetype":"使用说明类型","olevel":"0"},{"viewname":"游戏中的提示框","useinfo":"该系统的使用说明","newplayer":"[]","music":"0","viewtilte":"视图标题文本ID","othername":"DialogView","classname":"DialogView","showde":"负责人","id":304,"opencondition":"0","usetype":"使用说明类型","olevel":"0"},{"viewname":"战斗胜利系统","useinfo":"该系统的使用说明","newplayer":"[]","music":"BGM1006","viewtilte":"视图标题文本ID","othername":"BattleVictoryLayer","classname":"BattleVictoryLayer","showde":"郭有超","id":305,"opencondition":"0","usetype":"使用说明类型","olevel":"0"},{"viewname":"战斗失败系统","useinfo":"该系统的使用说明","newplayer":"[]","music":"BGM1007","viewtilte":"视图标题文本ID","othername":"BattleFailureLayer","classname":"BattleFailureLayer","showde":"郭有超","id":306,"opencondition":"0","usetype":"使用说明类型","olevel":"0"},{"viewname":"快速战斗系统","useinfo":"该系统的使用说明","newplayer":"[]","music":"BGM1006","viewtilte":"视图标题文本ID","othername":"QuicklyBattleResultLayer","classname":"QuicklyBattleResultLayer","showde":"郭有超","id":307,"opencondition":"0","usetype":"使用说明类型","olevel":"0"},{"viewname":"副本结算界面","useinfo":"该系统的使用说明","newplayer":"[]","music":"0","viewtilte":"视图标题文本ID","othername":"TerritoryMapSettlementLayer","classname":"TerritoryMapSettlementLayer","showde":"郭有超","id":308,"opencondition":"0","usetype":"使用说明类型","olevel":"0"},{"viewname":"进入游戏视图","useinfo":"该系统的使用说明: 0标示没有使用说明","newplayer":"[]","music":"BGM1001","viewtilte":"视图标题文本ID","othername":"ComeGameScene","classname":"ComeGameScene","showde":"负责人","id":309,"opencondition":"0","usetype":"使用说明类型","olevel":"0"},{"viewname":"账号升级系统","useinfo":"该系统的使用说明: 0标示没有使用说明","newplayer":"[]","music":"BGM1008","viewtilte":"视图标题文本ID","othername":"英文名","classname":"类名","showde":"负责人","id":310,"opencondition":"0","usetype":"使用说明类型","olevel":"0"},{"viewname":"副本胜利系统","useinfo":"该系统的使用说明","newplayer":"[]","music":"BGM1011","viewtilte":"视图标题文本ID","othername":"QuicklyBattleResultLayer","classname":"QuicklyBattleResultLayer","showde":"郭有超","id":311,"opencondition":"0","usetype":"使用说明类型","olevel":"0"}]