[{"moveunit":"120","roleinfo":"LHERO100101S01","heroscg":"[1.1,0.6]","tw_need":"200","attackmovetime":"0.2","nsicon":"ui_ty_figure02.png","bigattack":"0","startlevel":"0","bornneed":"50","skills":"200101#200102#200103#200104","mainrolemusic":"FUCK0003","boomatk":"1000","fo_stren":"2000","id":100101,"mprotected":"0","postype":"0","pdef":"194","level":"1","work":"1","originalname":"english","movesinglecelltime":"0.5","cgspine":"ui_cg_spine_100101","maindid":"LTALK100101H01#LTALK100101H02#LTALK100101H03#LTALK100101H04","quality":"1","alertpos":"[-15,280]","f_need":"100","rolewhtype":"1","mainchangecolourpng":"spine_100101.png","leaderaction":"rest","name":"LHERO100101N01","th_stren":"2000","th_need":"300","mainshadow":"0#0,0#main_tongyong_y2,0#main_tongyong_y3,0#main_tongyong_y4","beizhu":"士兵","uiheadgreyname":"ui_bt_figuredi01.png","raftl":"26","stoppos":"0","diahecg":"[0.78,0.78]","customemoveunit":"15","fi_need":"500","rolewidth":"200","mainlightpos":"0_0_0,0_0_0,0_0_0,0_0_0","sgetid":"HCSP100101XX1","icon":"ui_team_100101.png","rolezoomsize":"0.5","rolecgdir":"1","mdef":"151","skillatktype":"1","tfpy":"50","life":"956","speed":"100","rolecgpyy":"[-20,-170]","mattack":"0","fi_stren":"2000","beattackpos":"[-5,265]","bluetype":"1","accessoryparts":"[]","ftf":"50","rownumber":"1","columnnumber":"1","boomhurt":"20000","cgposxy":"[-12,-493]","rolehight":"200","headhight":"[70,200]","cgbackground":"ui_cg_back_100101.png","fo_need":"400","pattack":"276","roleress":"[]","rprel":"34","f_stren":"2000","pprotected":"0","bmatkmusic":"HIT100301","tw_stren":"2000","mainspine":"mine_spine_100101","mainshadowpos":"0_0_0,-235_-55_2,280_-100_2,220_-18_2","jgetid":"GET169101XXX1","comid":"601001","spinefile":"spine_100101"},{"moveunit":"100","roleinfo":"LHERO100201S01","heroscg":"[1,0.6]","tw_need":"200","attackmovetime":"50","nsicon":"ui_ty_figure08.png","bigattack":"0","startlevel":"0","bornneed":"50","skills":"200201#200202#200203#200204","mainrolemusic":"FUCK0002","boomatk":"950","fo_stren":"2000","id":100201,"mprotected":"0","postype":"0","pdef":"203","level":"1","work":"1","originalname":"english","movesinglecelltime":"0.5","cgspine":"ui_cg_spine_100201","maindid":"LTALK100201H01#LTALK100201H02","quality":"3","alertpos":"[-15,280]","f_need":"100","rolewhtype":"1","mainchangecolourpng":"spine_100201.png","leaderaction":"rest","name":"LHERO100201N01","th_stren":"2000","th_need":"300","mainshadow":"0#0,0#main_tongyong_y2,0#main_tongyong_y3,0#main_tongyong_y4","beizhu":"少女","uiheadgreyname":"ui_bt_figuredi01.png","raftl":"36","stoppos":"0","diahecg":"[0.70,0.70]","customemoveunit":"20","fi_need":"500","rolewidth":"200","mainlightpos":"0_0_0,0_0_0,0_0_0,0_0_0","sgetid":"HCSP100201XX1","icon":"ui_team_100201.png","rolezoomsize":"0.5","rolecgdir":"0","mdef":"189","skillatktype":"1","tfpy":"50","life":"908","speed":"105","rolecgpyy":"[-40,-170]","mattack":"0","fi_stren":"2000","beattackpos":"[-5,265]","bluetype":"1","accessoryparts":"[]","ftf":"50","rownumber":"1","columnnumber":"1","boomhurt":"20000","cgposxy":"[18,-488]","rolehight":"200","headhight":"[70,200]","cgbackground":"ui_cg_back_100201.png","fo_need":"400","pattack":"235","roleress":"[]","rprel":"42","f_stren":"2000","pprotected":"0","bmatkmusic":"HIT100201","tw_stren":"2000","mainspine":"mine_spine_100201","mainshadowpos":"0_0_0,-235_-55_2,280_-100_2,220_-18_2","jgetid":"GET169201XXX1","comid":"601002","spinefile":"spine_100201"},{"moveunit":"100","roleinfo":"LHERO100301S01","heroscg":"[1.1,0.6]","tw_need":"200","attackmovetime":"50","nsicon":"ui_ty_figure01.png","bigattack":"0","startlevel":"0","bornneed":"50","skills":"200301#200302#200303#200304","mainrolemusic":"FUCK0003","boomatk":"900","fo_stren":"2000","id":100301,"mprotected":"0","postype":"0","pdef":"155","level":"1","work":"1","originalname":"english","movesinglecelltime":"0.5","cgspine":"ui_cg_spine_100301","maindid":"LTALK100301H01#LTALK100301H02#LTALK100301H03#LTALK100301H04","quality":"2","alertpos":"[-15,280]","f_need":"100","rolewhtype":"1","mainchangecolourpng":"spine_100301.png","leaderaction":"rest","name":"LHERO100301N01","th_stren":"2000","th_need":"300","mainshadow":"0#0,0#main_tongyong_y2,0#main_tongyong_y3,0#main_tongyong_y4","beizhu":"圣骑","uiheadgreyname":"ui_bt_figuredi01.png","raftl":"36","stoppos":"0","diahecg":"[0.78,0.78]","customemoveunit":"25","fi_need":"500","rolewidth":"200","mainlightpos":"0_0_0,0_0_0,0_0_0,0_0_0","sgetid":"HCSP100301XX1","icon":"ui_team_100301.png","rolezoomsize":"0.5","rolecgdir":"1","mdef":"252","skillatktype":"1","tfpy":"50","life":"861","speed":"95","rolecgpyy":"[-48,-250]","mattack":"0","fi_stren":"2000","beattackpos":"[-5,265]","bluetype":"1","accessoryparts":"[]","ftf":"50","rownumber":"1","columnnumber":"1","boomhurt":"20000","cgposxy":"[4,-581]","rolehight":"200","headhight":"[70,200]","cgbackground":"ui_cg_back_100301.png","fo_need":"400","pattack":"249","roleress":"[]","rprel":"30","f_stren":"2000","pprotected":"0","bmatkmusic":"HIT100301","tw_stren":"2000","mainspine":"mine_spine_100301","mainshadowpos":"0_0_0,-235_-55_2,280_-100_2,220_-18_2","jgetid":"GET169301XXX1","comid":"601003","spinefile":"spine_100301"},{"moveunit":"105","roleinfo":"LHERO100401S01","heroscg":"[1.5,0.6]","tw_need":"200","attackmovetime":"50","nsicon":"ui_ty_figure06.png","bigattack":"0","startlevel":"0","bornneed":"50","skills":"200401#200402#200403#200404","mainrolemusic":"FUCK0004","boomatk":"1200","fo_stren":"2000","id":100401,"mprotected":"0","postype":"0","pdef":"155","level":"1","work":"1","originalname":"english","movesinglecelltime":"0.5","cgspine":"ui_cg_spine_100401","maindid":"LTALK100401H01#LTALK100401H02#LTALK100401H03","quality":"2","alertpos":"[-15,280]","f_need":"100","rolewhtype":"0","mainchangecolourpng":"spine_100401.png","leaderaction":"rest","name":"LHERO100401N01","th_stren":"2000","th_need":"300","mainshadow":"0#0,0#main_tongyong_y2,0#main_tongyong_y3,0#main_tongyong_y4","beizhu":"狼人","uiheadgreyname":"ui_bt_figuredi01.png","raftl":"48","stoppos":"0","diahecg":"[1.05,1.05]","customemoveunit":"15","fi_need":"500","rolewidth":"200","mainlightpos":"0_0_0,0_0_0,0_0_0,0_0_0","sgetid":"HCSP100401XX1","icon":"ui_team_100401.png","rolezoomsize":"0.5","rolecgdir":"1","mdef":"201","skillatktype":"2","tfpy":"50","life":"765","speed":"115","rolecgpyy":"[-110,-104]","mattack":"0","fi_stren":"2000","beattackpos":"[-5,265]","bluetype":"1","accessoryparts":"[]","ftf":"50","rownumber":"1","columnnumber":"1","boomhurt":"20000","cgposxy":"[74,-422]","rolehight":"200","headhight":"[70,200]","cgbackground":"ui_cg_back_100401.png","fo_need":"400","pattack":"332","roleress":"[]","rprel":"54","f_stren":"2000","pprotected":"0","bmatkmusic":"HIT100401","tw_stren":"2000","mainspine":"mine_spine_100401","mainshadowpos":"0_0_0,-235_-55_2,280_-100_2,220_-18_2","jgetid":"GET169401XXX1","comid":"601004","spinefile":"spine_100401"},{"moveunit":"105","roleinfo":"LHERO100501S01","heroscg":"[1,0.6]","tw_need":"200","attackmovetime":"50","nsicon":"ui_ty_figure07.png","bigattack":"0","startlevel":"0","bornneed":"50","skills":"200501#200502#200503#200504","mainrolemusic":"FUCK0005","boomatk":"1200","fo_stren":"2000","id":100501,"mprotected":"0","postype":"0","pdef":"186","level":"1","work":"3","originalname":"english","movesinglecelltime":"0.5","cgspine":"ui_cg_spine_100501","maindid":"LTALK100501H01#LTALK100501H02#LTALK100501H03#LTALK100501H04","quality":"3","alertpos":"[-15,280]","f_need":"100","rolewhtype":"0","mainchangecolourpng":"spine_100501.png","leaderaction":"rest","name":"LHERO100501N01","th_stren":"2000","th_need":"300","mainshadow":"0#0,0#main_tongyong_y2,0#main_tongyong_y3,0#main_tongyong_y4","beizhu":"火女","uiheadgreyname":"ui_bt_figuredi01.png","raftl":"32","stoppos":"0","diahecg":"[0.70,0.70]","customemoveunit":"15","fi_need":"500","rolewidth":"200","mainlightpos":"0_0_0,0_0_0,0_0_0,0_0_0","sgetid":"HCSP100501XX1","icon":"ui_team_100501.png","rolezoomsize":"0.5","rolecgdir":"1","mdef":"241","skillatktype":"2","tfpy":"50","life":"918","speed":"115","rolecgpyy":"[-22,-147]","mattack":"0","fi_stren":"2000","beattackpos":"[-5,265]","bluetype":"1","accessoryparts":"[]","ftf":"50","rownumber":"1","columnnumber":"1","boomhurt":"20000","cgposxy":"[-8,-448]","rolehight":"200","headhight":"[70,200]","cgbackground":"ui_cg_back_100501.png","fo_need":"400","pattack":"398","roleress":"[]","rprel":"36","f_stren":"2000","pprotected":"0","bmatkmusic":"0","tw_stren":"2000","mainspine":"mine_spine_100501","mainshadowpos":"0_0_0,-235_-55_2,280_-100_2,220_-18_2","jgetid":"GET169501XXX1","comid":"601005","spinefile":"spine_100501"},{"moveunit":"105","roleinfo":"LHERO100601S01","heroscg":"[1.15,0.6]","tw_need":"200","attackmovetime":"50","nsicon":"ui_ty_figure04.png","bigattack":"0","startlevel":"0","bornneed":"50","skills":"200601#200602#200603#200604","mainrolemusic":"FUCK0006","boomatk":"1200","fo_stren":"2000","id":100601,"mprotected":"0","postype":"0","pdef":"223","level":"1","work":"2","originalname":"english","movesinglecelltime":"0.5","cgspine":"ui_cg_spine_100601","maindid":"LTALK100601H01#LTALK100601H02#LTALK100601H03","quality":"2","alertpos":"[-15,280]","f_need":"100","rolewhtype":"0","mainchangecolourpng":"spine_100601.png","leaderaction":"rest","name":"LHERO100601N01","th_stren":"2000","th_need":"300","mainshadow":"0#0,0#main_tongyong_y2,0#main_tongyong_y3,0#main_tongyong_y4","beizhu":"枪手","uiheadgreyname":"ui_bt_figuredi01.png","raftl":"46","stoppos":"0","diahecg":"[0.8,0.8]","customemoveunit":"15","fi_need":"500","rolewidth":"200","mainlightpos":"0_0_0,0_0_0,0_0_0,0_0_0","sgetid":"HCSP100601XX1","icon":"ui_team_100601.png","rolezoomsize":"0.5","rolecgdir":"1","mdef":"289","skillatktype":"2","tfpy":"50","life":"1102","speed":"115","rolecgpyy":"[-98,-230]","mattack":"0","fi_stren":"2000","beattackpos":"[-5,265]","bluetype":"1","accessoryparts":"[]","ftf":"50","rownumber":"1","columnnumber":"1","boomhurt":"20000","cgposxy":"[17,-555]","rolehight":"200","headhight":"[70,200]","cgbackground":"ui_cg_back_100601.png","fo_need":"400","pattack":"478","roleress":"[]","rprel":"30","f_stren":"2000","pprotected":"0","bmatkmusic":"0","tw_stren":"2000","mainspine":"mine_spine_100601","mainshadowpos":"0_0_0,-235_-55_2,280_-100_2,220_-18_2","jgetid":"GET169601XXX1","comid":"601006","spinefile":"spine_100601"},{"moveunit":"105","roleinfo":"LHERO100701S01","heroscg":"[1.2,0.6]","tw_need":"200","attackmovetime":"50","nsicon":"ui_ty_figure05.png","bigattack":"0","startlevel":"0","bornneed":"50","skills":"200701#200702#200703#200704","mainrolemusic":"FUCK0007","boomatk":"1200","fo_stren":"2000","id":100701,"mprotected":"0","postype":"0","pdef":"268","level":"1","work":"3","originalname":"english","movesinglecelltime":"0.5","cgspine":"ui_cg_spine_100701","maindid":"LTALK100701H01#LTALK100701H02#LTALK100701H03","quality":"4","alertpos":"[-15,280]","f_need":"100","rolewhtype":"0","mainchangecolourpng":"spine_100701.png","leaderaction":"rest","name":"LHERO100701N01","th_stren":"2000","th_need":"300","mainshadow":"0#0,0#main_tongyong_y2,0#main_tongyong_y3,0#main_tongyong_y4","beizhu":"德鲁伊","uiheadgreyname":"ui_bt_figuredi01.png","raftl":"48","stoppos":"0","diahecg":"[0.84,0.84]","customemoveunit":"15","fi_need":"500","rolewidth":"200","mainlightpos":"0_0_0,0_0_0,0_0_0,0_0_0","sgetid":"HCSP100701XX1","icon":"ui_team_100701.png","rolezoomsize":"0.5","rolecgdir":"1","mdef":"347","skillatktype":"2","tfpy":"50","life":"1322","speed":"115","rolecgpyy":"[-38,-117]","mattack":"0","fi_stren":"2000","beattackpos":"[-5,265]","bluetype":"1","accessoryparts":"[]","ftf":"50","rownumber":"1","columnnumber":"1","boomhurt":"20000","cgposxy":"[0,-423]","rolehight":"200","headhight":"[70,200]","cgbackground":"ui_cg_back_100701.png","fo_need":"400","pattack":"574","roleress":"[]","rprel":"44","f_stren":"2000","pprotected":"0","bmatkmusic":"0","tw_stren":"2000","mainspine":"mine_spine_100701","mainshadowpos":"0_0_0,-235_-55_2,280_-100_2,220_-18_2","jgetid":"GET169701XXX1","comid":"601007","spinefile":"spine_100701"},{"moveunit":"100","roleinfo":"LHERO100801S01","heroscg":"[1.4,0.6]","tw_need":"200","attackmovetime":"50","nsicon":"ui_ty_figure03.png","bigattack":"0","startlevel":"0","bornneed":"50","skills":"200801#200802#200803#200804","mainrolemusic":"FUCK0008","boomatk":"1100","fo_stren":"2000","id":100801,"mprotected":"0","postype":"0","pdef":"116","level":"1","work":"3","originalname":"english","movesinglecelltime":"0.5","cgspine":"ui_cg_spine_100801","maindid":"LTALK100801H01#LTALK100801H02#LTALK100801H03","quality":"2","alertpos":"[-15,280]","f_need":"100","rolewhtype":"1","mainchangecolourpng":"spine_100801.png","leaderaction":"rest","name":"LHERO100801N01","th_stren":"2000","th_need":"300","mainshadow":"0#0,0#main_tongyong_y2,0#main_tongyong_y3,0#main_tongyong_y4","beizhu":"哥布林","uiheadgreyname":"ui_bt_figuredi01.png","raftl":"54","stoppos":"0","diahecg":"[0.98,0.98]","customemoveunit":"25","fi_need":"500","rolewidth":"200","mainlightpos":"0_0_0,0_0_0,0_0_0,0_0_0","sgetid":"HCSP100801XX1","icon":"ui_team_100801.png","rolezoomsize":"0.5","rolecgdir":"1","mdef":"264","skillatktype":"2","tfpy":"50","life":"717","speed":"75","rolecgpyy":"[-57,-226]","mattack":"431","fi_stren":"2000","beattackpos":"[-5,265]","bluetype":"1","accessoryparts":"[]","ftf":"50","rownumber":"1","columnnumber":"1","boomhurt":"20000","cgposxy":"[18,-536]","rolehight":"200","headhight":"[70,200]","cgbackground":"ui_cg_back_100801.png","fo_need":"400","pattack":"0","roleress":"[]","rprel":"44","f_stren":"2000","pprotected":"0","bmatkmusic":"0","tw_stren":"2000","mainspine":"mine_spine_100801","mainshadowpos":"0_0_0,-235_-55_2,280_-100_2,220_-18_2","jgetid":"GET169801XXX1","comid":"601008","spinefile":"spine_100801"},{"moveunit":"100","roleinfo":"LHERO100901S01","heroscg":"[1,1]","tw_need":"200","attackmovetime":"50","nsicon":"ui_ty_figure01.png","bigattack":"0","startlevel":"0","bornneed":"50","skills":"200901#200902#200903#200904","mainrolemusic":"0","boomatk":"1100","fo_stren":"2000","id":100901,"mprotected":"0","postype":"0","pdef":"139","level":"1","work":"1","originalname":"english","movesinglecelltime":"0.5","cgspine":"ui_cg_spine_100901","maindid":"-1","quality":"2","alertpos":"[-15,280]","f_need":"100","rolewhtype":"0","mainchangecolourpng":"spine_100901.png","leaderaction":"rest","name":"LHERO100901N01","th_stren":"2000","th_need":"300","mainshadow":"0#0,0#main_tongyong_y2,0#main_tongyong_y3,0#main_tongyong_y4","beizhu":"刺客","uiheadgreyname":"ui_bt_figuredi01.png","raftl":"100","stoppos":"0","diahecg":"[1,1]","customemoveunit":"25","fi_need":"500","rolewidth":"200","mainlightpos":"0_0_0,0_0_0,0_0_0,0_0_0","sgetid":"HCSP100901XX1","icon":"ui_team_100901.png","rolezoomsize":"0.5","rolecgdir":"0","mdef":"317","skillatktype":"0","tfpy":"50","life":"860","speed":"75","rolecgpyy":"[0, -210]","mattack":"517","fi_stren":"2000","beattackpos":"[-5,265]","bluetype":"1","accessoryparts":"[]","ftf":"50","rownumber":"1","columnnumber":"1","boomhurt":"20000","cgposxy":"[0,0]","rolehight":"200","headhight":"[70,200]","cgbackground":"ui_cg_back_100901.png","fo_need":"400","pattack":"0","roleress":"[]","rprel":"100","f_stren":"2000","pprotected":"0","bmatkmusic":"0","tw_stren":"2000","mainspine":"mine_spine_100101","mainshadowpos":"0_0_0,-235_-55_2,280_-100_2,220_-18_2","jgetid":"-1","comid":"601009","spinefile":"spine_100901"},{"moveunit":"100","roleinfo":"LHERO101001S01","heroscg":"[1,1]","tw_need":"200","attackmovetime":"50","nsicon":"ui_ty_figure01.png","bigattack":"0","startlevel":"0","bornneed":"50","skills":"201001#201002#201003#201004","mainrolemusic":"0","boomatk":"1100","fo_stren":"2000","id":101001,"mprotected":"0","postype":"0","pdef":"167","level":"1","work":"3","originalname":"english","movesinglecelltime":"0.5","cgspine":"ui_cg_spine_101001","maindid":"-1","quality":"3","alertpos":"[-15,280]","f_need":"100","rolewhtype":"0","mainchangecolourpng":"spine_101001.png","leaderaction":"rest","name":"LHERO101001N01","th_stren":"2000","th_need":"300","mainshadow":"0#0,0#main_tongyong_y2,0#main_tongyong_y3,0#main_tongyong_y4","beizhu":"冰女","uiheadgreyname":"ui_bt_figuredi01.png","raftl":"100","stoppos":"0","diahecg":"[1,1]","customemoveunit":"25","fi_need":"500","rolewidth":"200","mainlightpos":"0_0_0,0_0_0,0_0_0,0_0_0","sgetid":"HCSP101001XX1","icon":"ui_team_101001.png","rolezoomsize":"0.5","rolecgdir":"0","mdef":"380","skillatktype":"0","tfpy":"50","life":"1032","speed":"75","rolecgpyy":"[0, -290]","mattack":"620","fi_stren":"2000","beattackpos":"[-5,265]","bluetype":"1","accessoryparts":"[]","ftf":"50","rownumber":"1","columnnumber":"1","boomhurt":"20000","cgposxy":"[0,0]","rolehight":"200","headhight":"[70,200]","cgbackground":"ui_cg_back_101001.png","fo_need":"400","pattack":"0","roleress":"[]","rprel":"100","f_stren":"2000","pprotected":"0","bmatkmusic":"0","tw_stren":"2000","mainspine":"mine_spine_100101","mainshadowpos":"0_0_0,-235_-55_2,280_-100_2,220_-18_2","jgetid":"-1","comid":"601010","spinefile":"spine_101001"},{"moveunit":"100","roleinfo":"LHERO101101S01","heroscg":"[1,1]","tw_need":"200","attackmovetime":"50","nsicon":"ui_ty_figure01.png","bigattack":"0","startlevel":"0","bornneed":"50","skills":"201101#201102#201103#201104","mainrolemusic":"0","boomatk":"1100","fo_stren":"2000","id":101101,"mprotected":"0","postype":"0","pdef":"200","level":"1","work":"3","originalname":"english","movesinglecelltime":"0.5","cgspine":"ui_cg_spine_101101","maindid":"-1","quality":"1","alertpos":"[-15,280]","f_need":"100","rolewhtype":"0","mainchangecolourpng":"spine_101101.png","leaderaction":"rest","name":"LHERO101101N01","th_stren":"2000","th_need":"300","mainshadow":"0#0,0#main_tongyong_y2,0#main_tongyong_y3,0#main_tongyong_y4","beizhu":"小丑","uiheadgreyname":"ui_bt_figuredi01.png","raftl":"100","stoppos":"0","diahecg":"[1,1]","customemoveunit":"25","fi_need":"500","rolewidth":"200","mainlightpos":"0_0_0,0_0_0,0_0_0,0_0_0","sgetid":"HCSP101101XX1","icon":"ui_team_101101.png","rolezoomsize":"0.5","rolecgdir":"0","mdef":"456","skillatktype":"0","tfpy":"50","life":"1238","speed":"75","rolecgpyy":"[0, -290]","mattack":"744","fi_stren":"2000","beattackpos":"[-5,265]","bluetype":"1","accessoryparts":"[]","ftf":"50","rownumber":"1","columnnumber":"1","boomhurt":"20000","cgposxy":"[0,0]","rolehight":"200","headhight":"[70,200]","cgbackground":"ui_cg_back_101101.png","fo_need":"400","pattack":"0","roleress":"[]","rprel":"100","f_stren":"2000","pprotected":"0","bmatkmusic":"0","tw_stren":"2000","mainspine":"mine_spine_100101","mainshadowpos":"0_0_0,-235_-55_2,280_-100_2,220_-18_2","jgetid":"-1","comid":"601011","spinefile":"spine_101101"},{"moveunit":"90","roleinfo":"LHERO101201S01","heroscg":"[1,1]","tw_need":"200","attackmovetime":"50","nsicon":"ui_ty_figure01.png","bigattack":"0","startlevel":"0","bornneed":"50","skills":"201201#201202#201203#201204","mainrolemusic":"0","boomatk":"1300","fo_stren":"2000","id":101201,"mprotected":"0","postype":"0","pdef":"155","level":"1","work":"1","originalname":"english","movesinglecelltime":"0.5","cgspine":"ui_cg_spine_101201","maindid":"-1","quality":"4","alertpos":"[-15,280]","f_need":"100","rolewhtype":"0","mainchangecolourpng":"spine_101201.png","leaderaction":"rest","name":"LHERO101201N01","th_stren":"2000","th_need":"300","mainshadow":"0#0,0#main_tongyong_y2,0#main_tongyong_y3,0#main_tongyong_y4","beizhu":"黑骑","uiheadgreyname":"ui_bt_figuredi01.png","raftl":"100","stoppos":"0","diahecg":"[1,1]","customemoveunit":"30","fi_need":"500","rolewidth":"200","mainlightpos":"0_0_0,0_0_0,0_0_0,0_0_0","sgetid":"HCSP101201XX1","icon":"ui_team_101201.png","rolezoomsize":"0.5","rolecgdir":"0","mdef":"201","skillatktype":"0","tfpy":"50","life":"813","speed":"70","rolecgpyy":"[0, -290]","mattack":"0","fi_stren":"2000","beattackpos":"[-5,265]","bluetype":"1","accessoryparts":"[]","ftf":"50","rownumber":"1","columnnumber":"1","boomhurt":"20000","cgposxy":"[0,0]","rolehight":"200","headhight":"[70,200]","cgbackground":"ui_cg_back_101201.png","fo_need":"400","pattack":"318","roleress":"[]","rprel":"100","f_stren":"2000","pprotected":"0","bmatkmusic":"0","tw_stren":"2000","mainspine":"mine_spine_100101","mainshadowpos":"0_0_0,-235_-55_2,280_-100_2,220_-18_2","jgetid":"-1","comid":"601012","spinefile":"spine_101201"},{"moveunit":"90","roleinfo":"LHERO101301S01","heroscg":"[1,1]","tw_need":"200","attackmovetime":"50","nsicon":"ui_ty_figure01.png","bigattack":"0","startlevel":"0","bornneed":"50","skills":"201301#201302#201303#201304","mainrolemusic":"0","boomatk":"1300","fo_stren":"2000","id":101301,"mprotected":"0","postype":"0","pdef":"186","level":"1","work":"2","originalname":"english","movesinglecelltime":"0.5","cgspine":"ui_cg_spine_101301","maindid":"-1","quality":"3","alertpos":"[-15,280]","f_need":"100","rolewhtype":"0","mainchangecolourpng":"spine_101301.png","leaderaction":"rest","name":"LHERO101301N01","th_stren":"2000","th_need":"300","mainshadow":"0#0,0#main_tongyong_y2,0#main_tongyong_y3,0#main_tongyong_y4","beizhu":"精灵弓手","uiheadgreyname":"ui_bt_figuredi01.png","raftl":"100","stoppos":"0","diahecg":"[1,1]","customemoveunit":"30","fi_need":"500","rolewidth":"200","mainlightpos":"0_0_0,0_0_0,0_0_0,0_0_0","sgetid":"HCSP101301XX1","icon":"ui_team_101301.png","rolezoomsize":"0.5","rolecgdir":"0","mdef":"241","skillatktype":"0","tfpy":"50","life":"976","speed":"70","rolecgpyy":"[0, -290]","mattack":"0","fi_stren":"2000","beattackpos":"[-5,265]","bluetype":"1","accessoryparts":"[]","ftf":"50","rownumber":"1","columnnumber":"1","boomhurt":"20000","cgposxy":"[0,0]","rolehight":"200","headhight":"[70,200]","cgbackground":"ui_cg_back_101301.png","fo_need":"400","pattack":"382","roleress":"[]","rprel":"100","f_stren":"2000","pprotected":"0","bmatkmusic":"0","tw_stren":"2000","mainspine":"mine_spine_100101","mainshadowpos":"0_0_0,-235_-55_2,280_-100_2,220_-18_2","jgetid":"-1","comid":"601013","spinefile":"spine_101301"},{"moveunit":"90","roleinfo":"LHERO101401S01","heroscg":"[1,1]","tw_need":"200","attackmovetime":"50","nsicon":"ui_ty_figure01.png","bigattack":"0","startlevel":"0","bornneed":"50","skills":"201401#201402#201403#201404","mainrolemusic":"0","boomatk":"1300","fo_stren":"2000","id":101401,"mprotected":"0","postype":"0","pdef":"223","level":"1","work":"3","originalname":"english","movesinglecelltime":"0.5","cgspine":"ui_cg_spine_101401","maindid":"-1","quality":"1","alertpos":"[-15,280]","f_need":"100","rolewhtype":"0","mainchangecolourpng":"spine_101401.png","leaderaction":"rest","name":"LHERO101401N01","th_stren":"2000","th_need":"300","mainshadow":"0#0,0#main_tongyong_y2,0#main_tongyong_y3,0#main_tongyong_y4","beizhu":"白魔法师","uiheadgreyname":"ui_bt_figuredi01.png","raftl":"100","stoppos":"0","diahecg":"[1,1]","customemoveunit":"30","fi_need":"500","rolewidth":"200","mainlightpos":"0_0_0,0_0_0,0_0_0,0_0_0","sgetid":"HCSP101401XX1","icon":"ui_team_101401.png","rolezoomsize":"0.5","rolecgdir":"0","mdef":"289","skillatktype":"0","tfpy":"50","life":"1171","speed":"70","rolecgpyy":"[0, -290]","mattack":"0","fi_stren":"2000","beattackpos":"[-5,265]","bluetype":"1","accessoryparts":"[]","ftf":"50","rownumber":"1","columnnumber":"1","boomhurt":"20000","cgposxy":"[0,0]","rolehight":"200","headhight":"[70,200]","cgbackground":"ui_cg_back_101401.png","fo_need":"400","pattack":"458","roleress":"[]","rprel":"100","f_stren":"2000","pprotected":"0","bmatkmusic":"0","tw_stren":"2000","mainspine":"mine_spine_100101","mainshadowpos":"0_0_0,-235_-55_2,280_-100_2,220_-18_2","jgetid":"-1","comid":"601014","spinefile":"spine_101401"},{"moveunit":"90","roleinfo":"LHERO101501S01","heroscg":"[1,1]","tw_need":"200","attackmovetime":"50","nsicon":"ui_ty_figure01.png","bigattack":"0","startlevel":"0","bornneed":"50","skills":"201501#201502#201503#201504","mainrolemusic":"0","boomatk":"1300","fo_stren":"2000","id":101501,"mprotected":"0","postype":"0","pdef":"268","level":"1","work":"3","originalname":"english","movesinglecelltime":"0.5","cgspine":"ui_cg_spine_101501","maindid":"-1","quality":"3","alertpos":"[-15,280]","f_need":"100","rolewhtype":"0","mainchangecolourpng":"spine_101501.png","leaderaction":"rest","name":"LHERO101501N01","th_stren":"2000","th_need":"300","mainshadow":"0#0,0#main_tongyong_y2,0#main_tongyong_y3,0#main_tongyong_y4","beizhu":"牧师","uiheadgreyname":"ui_bt_figuredi01.png","raftl":"100","stoppos":"0","diahecg":"[1,1]","customemoveunit":"30","fi_need":"500","rolewidth":"200","mainlightpos":"0_0_0,0_0_0,0_0_0,0_0_0","sgetid":"HCSP101501XX1","icon":"ui_team_101501.png","rolezoomsize":"0.5","rolecgdir":"0","mdef":"347","skillatktype":"0","tfpy":"50","life":"1405","speed":"70","rolecgpyy":"[0, -290]","mattack":"0","fi_stren":"2000","beattackpos":"[-5,265]","bluetype":"1","accessoryparts":"[]","ftf":"50","rownumber":"1","columnnumber":"1","boomhurt":"20000","cgposxy":"[0,0]","rolehight":"200","headhight":"[70,200]","cgbackground":"ui_cg_back_101501.png","fo_need":"400","pattack":"550","roleress":"[]","rprel":"100","f_stren":"2000","pprotected":"0","bmatkmusic":"0","tw_stren":"2000","mainspine":"mine_spine_100101","mainshadowpos":"0_0_0,-235_-55_2,280_-100_2,220_-18_2","jgetid":"-1","comid":"601015","spinefile":"spine_101501"},{"moveunit":"100","roleinfo":"LHERO101601S01","heroscg":"[1,1]","tw_need":"200","attackmovetime":"0.2","nsicon":"ui_ty_figure01.png","bigattack":"0","startlevel":"0","bornneed":"50","skills":"201601#201602#201603#201604","mainrolemusic":"0","boomatk":"700","fo_stren":"2000","id":101601,"mprotected":"0","postype":"0","pdef":"165","level":"1","work":"3","originalname":"english","movesinglecelltime":"0.5","cgspine":"ui_cg_spine_101601","maindid":"-1","quality":"2","alertpos":"[-15,280]","f_need":"100","rolewhtype":"0","mainchangecolourpng":"spine_101601.png","leaderaction":"rest","name":"LHERO101601N01","th_stren":"2000","th_need":"300","mainshadow":"0","beizhu":"巫女","uiheadgreyname":"ui_bt_figuredi01.png","raftl":"100","stoppos":"0","diahecg":"[1,1]","customemoveunit":"20","fi_need":"500","rolewidth":"200","mainlightpos":"0_0_0,0_0_0,0_0_0,0_0_0","sgetid":"HCSP101601XX1","icon":"ui_team_101601.png","rolezoomsize":"0.5","rolecgdir":"0","mdef":"252","skillatktype":"0","tfpy":"50","life":"813","speed":"90","rolecgpyy":"[0, -290]","mattack":"323","fi_stren":"2000","beattackpos":"[-5,265]","bluetype":"1","accessoryparts":"[]","ftf":"50","rownumber":"1","columnnumber":"1","boomhurt":"20000","cgposxy":"[0,0]","rolehight":"200","headhight":"[70,200]","cgbackground":"ui_cg_back_101601.png","fo_need":"400","pattack":"0","roleress":"[]","rprel":"100","f_stren":"2000","pprotected":"0","bmatkmusic":"0","tw_stren":"2000","mainspine":"mine_spine_100101","mainshadowpos":"0_0_0,-235_-55_2,280_-100_2,220_-18_2","jgetid":"-1","comid":"601016","spinefile":"spine_101601"},{"moveunit":"120","roleinfo":"LHERO101701S01","heroscg":"[1,1]","tw_need":"200","attackmovetime":"50","nsicon":"ui_ty_figure01.png","bigattack":"0","startlevel":"0","bornneed":"50","skills":"201701#201702#201703#201704","mainrolemusic":"0","boomatk":"850","fo_stren":"2000","id":101701,"mprotected":"0","postype":"0","pdef":"145","level":"1","work":"1","originalname":"english","movesinglecelltime":"0.5","cgspine":"ui_cg_spine_101701","maindid":"-1","quality":"2","alertpos":"[-15,280]","f_need":"100","rolewhtype":"0","mainchangecolourpng":"spine_101701.png","leaderaction":"rest","name":"LHERO101701N01","th_stren":"2000","th_need":"300","mainshadow":"0#0,0#main_tongyong_y2,0#main_tongyong_y3,0#main_tongyong_y4","beizhu":"野蛮人","uiheadgreyname":"ui_bt_figuredi01.png","raftl":"100","stoppos":"0","diahecg":"[1,1]","customemoveunit":"20","fi_need":"500","rolewidth":"200","mainlightpos":"0_0_0,0_0_0,0_0_0,0_0_0","sgetid":"HCSP101701XX1","icon":"ui_team_101701.png","rolezoomsize":"0.5","rolecgdir":"0","mdef":"239","skillatktype":"0","tfpy":"50","life":"861","speed":"110","rolecgpyy":"[0, -290]","mattack":"359","fi_stren":"2000","beattackpos":"[-5,265]","bluetype":"1","accessoryparts":"[]","ftf":"50","rownumber":"1","columnnumber":"1","boomhurt":"20000","cgposxy":"[0,0]","rolehight":"200","headhight":"[70,200]","cgbackground":"ui_cg_back_101701.png","fo_need":"400","pattack":"0","roleress":"[]","rprel":"100","f_stren":"2000","pprotected":"0","bmatkmusic":"0","tw_stren":"2000","mainspine":"mine_spine_100101","mainshadowpos":"0_0_0,-235_-55_2,280_-100_2,220_-18_2","jgetid":"-1","comid":"601017","spinefile":"spine_101701"},{"moveunit":"120","roleinfo":"LHERO101801S01","heroscg":"[1,1]","tw_need":"200","attackmovetime":"50","nsicon":"ui_ty_figure01.png","bigattack":"0","startlevel":"0","bornneed":"50","skills":"201801#201802#201803#201804","mainrolemusic":"0","boomatk":"850","fo_stren":"2000","id":101801,"mprotected":"0","postype":"0","pdef":"174","level":"1","work":"1","originalname":"english","movesinglecelltime":"0.5","cgspine":"ui_cg_spine_101801","maindid":"-1","quality":"3","alertpos":"[-15,280]","f_need":"100","rolewhtype":"0","mainchangecolourpng":"spine_101801.png","leaderaction":"rest","name":"LHERO101801N01","th_stren":"2000","th_need":"300","mainshadow":"0#0,0#main_tongyong_y2,0#main_tongyong_y3,0#main_tongyong_y4","beizhu":"盲僧","uiheadgreyname":"ui_bt_figuredi01.png","raftl":"100","stoppos":"0","diahecg":"[1,1]","customemoveunit":"20","fi_need":"500","rolewidth":"200","mainlightpos":"0_0_0,0_0_0,0_0_0,0_0_0","sgetid":"HCSP101801XX1","icon":"ui_team_101801.png","rolezoomsize":"0.5","rolecgdir":"0","mdef":"287","skillatktype":"0","tfpy":"50","life":"1033","speed":"110","rolecgpyy":"[0, -290]","mattack":"431","fi_stren":"2000","beattackpos":"[-5,265]","bluetype":"1","accessoryparts":"[]","ftf":"50","rownumber":"1","columnnumber":"1","boomhurt":"20000","cgposxy":"[0,0]","rolehight":"200","headhight":"[70,200]","cgbackground":"ui_cg_back_101801.png","fo_need":"400","pattack":"0","roleress":"[]","rprel":"100","f_stren":"2000","pprotected":"0","bmatkmusic":"0","tw_stren":"2000","mainspine":"mine_spine_100101","mainshadowpos":"0_0_0,-235_-55_2,280_-100_2,220_-18_2","jgetid":"-1","comid":"601018","spinefile":"spine_101801"},{"moveunit":"120","roleinfo":"LHERO101901S01","heroscg":"[1,1]","tw_need":"200","attackmovetime":"50","nsicon":"ui_ty_figure01.png","bigattack":"0","startlevel":"0","bornneed":"50","skills":"201901#201902#201903#201904","mainrolemusic":"0","boomatk":"850","fo_stren":"2000","id":101901,"mprotected":"0","postype":"0","pdef":"209","level":"1","work":"1","originalname":"english","movesinglecelltime":"0.5","cgspine":"ui_cg_spine_101901","maindid":"-1","quality":"1","alertpos":"[-15,280]","f_need":"100","rolewhtype":"0","mainchangecolourpng":"spine_101901.png","leaderaction":"rest","name":"LHERO101901N01","th_stren":"2000","th_need":"300","mainshadow":"0#0,0#main_tongyong_y2,0#main_tongyong_y3,0#main_tongyong_y4","beizhu":"矮人","uiheadgreyname":"ui_bt_figuredi01.png","raftl":"100","stoppos":"0","diahecg":"[1,1]","customemoveunit":"20","fi_need":"500","rolewidth":"200","mainlightpos":"0_0_0,0_0_0,0_0_0,0_0_0","sgetid":"HCSP101901XX1","icon":"ui_team_101901.png","rolezoomsize":"0.5","rolecgdir":"0","mdef":"344","skillatktype":"0","tfpy":"50","life":"1240","speed":"110","rolecgpyy":"[0, -290]","mattack":"517","fi_stren":"2000","beattackpos":"[-5,265]","bluetype":"1","accessoryparts":"[]","ftf":"50","rownumber":"1","columnnumber":"1","boomhurt":"20000","cgposxy":"[0,0]","rolehight":"200","headhight":"[70,200]","cgbackground":"ui_cg_back_101901.png","fo_need":"400","pattack":"0","roleress":"[]","rprel":"100","f_stren":"2000","pprotected":"0","bmatkmusic":"0","tw_stren":"2000","mainspine":"mine_spine_100101","mainshadowpos":"0_0_0,-235_-55_2,280_-100_2,220_-18_2","jgetid":"-1","comid":"601019","spinefile":"spine_101901"},{"moveunit":"120","roleinfo":"LHERO102001S01","heroscg":"[1,1]","tw_need":"200","attackmovetime":"50","nsicon":"ui_ty_figure01.png","bigattack":"0","startlevel":"0","bornneed":"50","skills":"202001#202002#202003#202004","mainrolemusic":"0","boomatk":"850","fo_stren":"2000","id":102001,"mprotected":"0","postype":"0","pdef":"251","level":"1","work":"2","originalname":"english","movesinglecelltime":"0.5","cgspine":"ui_cg_spine_102001","maindid":"-1","quality":"1","alertpos":"[-15,280]","f_need":"100","rolewhtype":"0","mainchangecolourpng":"spine_102001.png","leaderaction":"rest","name":"LHERO102001N01","th_stren":"2000","th_need":"300","mainshadow":"0#0,0#main_tongyong_y2,0#main_tongyong_y3,0#main_tongyong_y4","beizhu":"傀儡","uiheadgreyname":"ui_bt_figuredi01.png","raftl":"100","stoppos":"0","diahecg":"[1,1]","customemoveunit":"20","fi_need":"500","rolewidth":"200","mainlightpos":"0_0_0,0_0_0,0_0_0,0_0_0","sgetid":"HCSP102001XX1","icon":"ui_team_102001.png","rolezoomsize":"0.5","rolecgdir":"0","mdef":"413","skillatktype":"0","tfpy":"50","life":"","speed":"110","rolecgpyy":"[0, -290]","mattack":"620","fi_stren":"2000","beattackpos":"[-5,265]","bluetype":"1","accessoryparts":"[]","ftf":"50","rownumber":"1","columnnumber":"1","boomhurt":"20000","cgposxy":"[0,0]","rolehight":"200","headhight":"[70,200]","cgbackground":"ui_cg_back_102001.png","fo_need":"400","pattack":"0","roleress":"[]","rprel":"100","f_stren":"2000","pprotected":"0","bmatkmusic":"0","tw_stren":"2000","mainspine":"mine_spine_100101","mainshadowpos":"0_0_0,-235_-55_2,280_-100_2,220_-18_2","jgetid":"-1","comid":"601020","spinefile":"spine_102001"},{"moveunit":"100","roleinfo":"LHERO160101S01","heroscg":"[1,1]","tw_need":"0","attackmovetime":"0.2","nsicon":"ui_ty_figure01.png","bigattack":"0","startlevel":"0","bornneed":"50","skills":"260101#260102#260103","mainrolemusic":"0","boomatk":"1000","fo_stren":"0","id":160101,"mprotected":"0","postype":"0","pdef":"300","level":"1","work":"1","originalname":"english","movesinglecelltime":"0.5","cgspine":"ui_cg_spine_102101","maindid":"-1","quality":"1","alertpos":"[-15,280]","f_need":"0","rolewhtype":"0","mainchangecolourpng":"0","leaderaction":"rest","name":"LHERO160101N01","th_stren":"0","th_need":"0","mainshadow":"0#0,0#main_tongyong_y2,0#main_tongyong_y3,0#main_tongyong_y4","beizhu":"米特拉教军战士","uiheadgreyname":"ui_bt_figuredi01.png","raftl":"100","stoppos":"0","diahecg":"[1,1]","customemoveunit":"20","fi_need":"500","rolewidth":"200","mainlightpos":"0_0_0,0_0_0,0_0_0,0_0_0","sgetid":"-1","icon":"ui_team_102101.png","rolezoomsize":"0.5","rolecgdir":"0","mdef":"300","skillatktype":"0","tfpy":"50","life":"1000","speed":"90","rolecgpyy":"[0, -290]","mattack":"0","fi_stren":"20%","beattackpos":"[-5,265]","bluetype":"1","accessoryparts":"[]","ftf":"50","rownumber":"1","columnnumber":"1","boomhurt":"20000","cgposxy":"[0,0]","rolehight":"200","headhight":"[70,200]","cgbackground":"ui_cg_back_102101.png","fo_need":"0","pattack":"500","roleress":"[]","rprel":"100","f_stren":"0","pprotected":"0","bmatkmusic":"0","tw_stren":"0","mainspine":"mine_spine_100101","mainshadowpos":"0_0_0,-235_-55_2,280_-100_2,220_-18_2","jgetid":"-1","comid":"160101","spinefile":"spine_102101"},{"moveunit":"100","roleinfo":"LHERO160201S01","heroscg":"[1,1]","tw_need":"0","attackmovetime":"50","nsicon":"ui_ty_figure01.png","bigattack":"0","startlevel":"0","bornneed":"50","skills":"260201#260202#260203","mainrolemusic":"0","boomatk":"1000","fo_stren":"0","id":160201,"mprotected":"0","postype":"0","pdef":"300","level":"1","work":"2","originalname":"english","movesinglecelltime":"0.5","cgspine":"ui_cg_spine_102201","maindid":"-1","quality":"1","alertpos":"[-15,280]","f_need":"0","rolewhtype":"0","mainchangecolourpng":"0","leaderaction":"rest","name":"LHERO160201N01","th_stren":"0","th_need":"0","mainshadow":"0","beizhu":"米特拉教军弓手","uiheadgreyname":"ui_bt_figuredi01.png","raftl":"100","stoppos":"0","diahecg":"[1,1]","customemoveunit":"20","fi_need":"500","rolewidth":"200","mainlightpos":"0_0_0,0_0_0,0_0_0,0_0_0","sgetid":"-1","icon":"ui_team_102201.png","rolezoomsize":"0.5","rolecgdir":"0","mdef":"300","skillatktype":"0","tfpy":"50","life":"1000","speed":"90","rolecgpyy":"[0, -290]","mattack":"0","fi_stren":"20%","beattackpos":"[-5,265]","bluetype":"1","accessoryparts":"[]","ftf":"50","rownumber":"1","columnnumber":"1","boomhurt":"20000","cgposxy":"[0,0]","rolehight":"200","headhight":"[70,200]","cgbackground":"ui_cg_back_102201.png","fo_need":"0","pattack":"500","roleress":"[]","rprel":"100","f_stren":"0","pprotected":"0","bmatkmusic":"0","tw_stren":"0","mainspine":"mine_spine_100101","mainshadowpos":"0_0_0,0_0_0,0_0_0,0_0_0","jgetid":"-1","comid":"160201","spinefile":"spine_102201"},{"moveunit":"100","roleinfo":"LHERO160301S01","heroscg":"[1,1]","tw_need":"0","attackmovetime":"50","nsicon":"ui_ty_figure01.png","bigattack":"0","startlevel":"0","bornneed":"50","skills":"260301#260302#260303","mainrolemusic":"0","boomatk":"1000","fo_stren":"0","id":160301,"mprotected":"0","postype":"0","pdef":"300","level":"1","work":"1","originalname":"english","movesinglecelltime":"0.5","cgspine":"ui_cg_spine_102301","maindid":"-1","quality":"1","alertpos":"[-15,280]","f_need":"0","rolewhtype":"0","mainchangecolourpng":"0","leaderaction":"rest","name":"LHERO160301N01","th_stren":"0","th_need":"0","mainshadow":"0","beizhu":"米特拉教军卓力士","uiheadgreyname":"ui_bt_figuredi01.png","raftl":"100","stoppos":"0","diahecg":"[1,1]","customemoveunit":"20","fi_need":"500","rolewidth":"200","mainlightpos":"0_0_0,0_0_0,0_0_0,0_0_0","sgetid":"-1","icon":"ui_team_102301.png","rolezoomsize":"0.5","rolecgdir":"0","mdef":"300","skillatktype":"0","tfpy":"50","life":"1000","speed":"90","rolecgpyy":"[0, -290]","mattack":"0","fi_stren":"20%","beattackpos":"[-5,265]","bluetype":"1","accessoryparts":"[]","ftf":"50","rownumber":"1","columnnumber":"1","boomhurt":"20000","cgposxy":"[0,0]","rolehight":"200","headhight":"[70,200]","cgbackground":"ui_cg_back_102301.png","fo_need":"0","pattack":"500","roleress":"[]","rprel":"100","f_stren":"0","pprotected":"0","bmatkmusic":"0","tw_stren":"0","mainspine":"mine_spine_100101","mainshadowpos":"0_0_0,0_0_0,0_0_0,0_0_0","jgetid":"-1","comid":"160301","spinefile":"spine_102301"},{"moveunit":"100","roleinfo":"LHERO160401S01","heroscg":"[1,1]","tw_need":"0","attackmovetime":"50","nsicon":"ui_ty_figure01.png","bigattack":"0","startlevel":"0","bornneed":"50","skills":"260401#260402#260403","mainrolemusic":"0","boomatk":"1000","fo_stren":"0","id":160401,"mprotected":"0","postype":"0","pdef":"300","level":"1","work":"1","originalname":"english","movesinglecelltime":"0.5","cgspine":"ui_cg_spine_102401","maindid":"-1","quality":"1","alertpos":"[-15,280]","f_need":"0","rolewhtype":"1","mainchangecolourpng":"0","leaderaction":"rest","name":"LHERO160401N01","th_stren":"0","th_need":"0","mainshadow":"0","beizhu":"莱比斯帝国勇士","uiheadgreyname":"ui_bt_figuredi01.png","raftl":"100","stoppos":"0","diahecg":"[1,1]","customemoveunit":"20","fi_need":"500","rolewidth":"200","mainlightpos":"0_0_0,0_0_0,0_0_0,0_0_0","sgetid":"-1","icon":"ui_team_160401.png","rolezoomsize":"0.5","rolecgdir":"0","mdef":"300","skillatktype":"0","tfpy":"50","life":"1000","speed":"90","rolecgpyy":"[0, -290]","mattack":"0","fi_stren":"20%","beattackpos":"[-5,265]","bluetype":"1","accessoryparts":"[]","ftf":"50","rownumber":"1","columnnumber":"1","boomhurt":"20000","cgposxy":"[0,0]","rolehight":"200","headhight":"[70,200]","cgbackground":"ui_cg_back_102401.png","fo_need":"0","pattack":"500","roleress":"[]","rprel":"100","f_stren":"0","pprotected":"0","bmatkmusic":"0","tw_stren":"0","mainspine":"mine_spine_100101","mainshadowpos":"0_0_0,0_0_0,0_0_0,0_0_0","jgetid":"-1","comid":"160401","spinefile":"spine_102401:r_laibisishibing_tongyonga"},{"moveunit":"100","roleinfo":"LHERO160501S01","heroscg":"[1,1]","tw_need":"0","attackmovetime":"50","nsicon":"ui_ty_figure01.png","bigattack":"0","startlevel":"0","bornneed":"50","skills":"260501#260502#260503","mainrolemusic":"0","boomatk":"1000","fo_stren":"0","id":160501,"mprotected":"0","postype":"0","pdef":"300","level":"1","work":"2","originalname":"english","movesinglecelltime":"0.5","cgspine":"ui_cg_spine_102501","maindid":"-1","quality":"1","alertpos":"[-15,280]","f_need":"0","rolewhtype":"0","mainchangecolourpng":"0","leaderaction":"rest","name":"LHERO160501N01","th_stren":"0","th_need":"0","mainshadow":"0","beizhu":"莱比斯帝国枪手","uiheadgreyname":"ui_bt_figuredi01.png","raftl":"100","stoppos":"0","diahecg":"[1,1]","customemoveunit":"20","fi_need":"500","rolewidth":"200","mainlightpos":"0_0_0,0_0_0,0_0_0,0_0_0","sgetid":"-1","icon":"ui_team_160501.png","rolezoomsize":"0.5","rolecgdir":"0","mdef":"300","skillatktype":"0","tfpy":"50","life":"1000","speed":"90","rolecgpyy":"[0, -290]","mattack":"0","fi_stren":"20%","beattackpos":"[-5,265]","bluetype":"1","accessoryparts":"[]","ftf":"50","rownumber":"1","columnnumber":"1","boomhurt":"20000","cgposxy":"[0,0]","rolehight":"200","headhight":"[70,200]","cgbackground":"ui_cg_back_102501.png","fo_need":"0","pattack":"500","roleress":"[]","rprel":"100","f_stren":"0","pprotected":"0","bmatkmusic":"0","tw_stren":"0","mainspine":"mine_spine_100101","mainshadowpos":"0_0_0,0_0_0,0_0_0,0_0_0","jgetid":"-1","comid":"160501","spinefile":"spine_102501:r_laibisishibing_tongyonga"},{"moveunit":"100","roleinfo":"LHERO160601S01","heroscg":"[1,1]","tw_need":"0","attackmovetime":"50","nsicon":"ui_ty_figure01.png","bigattack":"0","startlevel":"0","bornneed":"50","skills":"260601#260602#260603","mainrolemusic":"0","boomatk":"1000","fo_stren":"0","id":160601,"mprotected":"0","postype":"0","pdef":"300","level":"1","work":"1","originalname":"english","movesinglecelltime":"0.5","cgspine":"ui_cg_spine_102601","maindid":"-1","quality":"1","alertpos":"[-15,280]","f_need":"0","rolewhtype":"1","mainchangecolourpng":"0","leaderaction":"rest","name":"LHERO160601N01","th_stren":"0","th_need":"0","mainshadow":"0","beizhu":"莱比斯帝国卓绝士","uiheadgreyname":"ui_bt_figuredi01.png","raftl":"100","stoppos":"0","diahecg":"[1,1]","customemoveunit":"20","fi_need":"500","rolewidth":"200","mainlightpos":"0_0_0,0_0_0,0_0_0,0_0_0","sgetid":"-1","icon":"ui_team_160601.png","rolezoomsize":"0.5","rolecgdir":"0","mdef":"300","skillatktype":"0","tfpy":"50","life":"1000","speed":"90","rolecgpyy":"[0, -290]","mattack":"0","fi_stren":"20%","beattackpos":"[-5,265]","bluetype":"1","accessoryparts":"[]","ftf":"50","rownumber":"1","columnnumber":"1","boomhurt":"20000","cgposxy":"[0,0]","rolehight":"200","headhight":"[70,200]","cgbackground":"ui_cg_back_102601.png","fo_need":"0","pattack":"500","roleress":"[]","rprel":"100","f_stren":"0","pprotected":"0","bmatkmusic":"0","tw_stren":"0","mainspine":"mine_spine_100101","mainshadowpos":"0_0_0,0_0_0,0_0_0,0_0_0","jgetid":"-1","comid":"160601","spinefile":"spine_102601:r_laibisishibing_tongyonga"},{"moveunit":"100","roleinfo":"LHERO160701S01","heroscg":"[1,1]","tw_need":"0","attackmovetime":"50","nsicon":"ui_ty_figure01.png","bigattack":"0","startlevel":"0","bornneed":"50","skills":"260701#260702#260703#260704","mainrolemusic":"0","boomatk":"1000","fo_stren":"0","id":160701,"mprotected":"0","postype":"0","pdef":"300","level":"1","work":"3","originalname":"english","movesinglecelltime":"0.5","cgspine":"ui_cg_spine_102701","maindid":"-1","quality":"1","alertpos":"[-15,280]","f_need":"0","rolewhtype":"0","mainchangecolourpng":"0","leaderaction":"rest","name":"LHERO160701N01","th_stren":"0","th_need":"0","mainshadow":"0","beizhu":"墨檀蛛","uiheadgreyname":"ui_bt_figuredi01.png","raftl":"100","stoppos":"0","diahecg":"[1,1]","customemoveunit":"20","fi_need":"500","rolewidth":"400","mainlightpos":"0_0_0,0_0_0,0_0_0,0_0_0","sgetid":"-1","icon":"ui_team_160701.png","rolezoomsize":"0.5","rolecgdir":"0","mdef":"300","skillatktype":"0","tfpy":"50","life":"1000","speed":"90","rolecgpyy":"[0, -290]","mattack":"500","fi_stren":"20%","beattackpos":"[-5,265]","bluetype":"1","accessoryparts":"[]","ftf":"50","rownumber":"1","columnnumber":"1","boomhurt":"20000","cgposxy":"[0,0]","rolehight":"200","headhight":"[70,200]","cgbackground":"ui_cg_back_102701.png","fo_need":"0","pattack":"0","roleress":"[]","rprel":"100","f_stren":"0","pprotected":"0","bmatkmusic":"0","tw_stren":"0","mainspine":"mine_spine_100101","mainshadowpos":"0_0_0,0_0_0,0_0_0,0_0_0","jgetid":"-1","comid":"160701","spinefile":"spine_160701"},{"moveunit":"100","roleinfo":"LHERO160801S01","heroscg":"[1,1]","tw_need":"0","attackmovetime":"50","nsicon":"ui_ty_figure01.png","bigattack":"0","startlevel":"0","bornneed":"50","skills":"260801#260802#260803#260804","mainrolemusic":"0","boomatk":"1000","fo_stren":"0","id":160801,"mprotected":"0","postype":"0","pdef":"300","level":"1","work":"3","originalname":"english","movesinglecelltime":"0.5","cgspine":"ui_cg_spine_102801","maindid":"-1","quality":"1","alertpos":"[-15,280]","f_need":"0","rolewhtype":"0","mainchangecolourpng":"0","leaderaction":"rest2","name":"LHERO160801N01","th_stren":"0","th_need":"0","mainshadow":"0","beizhu":"骷髅法师","uiheadgreyname":"ui_bt_figuredi01.png","raftl":"100","stoppos":"0","diahecg":"[1,1]","customemoveunit":"20","fi_need":"500","rolewidth":"200","mainlightpos":"0_0_0,0_0_0,0_0_0,0_0_0","sgetid":"-1","icon":"ui_team_160801.png","rolezoomsize":"0.5","rolecgdir":"0","mdef":"300","skillatktype":"0","tfpy":"50","life":"1000","speed":"90","rolecgpyy":"[0, -290]","mattack":"500","fi_stren":"20%","beattackpos":"[-5,265]","bluetype":"1","accessoryparts":"[]","ftf":"50","rownumber":"1","columnnumber":"1","boomhurt":"20000","cgposxy":"[0,0]","rolehight":"200","headhight":"[70,200]","cgbackground":"ui_cg_back_102801.png","fo_need":"0","pattack":"0","roleress":"[]","rprel":"100","f_stren":"0","pprotected":"0","bmatkmusic":"0","tw_stren":"0","mainspine":"mine_spine_100101","mainshadowpos":"0_0_0,0_0_0,0_0_0,0_0_0","jgetid":"-1","comid":"160801","spinefile":"spine_102801:r_kulou_tongyinga"},{"moveunit":"100","roleinfo":"LHERO160901S01","heroscg":"[1,1]","tw_need":"0","attackmovetime":"50","nsicon":"ui_ty_figure01.png","bigattack":"0","startlevel":"0","bornneed":"50","skills":"260901#260902#260903#260904","mainrolemusic":"0","boomatk":"1000","fo_stren":"0","id":160901,"mprotected":"0","postype":"0","pdef":"300","level":"1","work":"2","originalname":"english","movesinglecelltime":"0.5","cgspine":"ui_cg_spine_102901","maindid":"-1","quality":"1","alertpos":"[-15,280]","f_need":"0","rolewhtype":"0","mainchangecolourpng":"0","leaderaction":"rest2","name":"LHERO160901N01","th_stren":"0","th_need":"0","mainshadow":"0","beizhu":"骷髅射手","uiheadgreyname":"ui_bt_figuredi01.png","raftl":"100","stoppos":"0","diahecg":"[1,1]","customemoveunit":"20","fi_need":"500","rolewidth":"200","mainlightpos":"0_0_0,0_0_0,0_0_0,0_0_0","sgetid":"-1","icon":"ui_team_160901.png","rolezoomsize":"0.5","rolecgdir":"0","mdef":"300","skillatktype":"0","tfpy":"50","life":"1000","speed":"90","rolecgpyy":"[0, -290]","mattack":"0","fi_stren":"20%","beattackpos":"[-5,265]","bluetype":"1","accessoryparts":"[]","ftf":"50","rownumber":"1","columnnumber":"1","boomhurt":"20000","cgposxy":"[0,0]","rolehight":"200","headhight":"[70,200]","cgbackground":"ui_cg_back_102901.png","fo_need":"0","pattack":"500","roleress":"[]","rprel":"100","f_stren":"0","pprotected":"0","bmatkmusic":"0","tw_stren":"0","mainspine":"mine_spine_100101","mainshadowpos":"0_0_0,0_0_0,0_0_0,0_0_0","jgetid":"-1","comid":"160901","spinefile":"spine_102901:r_kulou_tongyinga"},{"moveunit":"100","roleinfo":"LHERO161001S01","heroscg":"[1,1]","tw_need":"0","attackmovetime":"50","nsicon":"ui_ty_figure01.png","bigattack":"0","startlevel":"0","bornneed":"50","skills":"261001#261002#261003#261004","mainrolemusic":"0","boomatk":"1000","fo_stren":"0","id":161001,"mprotected":"0","postype":"0","pdef":"300","level":"1","work":"1","originalname":"english","movesinglecelltime":"0.5","cgspine":"ui_cg_spine_103001","maindid":"-1","quality":"1","alertpos":"[-15,280]","f_need":"0","rolewhtype":"1","mainchangecolourpng":"0","leaderaction":"rest2","name":"LHERO161001N01","th_stren":"0","th_need":"0","mainshadow":"0","beizhu":"骷髅刽子手","uiheadgreyname":"ui_bt_figuredi01.png","raftl":"100","stoppos":"0","diahecg":"[1,1]","customemoveunit":"20","fi_need":"500","rolewidth":"200","mainlightpos":"0_0_0,0_0_0,0_0_0,0_0_0","sgetid":"-1","icon":"ui_team_161001.png","rolezoomsize":"0.5","rolecgdir":"0","mdef":"300","skillatktype":"0","tfpy":"50","life":"1000","speed":"90","rolecgpyy":"[0, -290]","mattack":"0","fi_stren":"20%","beattackpos":"[-5,265]","bluetype":"1","accessoryparts":"[]","ftf":"50","rownumber":"1","columnnumber":"1","boomhurt":"20000","cgposxy":"[0,0]","rolehight":"200","headhight":"[70,200]","cgbackground":"ui_cg_back_103001.png","fo_need":"0","pattack":"500","roleress":"[]","rprel":"100","f_stren":"0","pprotected":"0","bmatkmusic":"0","tw_stren":"0","mainspine":"mine_spine_100101","mainshadowpos":"0_0_0,0_0_0,0_0_0,0_0_0","jgetid":"-1","comid":"161001","spinefile":"spine_103001:r_kulou_tongyinga"},{"moveunit":"100","roleinfo":"-1","heroscg":"[1,1]","tw_need":"0","attackmovetime":"50","nsicon":"ui_ty_figure01.png","bigattack":"0","startlevel":"0","bornneed":"50","skills":"280101#280102#280103#280104","mainrolemusic":"0","boomatk":"2000","fo_stren":"0","id":180101,"mprotected":"0","postype":"0","pdef":"500","level":"1","work":"3","originalname":"english","movesinglecelltime":"0.5","cgspine":"ui_cg_spine_103101","maindid":"-1","quality":"1","alertpos":"[-15,280]","f_need":"0","rolewhtype":"0","mainchangecolourpng":"0","leaderaction":"rest","name":"-1","th_stren":"0","th_need":"0","mainshadow":"0","beizhu":"雷兽","uiheadgreyname":"ui_bt_figuredi01.png","raftl":"100","stoppos":"0","diahecg":"[1,1]","customemoveunit":"20","fi_need":"500","rolewidth":"200","mainlightpos":"0_0_0,0_0_0,0_0_0,0_0_0","sgetid":"-1","icon":"ui_team_103101.png","rolezoomsize":"0.5","rolecgdir":"0","mdef":"500","skillatktype":"0","tfpy":"50","life":"10000","speed":"100","rolecgpyy":"[0, -290]","mattack":"500","fi_stren":"20%","beattackpos":"[-5,265]","bluetype":"1","accessoryparts":"[]","ftf":"50","rownumber":"1","columnnumber":"1","boomhurt":"20000","cgposxy":"[0,0]","rolehight":"200","headhight":"[70,200]","cgbackground":"ui_cg_back_103101.png","fo_need":"0","pattack":"0","roleress":"[]","rprel":"100","f_stren":"0","pprotected":"0","bmatkmusic":"0","tw_stren":"0","mainspine":"mine_spine_100101","mainshadowpos":"0_0_0,0_0_0,0_0_0,0_0_0","jgetid":"-1","comid":"180101","spinefile":"spine_103101"},{"moveunit":"0","roleinfo":"-1","heroscg":"[1,1]","tw_need":"0","attackmovetime":"50","nsicon":"ui_ty_figure01.png","bigattack":"0","startlevel":"0","bornneed":"50","skills":"0","mainrolemusic":"0","boomatk":"0","fo_stren":"0","id":191001,"mprotected":"0","postype":"0","pdef":"0","level":"1","work":"0","originalname":"english","movesinglecelltime":"0.5","cgspine":"ui_cg_spine_103201","maindid":"-1","quality":"0","alertpos":"[-15,280]","f_need":"0","rolewhtype":"0","mainchangecolourpng":"0","leaderaction":"rest","name":"-1","th_stren":"0","th_need":"0","mainshadow":"0","beizhu":"木箱","uiheadgreyname":"ui_bt_figuredi01.png","raftl":"100","stoppos":"0","diahecg":"[1,1]","customemoveunit":"0","fi_need":"500","rolewidth":"200","mainlightpos":"0_0_0,0_0_0,0_0_0,0_0_0","sgetid":"-1","icon":"ui_team_103201.png","rolezoomsize":"0.5","rolecgdir":"0","mdef":"0","skillatktype":"0","tfpy":"50","life":"1000","speed":"0","rolecgpyy":"[0, -290]","mattack":"0","fi_stren":"20%","beattackpos":"[-5,265]","bluetype":"1","accessoryparts":"[]","ftf":"50","rownumber":"1","columnnumber":"1","boomhurt":"0","cgposxy":"[0,0]","rolehight":"200","headhight":"[70,200]","cgbackground":"ui_cg_back_103201.png","fo_need":"0","pattack":"0","roleress":"[]","rprel":"100","f_stren":"0","pprotected":"0 ","bmatkmusic":"0","tw_stren":"0","mainspine":"mine_spine_100101","mainshadowpos":"0_0_0,0_0_0,0_0_0,0_0_0","jgetid":"-1","comid":"191001","spinefile":"spine_103201"},{"moveunit":"0","roleinfo":"-1","heroscg":"[1,1]","tw_need":"0","attackmovetime":"50","nsicon":"ui_ty_figure01.png","bigattack":"0","startlevel":"0","bornneed":"50","skills":"292001","mainrolemusic":"0","boomatk":"1500","fo_stren":"0","id":192001,"mprotected":"0","postype":"0","pdef":"0","level":"1","work":"0","originalname":"english","movesinglecelltime":"0.5","cgspine":"ui_cg_spine_103301","maindid":"-1","quality":"0","alertpos":"[-15,280]","f_need":"0","rolewhtype":"0","mainchangecolourpng":"0","leaderaction":"rest","name":"-1","th_stren":"0","th_need":"0","mainshadow":"0","beizhu":"火炮","uiheadgreyname":"ui_bt_figuredi01.png","raftl":"100","stoppos":"0","diahecg":"[1,1]","customemoveunit":"0","fi_need":"500","rolewidth":"200","mainlightpos":"0_0_0,0_0_0,0_0_0,0_0_0","sgetid":"-1","icon":"ui_bt_head_100201.png","rolezoomsize":"0.5","rolecgdir":"0","mdef":"0","skillatktype":"0","tfpy":"50","life":"1000","speed":"80","rolecgpyy":"[0, -290]","mattack":"0","fi_stren":"20%","beattackpos":"[-5,265]","bluetype":"1","accessoryparts":"[]","ftf":"50","rownumber":"3","columnnumber":"3","boomhurt":"20000","cgposxy":"[0,0]","rolehight":"200","headhight":"[70,200]","cgbackground":"ui_cg_back_103301.png","fo_need":"0","pattack":"300","roleress":"[]","rprel":"100","f_stren":"0","pprotected":"0 ","bmatkmusic":"0","tw_stren":"0","mainspine":"mine_spine_100101","mainshadowpos":"0_0_0,0_0_0,0_0_0,0_0_0","jgetid":"-1","comid":"192001","spinefile":"spine_160701"},{"moveunit":"0","roleinfo":"-1","heroscg":"[1,1]","tw_need":"0","attackmovetime":"50","nsicon":"ui_ty_figure01.png","bigattack":"0","startlevel":"0","bornneed":"50","skills":"293001","mainrolemusic":"0","boomatk":"0","fo_stren":"0","id":193001,"mprotected":"0","postype":"0","pdef":"0","level":"1","work":"0","originalname":"english","movesinglecelltime":"0.8","cgspine":"ui_cg_spine_103401","maindid":"-1","quality":"0","alertpos":"[-15,280]","f_need":"0","rolewhtype":"0","mainchangecolourpng":"0","leaderaction":"rest","name":"-1","th_stren":"0","th_need":"0","mainshadow":"0","beizhu":"防御水晶","uiheadgreyname":"ui_bt_figuredi01.png","raftl":"100","stoppos":"0","diahecg":"[1,1]","customemoveunit":"0","fi_need":"500","rolewidth":"200","mainlightpos":"0_0_0,0_0_0,0_0_0,0_0_0","sgetid":"-1","icon":"ui_team_103401.png","rolezoomsize":"0.5","rolecgdir":"0","mdef":"0","skillatktype":"0","tfpy":"50","life":"1000","speed":"0","rolecgpyy":"[0, -290]","mattack":"0","fi_stren":"20%","beattackpos":"[-5,265]","bluetype":"1","accessoryparts":"[]","ftf":"50","rownumber":"1","columnnumber":"1","boomhurt":"0","cgposxy":"[0,0]","rolehight":"200","headhight":"[70,200]","cgbackground":"ui_cg_back_103401.png","fo_need":"0","pattack":"0","roleress":"[]","rprel":"100","f_stren":"0","pprotected":"0 ","bmatkmusic":"0","tw_stren":"0","mainspine":"mine_spine_100101","mainshadowpos":"0_0_0,0_0_0,0_0_0,0_0_0","jgetid":"-1","comid":"193001","spinefile":"spine_103401"}]