[{"msg":"160401_12_2#160501_14_1#160601_14_3","oncejumpnum":"1","f_reward_id":"100101","battmelmapid":"103","level":"2","f_type":"1","f_frist_reward_id":"100101","f_move_fr":"3","severalroundsaction":"1","chessfile":"qz_monster_2","f_shadow_image":"fb_shadow_monster_1","f_sp":"5","id":1001,"info":"1-2小怪"},{"msg":"161001_10_2#160801_11_1#160901_13_1#160901_13_3","oncejumpnum":"1","f_reward_id":"100101","battmelmapid":"103","level":"3","f_type":"1","f_frist_reward_id":"100101","f_move_fr":"4","severalroundsaction":"1","chessfile":"qz_monster_1","f_shadow_image":"fb_shadow_monster_1","f_sp":"5","id":1002,"info":"1-3小怪"},{"msg":"160601_11_1#160801_11_2#160501_12_2","oncejumpnum":"1","f_reward_id":"100101","battmelmapid":"103","level":"1","f_type":"1","f_frist_reward_id":"100101","f_move_fr":"4","severalroundsaction":"1","chessfile":"qz_monster_1","f_shadow_image":"fb_shadow_monster_1","f_sp":"5","id":1003,"info":""},{"msg":"160601_11_3#160601_11_1#160701_10_2","oncejumpnum":"1","f_reward_id":"100101","battmelmapid":"103","level":"1","f_type":"1","f_frist_reward_id":"100101","f_move_fr":"4","severalroundsaction":"1","chessfile":"qz_monster_1","f_shadow_image":"fb_shadow_monster_1","f_sp":"5","id":1004,"info":""},{"msg":"160601_11_3#160601_11_1#160701_10_2#160901_13_2","oncejumpnum":"1","f_reward_id":"100101","battmelmapid":"103","level":"1","f_type":"1","f_frist_reward_id":"100101","f_move_fr":"4","severalroundsaction":"1","chessfile":"qz_monster_1","f_shadow_image":"fb_shadow_monster_1","f_sp":"5","id":1005,"info":""},{"msg":"160601_11_3#160601_11_1#160701_10_2#160901_13_2","oncejumpnum":"1","f_reward_id":"100101","battmelmapid":"103","level":"1","f_type":"1","f_frist_reward_id":"100101","f_move_fr":"4","severalroundsaction":"1","chessfile":"qz_monster_1","f_shadow_image":"fb_shadow_monster_1","f_sp":"5","id":1006,"info":""},{"msg":"160601_11_3#160601_11_1#160701_10_2#160901_13_2","oncejumpnum":"1","f_reward_id":"100101","battmelmapid":"103","level":"1","f_type":"1","f_frist_reward_id":"100101","f_move_fr":"4","severalroundsaction":"1","chessfile":"qz_monster_1","f_shadow_image":"fb_shadow_monster_1","f_sp":"5","id":1007,"info":""},{"msg":"160601_11_3#160601_11_1#160701_10_2#160901_13_2","oncejumpnum":"1","f_reward_id":"100101","battmelmapid":"103","level":"1","f_type":"1","f_frist_reward_id":"100101","f_move_fr":"4","severalroundsaction":"1","chessfile":"qz_monster_1","f_shadow_image":"fb_shadow_monster_1","f_sp":"5","id":1008,"info":""},{"msg":"160901_12_1","oncejumpnum":"1","f_reward_id":"100101","battmelmapid":"103","level":"1","f_type":"2","f_frist_reward_id":"100101","f_move_fr":"4","severalroundsaction":"1","chessfile":"qz_monster_2","f_shadow_image":"fb_shadow_monster_1","f_sp":"5","id":2001,"info":""},{"msg":"160501_12_1","oncejumpnum":"1","f_reward_id":"100101","battmelmapid":"103","level":"1","f_type":"2","f_frist_reward_id":"100101","f_move_fr":"4","severalroundsaction":"1","chessfile":"qz_monster_2","f_shadow_image":"fb_shadow_monster_1","f_sp":"5","id":2002,"info":""},{"msg":"160801_11_3#160901_11_1#1610501_13_2#160701_15_1","oncejumpnum":"2","f_reward_id":"100101","battmelmapid":"103","level":"1","f_type":"3","f_frist_reward_id":"100101","f_move_fr":"5","severalroundsaction":"1","chessfile":"qz_monster_3","f_shadow_image":"fb_shadow_monster_1","f_sp":"5","id":3001,"info":""},{"msg":"100301_10_2","oncejumpnum":"0","f_reward_id":"100101","battmelmapid":"103","level":"1","f_type":"3","f_frist_reward_id":"100101","f_move_fr":"0","severalroundsaction":"0","chessfile":"qz_player_2","f_shadow_image":"fb_shadow_monster_1","f_sp":"5","id":3002,"info":"1-1圣骑"},{"msg":"100201_13_2#160401_12_3#160401_12_1#160501_14_1#160601_14_3","oncejumpnum":"2","f_reward_id":"100101","battmelmapid":"103","level":"5","f_type":"3","f_frist_reward_id":"100101","f_move_fr":"4","severalroundsaction":"1","chessfile":"qz_monster_4","f_shadow_image":"fb_shadow_monster_1","f_sp":"5","id":3003,"info":"1-2圣女"},{"msg":"160701_12_2#161001_10_1#161001_10_3#160801_13_2","oncejumpnum":"1","f_reward_id":"100101","battmelmapid":"103","level":"7","f_type":"3","f_frist_reward_id":"100101","f_move_fr":"3","severalroundsaction":"1","chessfile":"qz_monster_3","f_shadow_image":"fb_shadow_monster_1","f_sp":"5","id":3004,"info":"1-3蜘蛛"},{"msg":"160401_11_3#160501_11_1#160601_10_2","oncejumpnum":"1","f_reward_id":"100101","battmelmapid":"103","level":"2","f_type":"3","f_frist_reward_id":"100101","f_move_fr":"4","severalroundsaction":"1","chessfile":"qz_monster_3","f_shadow_image":"fb_shadow_monster_1","f_sp":"5","id":3005,"info":"测试棋子"},{"msg":"160701_11_3#160801_11_1#160901_10_2#161001_13_2","oncejumpnum":"1","f_reward_id":"100101","battmelmapid":"103","level":"2","f_type":"3","f_frist_reward_id":"100101","f_move_fr":"3","severalroundsaction":"1","chessfile":"qz_monster_3","f_shadow_image":"fb_shadow_monster_1","f_sp":"5","id":3006,"info":"测试棋子"},{"msg":"160401_11_3#160501_11_1#160601_10_2","oncejumpnum":"1","f_reward_id":"100101","battmelmapid":"103","level":"2","f_type":"3","f_frist_reward_id":"100101","f_move_fr":"4","severalroundsaction":"1","chessfile":"qz_monster_3","f_shadow_image":"fb_shadow_monster_1","f_sp":"5","id":3007,"info":"测试棋子"},{"msg":"160701_11_3#160801_11_1#160901_10_2#161001_13_2","oncejumpnum":"1","f_reward_id":"100101","battmelmapid":"103","level":"2","f_type":"3","f_frist_reward_id":"100101","f_move_fr":"3","severalroundsaction":"1","chessfile":"qz_monster_3","f_shadow_image":"fb_shadow_monster_1","f_sp":"5","id":3008,"info":"测试棋子"},{"msg":"160701_11_3#160801_11_1#160901_10_2#161001_13_2","oncejumpnum":"1","f_reward_id":"100101","battmelmapid":"103","level":"1","f_type":"4","f_frist_reward_id":"100101","f_move_fr":"4","severalroundsaction":"1","chessfile":"qz_npc_2:qz_npc_3","f_shadow_image":"fb_shadow_monster_1","f_sp":"5","id":4001,"info":"npc"},{"msg":"160701_11_3#160801_11_1#160901_10_2#161001_13_2","oncejumpnum":"1","f_reward_id":"100101","battmelmapid":"103","level":"1","f_type":"4","f_frist_reward_id":"100101","f_move_fr":"4","severalroundsaction":"1","chessfile":"qz_npc_3","f_shadow_image":"fb_shadow_monster_1","f_sp":"5","id":4002,"info":"npc"}]