[{"chapter":"1_1","ordinarychess":"1001_7_23#1002_3_23#1003_2_11","level":"1","originalname":"Section 1:The Start","gexp":"10000","gitem":"602001_2_2000#602002_3_4000#602003_4_4000","elitechess":"2001_6_12#2002_12_13","backwardjumpdistance":"100","type":"1","roadfile":"efx_tansuoditu1_b","difficulty":"普通","bosschess":"3001_7_3","firstmemberpos":"720_20","name":"第一节:启程","shadowpos":"1050_20","id":801001,"ggold":"1_5000","mapfile":"ditu_cc.tmx","info":"英雄接受国王的命令,前去寻找圣杯,伟大的历史开始了!"},{"chapter":"1_2","ordinarychess":"1001_7_23#1002_3_23#1003_2_11","level":"2","originalname":"Section 1:The Start","gexp":"10000","gitem":"602001_2_2000#602002_3_4000#602003_4_4000","elitechess":"2001_6_12#2002_12_13","backwardjumpdistance":"100","type":"1","roadfile":"efx_tansuoditu1_b","difficulty":"普通","bosschess":"3001_7_3","firstmemberpos":"720_20","name":"第二节:蔓延的战火","shadowpos":"1050_20","id":801002,"ggold":"1_5001","mapfile":"ditu_cc.tmx","info":"这又是一个本"},{"chapter":"1_3","ordinarychess":"1001_7_23#1002_3_23#1003_2_11","level":"4","originalname":"Section 1:The Start","gexp":"10000","gitem":"602001_2_2000#602002_3_4000#602003_4_4000","elitechess":"2001_6_12#2002_12_13","backwardjumpdistance":"100","type":"1","roadfile":"efx_tansuoditu1_b","difficulty":"普通","bosschess":"3001_7_3","firstmemberpos":"720_20","name":"第三节:英雄荣耀","shadowpos":"1050_20","id":801003,"ggold":"1_5002","mapfile":"ditu_cc.tmx","info":"这还是一个本"},{"chapter":"1_4","ordinarychess":"1001_7_23#1002_3_23#1003_2_11","level":"6","originalname":"Section 1:The Start","gexp":"10000","gitem":"602001_2_2000#602002_3_4000#602003_4_4000","elitechess":"2001_6_12#2002_12_13","backwardjumpdistance":"100","type":"1","roadfile":"efx_tansuoditu1_b","difficulty":"普通","bosschess":"3001_7_3","firstmemberpos":"720_20","name":"第四节:屠龙","shadowpos":"1050_20","id":801004,"ggold":"1_5003","mapfile":"ditu_cc.tmx","info":"这依然是个本"},{"chapter":"1_5","ordinarychess":"1001_7_23#1002_3_23#1003_2_11","level":"8","originalname":"Section 1:The Start","gexp":"10000","gitem":"602001_2_2000#602002_3_4000#602003_4_4000","elitechess":"2001_6_12#2002_12_13","backwardjumpdistance":"100","type":"1","roadfile":"efx_tansuoditu1_b","difficulty":"普通","bosschess":"3001_7_3","firstmemberpos":"720_20","name":"第五节:无尽的轮回","shadowpos":"1050_20","id":801005,"ggold":"1_5004","mapfile":"ditu_cc.tmx","info":"一个本本"},{"chapter":"2_1","ordinarychess":"1001_10_19#1002_10_19#1003_10_24","level":"10","originalname":"Section 1:The Start","gexp":"10000","gitem":"602001_2_2000#602002_3_4000#602003_4_4000","elitechess":"2001_10_19#2002_10_24","backwardjumpdistance":"100","type":"1","roadfile":"efx_tansuoditu1_b","difficulty":"普通","bosschess":"3001_10_24","firstmemberpos":"900_20","name":"副本6","shadowpos":"1050_20","id":801006,"ggold":"1_5005","mapfile":"0","info":"0"},{"chapter":"1_1","ordinarychess":"1001_10_19#1002_10_19#1003_10_25","level":"11","originalname":"Section 1:The Start","gexp":"10000","gitem":"602001_2_2000#602002_3_4000#602003_4_4000","elitechess":"2001_10_19#2002_10_25","backwardjumpdistance":"100","type":"1","roadfile":"efx_tansuoditu1_b","difficulty":"困难","bosschess":"3001_10_25","firstmemberpos":"900_20","name":"副本7","shadowpos":"1050_20","id":801007,"ggold":"1_5006","mapfile":"0","info":"0"},{"chapter":"2_2","ordinarychess":"1001_10_19#1002_10_19#1003_10_26","level":"12","originalname":"Section 1:The Start","gexp":"10000","gitem":"602001_2_2000#602002_3_4000#602003_4_4000","elitechess":"2001_10_19#2002_10_26","backwardjumpdistance":"100","type":"1","roadfile":"efx_tansuoditu1_b","difficulty":"普通","bosschess":"3001_10_26","firstmemberpos":"900_20","name":"副本8","shadowpos":"1050_20","id":801008,"ggold":"1_5007","mapfile":"0","info":"0"},{"chapter":"1_2","ordinarychess":"1001_10_19#1002_10_19#1003_10_27","level":"13","originalname":"Section 1:The Start","gexp":"10000","gitem":"602001_2_2000#602002_3_4000#602003_4_4000","elitechess":"2001_10_19#2002_10_27","backwardjumpdistance":"100","type":"1","roadfile":"efx_tansuoditu1_b","difficulty":"困难","bosschess":"3001_10_27","firstmemberpos":"900_20","name":"副本9","shadowpos":"1050_20","id":801009,"ggold":"1_5008","mapfile":"0","info":"0"},{"chapter":"2_3","ordinarychess":"1001_10_19#1002_10_19#1003_10_28","level":"14","originalname":"Section 1:The Start","gexp":"10000","gitem":"602001_2_2000#602002_3_4000#602003_4_4000","elitechess":"2001_10_19#2002_10_28","backwardjumpdistance":"100","type":"1","roadfile":"efx_tansuoditu1_b","difficulty":"普通","bosschess":"3001_10_28","firstmemberpos":"900_20","name":"副本10","shadowpos":"1050_20","id":801010,"ggold":"1_5009","mapfile":"0","info":"0"},{"chapter":"1_3","ordinarychess":"1001_10_19#1002_10_19#1003_10_29","level":"15","originalname":"Section 1:The Start","gexp":"10000","gitem":"602001_2_2000#602002_3_4000#602003_4_4000","elitechess":"2001_10_19#2002_10_29","backwardjumpdistance":"100","type":"1","roadfile":"efx_tansuoditu1_b","difficulty":"困难","bosschess":"3001_10_29","firstmemberpos":"900_20","name":"副本11","shadowpos":"1050_20","id":801011,"ggold":"1_5010","mapfile":"0","info":"0"},{"chapter":"2_4","ordinarychess":"1001_10_19#1002_10_19#1003_10_30","level":"16","originalname":"Section 1:The Start","gexp":"10000","gitem":"602001_2_2000#602002_3_4000#602003_4_4000","elitechess":"2001_10_19#2002_10_30","backwardjumpdistance":"100","type":"1","roadfile":"efx_tansuoditu1_b","difficulty":"普通","bosschess":"3001_10_30","firstmemberpos":"900_20","name":"副本12","shadowpos":"1050_20","id":801012,"ggold":"1_5011","mapfile":"0","info":"0"},{"chapter":"1_4","ordinarychess":"1001_10_19#1002_10_19#1003_10_31","level":"17","originalname":"Section 1:The Start","gexp":"10000","gitem":"602001_2_2000#602002_3_4000#602003_4_4000","elitechess":"2001_10_19#2002_10_31","backwardjumpdistance":"100","type":"1","roadfile":"efx_tansuoditu1_b","difficulty":"困难","bosschess":"3001_10_31","firstmemberpos":"900_20","name":"副本13","shadowpos":"1050_20","id":801013,"ggold":"1_5012","mapfile":"0","info":"0"},{"chapter":"2_5","ordinarychess":"1001_10_19#1002_10_19#1003_10_32","level":"18","originalname":"Section 1:The Start","gexp":"10000","gitem":"602001_2_2000#602002_3_4000#602003_4_4000","elitechess":"2001_10_19#2002_10_32","backwardjumpdistance":"100","type":"1","roadfile":"efx_tansuoditu1_b","difficulty":"普通","bosschess":"3001_10_32","firstmemberpos":"900_20","name":"副本14","shadowpos":"1050_20","id":801014,"ggold":"1_5013","mapfile":"0","info":"0"},{"chapter":"1_5","ordinarychess":"1001_10_19#1002_10_19#1003_10_33","level":"19","originalname":"Section 1:The Start","gexp":"10000","gitem":"602001_2_2000#602002_3_4000#602003_4_4000","elitechess":"2001_10_19#2002_10_33","backwardjumpdistance":"100","type":"1","roadfile":"efx_tansuoditu1_b","difficulty":"困难","bosschess":"3001_10_33","firstmemberpos":"900_20","name":"副本15","shadowpos":"1050_20","id":801015,"ggold":"1_5014","mapfile":"0","info":"0"},{"chapter":"3_1","ordinarychess":"1001_10_19#1002_10_19#1003_10_34","level":"20","originalname":"Section 1:The Start","gexp":"10000","gitem":"602001_2_2000#602002_3_4000#602003_4_4000","elitechess":"2001_10_19#2002_10_34","backwardjumpdistance":"100","type":"1","roadfile":"efx_tansuoditu1_b","difficulty":"普通","bosschess":"3001_10_34","firstmemberpos":"900_20","name":"副本16","shadowpos":"1050_20","id":801016,"ggold":"1_5015","mapfile":"0","info":"0"},{"chapter":"2_1","ordinarychess":"1001_10_19#1002_10_19#1003_10_35","level":"21","originalname":"Section 1:The Start","gexp":"10000","gitem":"602001_2_2000#602002_3_4000#602003_4_4000","elitechess":"2001_10_19#2002_10_35","backwardjumpdistance":"100","type":"1","roadfile":"efx_tansuoditu1_b","difficulty":"困难","bosschess":"3001_10_35","firstmemberpos":"900_20","name":"副本17","shadowpos":"1050_20","id":801017,"ggold":"1_5016","mapfile":"0","info":"0"},{"chapter":"3_2","ordinarychess":"1001_10_19#1002_10_19#1003_10_36","level":"22","originalname":"Section 1:The Start","gexp":"10000","gitem":"602001_2_2000#602002_3_4000#602003_4_4000","elitechess":"2001_10_19#2002_10_36","backwardjumpdistance":"100","type":"1","roadfile":"efx_tansuoditu1_b","difficulty":"普通","bosschess":"3001_10_36","firstmemberpos":"900_20","name":"副本18","shadowpos":"1050_20","id":801018,"ggold":"1_5017","mapfile":"0","info":"0"},{"chapter":"2_2","ordinarychess":"1001_10_19#1002_10_19#1003_10_37","level":"23","originalname":"Section 1:The Start","gexp":"10000","gitem":"602001_2_2000#602002_3_4000#602003_4_4000","elitechess":"2001_10_19#2002_10_37","backwardjumpdistance":"100","type":"1","roadfile":"efx_tansuoditu1_b","difficulty":"困难","bosschess":"3001_10_37","firstmemberpos":"900_20","name":"副本19","shadowpos":"1050_20","id":801019,"ggold":"1_5018","mapfile":"0","info":"0"},{"chapter":"3_3","ordinarychess":"1001_10_19#1002_10_19#1003_10_38","level":"24","originalname":"Section 1:The Start","gexp":"10000","gitem":"602001_2_2000#602002_3_4000#602003_4_4000","elitechess":"2001_10_19#2002_10_38","backwardjumpdistance":"100","type":"1","roadfile":"efx_tansuoditu1_b","difficulty":"普通","bosschess":"3001_10_38","firstmemberpos":"900_20","name":"副本20","shadowpos":"1050_20","id":801020,"ggold":"1_5019","mapfile":"0","info":"0"},{"chapter":"2_3","ordinarychess":"1001_10_19#1002_10_19#1003_10_39","level":"25","originalname":"Section 1:The Start","gexp":"10000","gitem":"602001_2_2000#602002_3_4000#602003_4_4000","elitechess":"2001_10_19#2002_10_39","backwardjumpdistance":"100","type":"1","roadfile":"efx_tansuoditu1_b","difficulty":"困难","bosschess":"3001_10_39","firstmemberpos":"900_20","name":"副本21","shadowpos":"1050_20","id":801021,"ggold":"1_5020","mapfile":"0","info":"0"},{"chapter":"3_4","ordinarychess":"1001_10_19#1002_10_19#1003_10_40","level":"26","originalname":"Section 1:The Start","gexp":"10000","gitem":"602001_2_2000#602002_3_4000#602003_4_4000","elitechess":"2001_10_19#2002_10_40","backwardjumpdistance":"100","type":"1","roadfile":"efx_tansuoditu1_b","difficulty":"普通","bosschess":"3001_10_40","firstmemberpos":"900_20","name":"副本22","shadowpos":"1050_20","id":801022,"ggold":"1_5021","mapfile":"0","info":"0"},{"chapter":"2_4","ordinarychess":"1001_10_19#1002_10_19#1003_10_41","level":"27","originalname":"Section 1:The Start","gexp":"10000","gitem":"602001_2_2000#602002_3_4000#602003_4_4000","elitechess":"2001_10_19#2002_10_41","backwardjumpdistance":"100","type":"1","roadfile":"efx_tansuoditu1_b","difficulty":"困难","bosschess":"3001_10_41","firstmemberpos":"900_20","name":"副本23","shadowpos":"1050_20","id":801023,"ggold":"1_5022","mapfile":"0","info":"0"},{"chapter":"3_5","ordinarychess":"1001_10_19#1002_10_19#1003_10_42","level":"28","originalname":"Section 1:The Start","gexp":"10000","gitem":"602001_2_2000#602002_3_4000#602003_4_4000","elitechess":"2001_10_19#2002_10_42","backwardjumpdistance":"100","type":"1","roadfile":"efx_tansuoditu1_b","difficulty":"普通","bosschess":"3001_10_42","firstmemberpos":"900_20","name":"副本24","shadowpos":"1050_20","id":801024,"ggold":"1_5023","mapfile":"0","info":"0"},{"chapter":"2_5","ordinarychess":"1001_10_19#1002_10_19#1003_10_43","level":"29","originalname":"Section 1:The Start","gexp":"10000","gitem":"602001_2_2000#602002_3_4000#602003_4_4000","elitechess":"2001_10_19#2002_10_43","backwardjumpdistance":"100","type":"1","roadfile":"efx_tansuoditu1_b","difficulty":"困难","bosschess":"3001_10_43","firstmemberpos":"900_20","name":"副本25","shadowpos":"1050_20","id":801025,"ggold":"1_5024","mapfile":"0","info":"0"},{"chapter":"4_1","ordinarychess":"1001_10_19#1002_10_19#1003_10_44","level":"30","originalname":"Section 1:The Start","gexp":"10000","gitem":"602001_2_2000#602002_3_4000#602003_4_4000","elitechess":"2001_10_19#2002_10_44","backwardjumpdistance":"100","type":"1","roadfile":"efx_tansuoditu1_b","difficulty":"普通","bosschess":"3001_10_44","firstmemberpos":"900_20","name":"副本26","shadowpos":"1050_20","id":801026,"ggold":"1_5025","mapfile":"0","info":"0"},{"chapter":"3_1","ordinarychess":"1001_10_19#1002_10_19#1003_10_45","level":"31","originalname":"Section 1:The Start","gexp":"10000","gitem":"602001_2_2000#602002_3_4000#602003_4_4000","elitechess":"2001_10_19#2002_10_45","backwardjumpdistance":"100","type":"1","roadfile":"efx_tansuoditu1_b","difficulty":"困难","bosschess":"3001_10_45","firstmemberpos":"900_20","name":"副本27","shadowpos":"1050_20","id":801027,"ggold":"1_5026","mapfile":"0","info":"0"},{"chapter":"4_2","ordinarychess":"1001_10_19#1002_10_19#1003_10_46","level":"32","originalname":"Section 1:The Start","gexp":"10000","gitem":"602001_2_2000#602002_3_4000#602003_4_4000","elitechess":"2001_10_19#2002_10_46","backwardjumpdistance":"100","type":"1","roadfile":"efx_tansuoditu1_b","difficulty":"普通","bosschess":"3001_10_46","firstmemberpos":"900_20","name":"副本28","shadowpos":"1050_20","id":801028,"ggold":"1_5027","mapfile":"0","info":"0"},{"chapter":"3_2","ordinarychess":"1001_10_19#1002_10_19#1003_10_47","level":"33","originalname":"Section 1:The Start","gexp":"10000","gitem":"602001_2_2000#602002_3_4000#602003_4_4000","elitechess":"2001_10_19#2002_10_47","backwardjumpdistance":"100","type":"1","roadfile":"efx_tansuoditu1_b","difficulty":"困难","bosschess":"3001_10_47","firstmemberpos":"900_20","name":"副本29","shadowpos":"1050_20","id":801029,"ggold":"1_5028","mapfile":"0","info":"0"},{"chapter":"4_3","ordinarychess":"1001_10_19#1002_10_19#1003_10_48","level":"34","originalname":"Section 1:The Start","gexp":"10000","gitem":"602001_2_2000#602002_3_4000#602003_4_4000","elitechess":"2001_10_19#2002_10_48","backwardjumpdistance":"100","type":"1","roadfile":"efx_tansuoditu1_b","difficulty":"普通","bosschess":"3001_10_48","firstmemberpos":"900_20","name":"副本30","shadowpos":"1050_20","id":801030,"ggold":"1_5029","mapfile":"0","info":"0"},{"chapter":"3_3","ordinarychess":"1001_10_19#1002_10_19#1003_10_49","level":"35","originalname":"Section 1:The Start","gexp":"10000","gitem":"602001_2_2000#602002_3_4000#602003_4_4000","elitechess":"2001_10_19#2002_10_49","backwardjumpdistance":"100","type":"1","roadfile":"efx_tansuoditu1_b","difficulty":"困难","bosschess":"3001_10_49","firstmemberpos":"900_20","name":"副本31","shadowpos":"1050_20","id":801031,"ggold":"1_5030","mapfile":"0","info":"0"},{"chapter":"4_4","ordinarychess":"1001_10_19#1002_10_19#1003_10_50","level":"36","originalname":"Section 1:The Start","gexp":"10000","gitem":"602001_2_2000#602002_3_4000#602003_4_4000","elitechess":"2001_10_19#2002_10_50","backwardjumpdistance":"100","type":"1","roadfile":"efx_tansuoditu1_b","difficulty":"普通","bosschess":"3001_10_50","firstmemberpos":"900_20","name":"副本32","shadowpos":"1050_20","id":801032,"ggold":"1_5031","mapfile":"0","info":"0"},{"chapter":"3_4","ordinarychess":"1001_10_19#1002_10_19#1003_10_51","level":"37","originalname":"Section 1:The Start","gexp":"10000","gitem":"602001_2_2000#602002_3_4000#602003_4_4000","elitechess":"2001_10_19#2002_10_51","backwardjumpdistance":"100","type":"1","roadfile":"efx_tansuoditu1_b","difficulty":"困难","bosschess":"3001_10_51","firstmemberpos":"900_20","name":"副本33","shadowpos":"1050_20","id":801033,"ggold":"1_5032","mapfile":"0","info":"0"},{"chapter":"4_5","ordinarychess":"1001_10_19#1002_10_19#1003_10_52","level":"38","originalname":"Section 1:The Start","gexp":"10000","gitem":"602001_2_2000#602002_3_4000#602003_4_4000","elitechess":"2001_10_19#2002_10_52","backwardjumpdistance":"100","type":"1","roadfile":"efx_tansuoditu1_b","difficulty":"普通","bosschess":"3001_10_52","firstmemberpos":"900_20","name":"副本34","shadowpos":"1050_20","id":801034,"ggold":"1_5033","mapfile":"0","info":"0"},{"chapter":"3_5","ordinarychess":"1001_10_19#1002_10_19#1003_10_53","level":"39","originalname":"Section 1:The Start","gexp":"10000","gitem":"602001_2_2000#602002_3_4000#602003_4_4000","elitechess":"2001_10_19#2002_10_53","backwardjumpdistance":"100","type":"1","roadfile":"efx_tansuoditu1_b","difficulty":"困难","bosschess":"3001_10_53","firstmemberpos":"900_20","name":"副本35","shadowpos":"1050_20","id":801035,"ggold":"1_5034","mapfile":"0","info":"0"},{"chapter":"5_1","ordinarychess":"1001_10_19#1002_10_19#1003_10_54","level":"40","originalname":"Section 1:The Start","gexp":"10000","gitem":"602001_2_2000#602002_3_4000#602003_4_4000","elitechess":"2001_10_19#2002_10_54","backwardjumpdistance":"100","type":"1","roadfile":"efx_tansuoditu1_b","difficulty":"普通","bosschess":"3001_10_54","firstmemberpos":"900_20","name":"副本36","shadowpos":"1050_20","id":801036,"ggold":"1_5035","mapfile":"0","info":"0"},{"chapter":"4_1","ordinarychess":"1001_10_19#1002_10_19#1003_10_55","level":"41","originalname":"Section 1:The Start","gexp":"10000","gitem":"602001_2_2000#602002_3_4000#602003_4_4000","elitechess":"2001_10_19#2002_10_55","backwardjumpdistance":"100","type":"1","roadfile":"efx_tansuoditu1_b","difficulty":"困难","bosschess":"3001_10_55","firstmemberpos":"900_20","name":"副本37","shadowpos":"1050_20","id":801037,"ggold":"1_5036","mapfile":"0","info":"0"},{"chapter":"5_2","ordinarychess":"1001_10_19#1002_10_19#1003_10_56","level":"42","originalname":"Section 1:The Start","gexp":"10000","gitem":"602001_2_2000#602002_3_4000#602003_4_4000","elitechess":"2001_10_19#2002_10_56","backwardjumpdistance":"100","type":"1","roadfile":"efx_tansuoditu1_b","difficulty":"普通","bosschess":"3001_10_56","firstmemberpos":"900_20","name":"副本38","shadowpos":"1050_20","id":801038,"ggold":"1_5037","mapfile":"0","info":"0"},{"chapter":"4_2","ordinarychess":"1001_10_19#1002_10_19#1003_10_57","level":"43","originalname":"Section 1:The Start","gexp":"10000","gitem":"602001_2_2000#602002_3_4000#602003_4_4000","elitechess":"2001_10_19#2002_10_57","backwardjumpdistance":"100","type":"1","roadfile":"efx_tansuoditu1_b","difficulty":"困难","bosschess":"3001_10_57","firstmemberpos":"900_20","name":"副本39","shadowpos":"1050_20","id":801039,"ggold":"1_5038","mapfile":"0","info":"0"},{"chapter":"5_3","ordinarychess":"1001_10_19#1002_10_19#1003_10_58","level":"44","originalname":"Section 1:The Start","gexp":"10000","gitem":"602001_2_2000#602002_3_4000#602003_4_4000","elitechess":"2001_10_19#2002_10_58","backwardjumpdistance":"100","type":"1","roadfile":"efx_tansuoditu1_b","difficulty":"普通","bosschess":"3001_10_58","firstmemberpos":"900_20","name":"副本40","shadowpos":"1050_20","id":801040,"ggold":"1_5039","mapfile":"0","info":"0"},{"chapter":"4_3","ordinarychess":"1001_10_19#1002_10_19#1003_10_59","level":"45","originalname":"Section 1:The Start","gexp":"10000","gitem":"602001_2_2000#602002_3_4000#602003_4_4000","elitechess":"2001_10_19#2002_10_59","backwardjumpdistance":"100","type":"1","roadfile":"efx_tansuoditu1_b","difficulty":"困难","bosschess":"3001_10_59","firstmemberpos":"900_20","name":"副本41","shadowpos":"1050_20","id":801041,"ggold":"1_5040","mapfile":"0","info":"0"},{"chapter":"5_4","ordinarychess":"1001_10_19#1002_10_19#1003_10_60","level":"46","originalname":"Section 1:The Start","gexp":"10000","gitem":"602001_2_2000#602002_3_4000#602003_4_4000","elitechess":"2001_10_19#2002_10_60","backwardjumpdistance":"100","type":"1","roadfile":"efx_tansuoditu1_b","difficulty":"普通","bosschess":"3001_10_60","firstmemberpos":"900_20","name":"副本42","shadowpos":"1050_20","id":801042,"ggold":"1_5041","mapfile":"0","info":"0"},{"chapter":"4_4","ordinarychess":"1001_10_19#1002_10_19#1003_10_61","level":"47","originalname":"Section 1:The Start","gexp":"10000","gitem":"602001_2_2000#602002_3_4000#602003_4_4000","elitechess":"2001_10_19#2002_10_61","backwardjumpdistance":"100","type":"1","roadfile":"efx_tansuoditu1_b","difficulty":"困难","bosschess":"3001_10_61","firstmemberpos":"900_20","name":"副本43","shadowpos":"1050_20","id":801043,"ggold":"1_5042","mapfile":"0","info":"0"},{"chapter":"5_5","ordinarychess":"1001_10_19#1002_10_19#1003_10_62","level":"48","originalname":"Section 1:The Start","gexp":"10000","gitem":"602001_2_2000#602002_3_4000#602003_4_4000","elitechess":"2001_10_19#2002_10_62","backwardjumpdistance":"100","type":"1","roadfile":"efx_tansuoditu1_b","difficulty":"普通","bosschess":"3001_10_62","firstmemberpos":"900_20","name":"副本44","shadowpos":"1050_20","id":801044,"ggold":"1_5043","mapfile":"0","info":"0"},{"chapter":"4_5","ordinarychess":"1001_10_19#1002_10_19#1003_10_63","level":"49","originalname":"Section 1:The Start","gexp":"10000","gitem":"602001_2_2000#602002_3_4000#602003_4_4000","elitechess":"2001_10_19#2002_10_63","backwardjumpdistance":"100","type":"1","roadfile":"efx_tansuoditu1_b","difficulty":"困难","bosschess":"3001_10_63","firstmemberpos":"900_20","name":"副本45","shadowpos":"1050_20","id":801045,"ggold":"1_5044","mapfile":"0","info":"0"},{"chapter":"6_1","ordinarychess":"1001_10_19#1002_10_19#1003_10_64","level":"50","originalname":"Section 1:The Start","gexp":"10000","gitem":"602001_2_2000#602002_3_4000#602003_4_4000","elitechess":"2001_10_19#2002_10_64","backwardjumpdistance":"100","type":"1","roadfile":"efx_tansuoditu1_b","difficulty":"普通","bosschess":"3001_10_64","firstmemberpos":"900_20","name":"副本46","shadowpos":"1050_20","id":801046,"ggold":"1_5045","mapfile":"0","info":"0"},{"chapter":"5_1","ordinarychess":"1001_10_19#1002_10_19#1003_10_65","level":"51","originalname":"Section 1:The Start","gexp":"10000","gitem":"602001_2_2000#602002_3_4000#602003_4_4000","elitechess":"2001_10_19#2002_10_65","backwardjumpdistance":"100","type":"1","roadfile":"efx_tansuoditu1_b","difficulty":"困难","bosschess":"3001_10_65","firstmemberpos":"900_20","name":"副本47","shadowpos":"1050_20","id":801047,"ggold":"1_5046","mapfile":"0","info":"0"},{"chapter":"6_2","ordinarychess":"1001_10_19#1002_10_19#1003_10_66","level":"52","originalname":"Section 1:The Start","gexp":"10000","gitem":"602001_2_2000#602002_3_4000#602003_4_4000","elitechess":"2001_10_19#2002_10_66","backwardjumpdistance":"100","type":"1","roadfile":"efx_tansuoditu1_b","difficulty":"普通","bosschess":"3001_10_66","firstmemberpos":"900_20","name":"副本48","shadowpos":"1050_20","id":801048,"ggold":"1_5047","mapfile":"0","info":"0"},{"chapter":"5_2","ordinarychess":"1001_10_19#1002_10_19#1003_10_67","level":"53","originalname":"Section 1:The Start","gexp":"10000","gitem":"602001_2_2000#602002_3_4000#602003_4_4000","elitechess":"2001_10_19#2002_10_67","backwardjumpdistance":"100","type":"1","roadfile":"efx_tansuoditu1_b","difficulty":"困难","bosschess":"3001_10_67","firstmemberpos":"900_20","name":"副本49","shadowpos":"1050_20","id":801049,"ggold":"1_5048","mapfile":"0","info":"0"},{"chapter":"6_3","ordinarychess":"1001_10_19#1002_10_19#1003_10_68","level":"54","originalname":"Section 1:The Start","gexp":"10000","gitem":"602001_2_2000#602002_3_4000#602003_4_4000","elitechess":"2001_10_19#2002_10_68","backwardjumpdistance":"100","type":"1","roadfile":"efx_tansuoditu1_b","difficulty":"普通","bosschess":"3001_10_68","firstmemberpos":"900_20","name":"副本50","shadowpos":"1050_20","id":801050,"ggold":"1_5049","mapfile":"0","info":"0"},{"chapter":"5_3","ordinarychess":"1001_10_19#1002_10_19#1003_10_69","level":"55","originalname":"Section 1:The Start","gexp":"10000","gitem":"602001_2_2000#602002_3_4000#602003_4_4000","elitechess":"2001_10_19#2002_10_69","backwardjumpdistance":"100","type":"1","roadfile":"efx_tansuoditu1_b","difficulty":"困难","bosschess":"3001_10_69","firstmemberpos":"900_20","name":"副本51","shadowpos":"1050_20","id":801051,"ggold":"1_5050","mapfile":"0","info":"0"},{"chapter":"6_4","ordinarychess":"1001_10_19#1002_10_19#1003_10_70","level":"56","originalname":"Section 1:The Start","gexp":"10000","gitem":"602001_2_2000#602002_3_4000#602003_4_4000","elitechess":"2001_10_19#2002_10_70","backwardjumpdistance":"100","type":"1","roadfile":"efx_tansuoditu1_b","difficulty":"普通","bosschess":"3001_10_70","firstmemberpos":"900_20","name":"副本52","shadowpos":"1050_20","id":801052,"ggold":"1_5051","mapfile":"0","info":"0"},{"chapter":"5_4","ordinarychess":"1001_10_19#1002_10_19#1003_10_71","level":"57","originalname":"Section 1:The Start","gexp":"10000","gitem":"602001_2_2000#602002_3_4000#602003_4_4000","elitechess":"2001_10_19#2002_10_71","backwardjumpdistance":"100","type":"1","roadfile":"efx_tansuoditu1_b","difficulty":"困难","bosschess":"3001_10_71","firstmemberpos":"900_20","name":"副本53","shadowpos":"1050_20","id":801053,"ggold":"1_5052","mapfile":"0","info":"0"},{"chapter":"6_5","ordinarychess":"1001_10_19#1002_10_19#1003_10_72","level":"58","originalname":"Section 1:The Start","gexp":"10000","gitem":"602001_2_2000#602002_3_4000#602003_4_4000","elitechess":"2001_10_19#2002_10_72","backwardjumpdistance":"100","type":"1","roadfile":"efx_tansuoditu1_b","difficulty":"普通","bosschess":"3001_10_72","firstmemberpos":"900_20","name":"副本54","shadowpos":"1050_20","id":801054,"ggold":"1_5053","mapfile":"0","info":"0"},{"chapter":"5_5","ordinarychess":"1001_10_19#1002_10_19#1003_10_73","level":"59","originalname":"Section 1:The Start","gexp":"10000","gitem":"602001_2_2000#602002_3_4000#602003_4_4000","elitechess":"2001_10_19#2002_10_73","backwardjumpdistance":"100","type":"1","roadfile":"efx_tansuoditu1_b","difficulty":"困难","bosschess":"3001_10_73","firstmemberpos":"900_20","name":"副本55","shadowpos":"1050_20","id":801055,"ggold":"1_5054","mapfile":"0","info":"0"},{"chapter":"终","ordinarychess":"1001_10_19#1002_10_19#1003_10_74","level":"60","originalname":"Section 1:The Start","gexp":"10000","gitem":"602001_2_2000#602002_3_4000#602003_4_4000","elitechess":"2001_10_19#2002_10_74","backwardjumpdistance":"100","type":"1","roadfile":"efx_tansuoditu1_b","difficulty":"普通","bosschess":"3001_10_74","firstmemberpos":"900_20","name":"副本56","shadowpos":"1050_20","id":801056,"ggold":"1_5055","mapfile":"0","info":"0"},{"chapter":"6_1","ordinarychess":"1001_10_19#1002_10_19#1003_10_75","level":"60","originalname":"Section 1:The Start","gexp":"10000","gitem":"602001_2_2000#602002_3_4000#602003_4_4000","elitechess":"2001_10_19#2002_10_75","backwardjumpdistance":"100","type":"1","roadfile":"efx_tansuoditu1_b","difficulty":"困难","bosschess":"3001_10_75","firstmemberpos":"900_20","name":"副本57","shadowpos":"1050_20","id":801057,"ggold":"1_5056","mapfile":"0","info":"0"},{"chapter":"6_2","ordinarychess":"1001_10_19#1002_10_19#1003_10_76","level":"60","originalname":"Section 1:The Start","gexp":"10000","gitem":"602001_2_2000#602002_3_4000#602003_4_4000","elitechess":"2001_10_19#2002_10_76","backwardjumpdistance":"100","type":"1","roadfile":"efx_tansuoditu1_b","difficulty":"困难","bosschess":"3001_10_76","firstmemberpos":"900_20","name":"副本58","shadowpos":"1050_20","id":801058,"ggold":"1_5057","mapfile":"0","info":"0"},{"chapter":"6_3","ordinarychess":"1001_10_19#1002_10_19#1003_10_77","level":"60","originalname":"Section 1:The Start","gexp":"10000","gitem":"602001_2_2000#602002_3_4000#602003_4_4000","elitechess":"2001_10_19#2002_10_77","backwardjumpdistance":"100","type":"1","roadfile":"efx_tansuoditu1_b","difficulty":"困难","bosschess":"3001_10_77","firstmemberpos":"900_20","name":"副本59","shadowpos":"1050_20","id":801059,"ggold":"1_5058","mapfile":"0","info":"0"},{"chapter":"6_4","ordinarychess":"1001_10_19#1002_10_19#1003_10_78","level":"60","originalname":"Section 1:The Start","gexp":"10000","gitem":"602001_2_2000#602002_3_4000#602003_4_4000","elitechess":"2001_10_19#2002_10_78","backwardjumpdistance":"100","type":"1","roadfile":"efx_tansuoditu1_b","difficulty":"困难","bosschess":"3001_10_78","firstmemberpos":"900_20","name":"副本60","shadowpos":"1050_20","id":801060,"ggold":"1_5059","mapfile":"0","info":"0"},{"chapter":"6_5","ordinarychess":"1001_10_19#1002_10_19#1003_10_79","level":"60","originalname":"Section 1:The Start","gexp":"10000","gitem":"602001_2_2000#602002_3_4000#602003_4_4000","elitechess":"2001_10_19#2002_10_79","backwardjumpdistance":"100","type":"1","roadfile":"efx_tansuoditu1_b","difficulty":"困难","bosschess":"3001_10_79","firstmemberpos":"900_20","name":"副本61","shadowpos":"1050_20","id":801061,"ggold":"1_5060","mapfile":"0","info":"0"},{"chapter":"1_6","ordinarychess":"1001_10_19#1002_10_19#1003_10_80","level":"65.475","originalname":"Section 1:The Start","gexp":"10000","gitem":"602001_2_2000#602002_3_4000#602003_4_4000","elitechess":"2001_10_19#2002_10_80","backwardjumpdistance":"100","type":"1","roadfile":"efx_tansuoditu1_b","difficulty":"普通","bosschess":"3001_10_80","firstmemberpos":"900_20","name":"副本62","shadowpos":"1050_20","id":801062,"ggold":"1_5061","mapfile":"0","info":"0"}]