[{"looptype":"音乐循环类型","filename":"音乐文件名称","loop":"音乐是否循环","loopnum":"音乐循环次数","id":"-10045","info":"音乐描述"},{"looptype":"0","filename":"logoin_bgm","loop":"1","loopnum":"0","id":"BGM1001","info":"登陆界面音乐"},{"looptype":"0","filename":"mine_bgm","loop":"1","loopnum":"0","id":"BGM1002","info":"主界面音乐"},{"looptype":"0","filename":"word_map_bgm","loop":"1","loopnum":"0","id":"BGM1003","info":"世界地图音乐"},{"looptype":"0","filename":"map1_bgm","loop":"1","loopnum":"0","id":"BGM1004","info":"探索地图音乐"},{"looptype":"0","filename":"bt_bgm","loop":"1","loopnum":"0","id":"BGM1005","info":"战斗音乐"},{"looptype":"0","filename":"bt_win_bgm","loop":"0","loopnum":"0","id":"BGM1006","info":"战斗胜利"},{"looptype":"0","filename":"bt_lose_bgm","loop":"0","loopnum":"0","id":"BGM1007","info":"战斗失败"},{"looptype":"0","filename":"player_levelup","loop":"0","loopnum":"0","id":"BGM1008","info":"账号升级"},{"looptype":"0","filename":"shop_bgm","loop":"1","loopnum":"0","id":"BGM1009","info":"商店背景音乐"},{"looptype":"0","filename":"story_start","loop":"0","loopnum":"0","id":"BGM1010","info":"副本开始"},{"looptype":"0","filename":"story_end","loop":"0","loopnum":"0","id":"BGM1011","info":"副本胜利"},{"looptype":"0","filename":"user_bgm","loop":"1","loopnum":"0","id":"BGM1012","info":"除商店外功能界面bgm"},{"looptype":"0","filename":"bar_lop","loop":"1","loopnum":"0","id":"BGM1013","info":"商店酒馆循环播放"},{"looptype":"0","filename":"map1_lop","loop":"1","loopnum":"0","id":"BGM1014","info":"副本-自然环境音"},{"looptype":"0","filename":"wind_lop","loop":"1","loopnum":"0","id":"BGM1015","info":"主界面-自然环境音虫鸣风"},{"looptype":"0","filename":"into_shopNPC","loop":"0","loopnum":"0","id":"BGM1016","info":"进入_商店（人声）"}]