[{"effectvalue":"2_10","allbattleunique":"0","effectnpc":"0","icon":"buff_401001.png","smallicon":"buff_405002.png","addorcut":"0","musiceffect":"0","canrepeate":"0","canclear":"0","firsteffect":"-1","hasinspireeffect":"0","id":401001,"keepmusic":"0","info":"物理攻击力增加10%","effecttype":"101","everyjumptime":"-1","jumpnum":"-1","otherbuff":"0","canadd":"1","maxlayer":"1","target":"0","condition":"0","effectid":"64_0#0","efectuplevel":"","hpbaricon":"0","canreplace":"0","name":"物理攻击力增加","inspireeffectid":"0","effectmusic":"BUFF0001","keeptime":"0"},{"effectvalue":"2_-10","allbattleunique":"0","effectnpc":"0","icon":"buff_401002.png","smallicon":"buff_405002.png","addorcut":"1","musiceffect":"0","canrepeate":"0","canclear":"0","firsteffect":"-1","hasinspireeffect":"0","id":401002,"keepmusic":"0","info":"物理攻击力降低10%","effecttype":"101","everyjumptime":"-1","jumpnum":"-1","otherbuff":"0","canadd":"1","maxlayer":"1","target":"0","condition":"0","effectid":"65_0#0","efectuplevel":"","hpbaricon":"0","canreplace":"0","name":"物理攻击力降低","inspireeffectid":"0","effectmusic":"BUFF0002","keeptime":"0"},{"effectvalue":"2_10","allbattleunique":"0","effectnpc":"0","icon":"buff_401003.png","smallicon":"buff_405002.png","addorcut":"0","musiceffect":"0","canrepeate":"0","canclear":"0","firsteffect":"-1","hasinspireeffect":"0","id":401003,"keepmusic":"0","info":"物理防御力增加10%","effecttype":"102","everyjumptime":"-1","jumpnum":"-1","otherbuff":"0","canadd":"1","maxlayer":"1","target":"0","condition":"0","effectid":"72_0#0","efectuplevel":"","hpbaricon":"0","canreplace":"0","name":"物理防御力增加","inspireeffectid":"0","effectmusic":"BUFF0001","keeptime":"0"},{"effectvalue":"2_-10","allbattleunique":"0","effectnpc":"0","icon":"buff_401004.png","smallicon":"buff_405002.png","addorcut":"1","musiceffect":"0","canrepeate":"0","canclear":"0","firsteffect":"-1","hasinspireeffect":"0","id":401004,"keepmusic":"0","info":"物理防御力降低10%","effecttype":"102","everyjumptime":"-1","jumpnum":"-1","otherbuff":"0","canadd":"1","maxlayer":"1","target":"0","condition":"0","effectid":"73_0#0","efectuplevel":"","hpbaricon":"0","canreplace":"0","name":"物理防御力降低","inspireeffectid":"0","effectmusic":"BUFF0002","keeptime":"0"},{"effectvalue":"2_10","allbattleunique":"0","effectnpc":"0","icon":"buff_401005.png","smallicon":"buff_405002.png","addorcut":"0","musiceffect":"0","canrepeate":"0","canclear":"0","firsteffect":"-1","hasinspireeffect":"0","id":401005,"keepmusic":"0","info":"魔法攻击力增加10%","effecttype":"103","everyjumptime":"-1","jumpnum":"-1","otherbuff":"0","canadd":"1","maxlayer":"1","target":"0","condition":"0","effectid":"66_0#0","efectuplevel":"","hpbaricon":"0","canreplace":"0","name":"魔法攻击力增加","inspireeffectid":"0","effectmusic":"BUFF0001","keeptime":"0"},{"effectvalue":"2_10","allbattleunique":"0","effectnpc":"0","icon":"buff_401006.png","smallicon":"buff_405002.png","addorcut":"0","musiceffect":"0","canrepeate":"0","canclear":"0","firsteffect":"-1","hasinspireeffect":"0","id":401006,"keepmusic":"0","info":"魔法防御力增加10%","effecttype":"104","everyjumptime":"-1","jumpnum":"-1","otherbuff":"0","canadd":"1","maxlayer":"1","target":"0","condition":"0","effectid":"74_0#0","efectuplevel":"","hpbaricon":"0","canreplace":"0","name":"魔法防御力增加","inspireeffectid":"0","effectmusic":"BUFF0001","keeptime":"0"},{"effectvalue":"2_-10","allbattleunique":"0","effectnpc":"0","icon":"buff_401007.png","smallicon":"buff_405002.png","addorcut":"1","musiceffect":"0","canrepeate":"0","canclear":"0","firsteffect":"-1","hasinspireeffect":"0","id":401007,"keepmusic":"0","info":"魔法攻击力降低10%","effecttype":"103","everyjumptime":"-1","jumpnum":"-1","otherbuff":"0","canadd":"1","maxlayer":"1","target":"0","condition":"0","effectid":"67_0#0","efectuplevel":"","hpbaricon":"0","canreplace":"0","name":"魔法攻击力降低","inspireeffectid":"0","effectmusic":"BUFF0002","keeptime":"0"},{"effectvalue":"2_-10","allbattleunique":"0","effectnpc":"0","icon":"buff_401008.png","smallicon":"buff_405002.png","addorcut":"1","musiceffect":"0","canrepeate":"0","canclear":"0","firsteffect":"-1","hasinspireeffect":"0","id":401008,"keepmusic":"0","info":"魔法防御力降低10%","effecttype":"104","everyjumptime":"-1","jumpnum":"-1","otherbuff":"0","canadd":"1","maxlayer":"1","target":"0","condition":"0","effectid":"75_0#0","efectuplevel":"","hpbaricon":"0","canreplace":"0","name":"魔法防御力降低","inspireeffectid":"0","effectmusic":"BUFF0002","keeptime":"1"},{"effectvalue":"2_10","allbattleunique":"0","effectnpc":"0","icon":"buff_401009.png","smallicon":"buff_405002.png","addorcut":"0","musiceffect":"0","canrepeate":"0","canclear":"0","firsteffect":"-1","hasinspireeffect":"0","id":401009,"keepmusic":"0","info":"对生命大于70%的目标造成10%额外伤害","effecttype":"201","everyjumptime":"-1","jumpnum":"-1","otherbuff":"0","canadd":"1","maxlayer":"1","target":"0","condition":"16","effectid":"0","efectuplevel":"","hpbaricon":"0","canreplace":"0","name":"增伤","inspireeffectid":"0","effectmusic":"BUFF0001","keeptime":"0"},{"effectvalue":"2_15","allbattleunique":"0","effectnpc":"0","icon":"buff_401010.png","smallicon":"buff_405002.png","addorcut":"0","musiceffect":"0","canrepeate":"0","canclear":"0","firsteffect":"-1","hasinspireeffect":"0","id":401010,"keepmusic":"0","info":"物理攻击力增加15%，持续1回合，无限叠加","effecttype":"101","everyjumptime":"-1","jumpnum":"-1","otherbuff":"0","canadd":"1","maxlayer":"99","target":"0","condition":"11","effectid":"0","efectuplevel":"","hpbaricon":"0","canreplace":"0","name":"物理攻击力击杀叠加","inspireeffectid":"0","effectmusic":"BUFF0001","keeptime":"1"},{"effectvalue":"2_15","allbattleunique":"0","effectnpc":"0","icon":"buff_401011.png","smallicon":"buff_405002.png","addorcut":"0","musiceffect":"0","canrepeate":"0","canclear":"0","firsteffect":"-1","hasinspireeffect":"0","id":401011,"keepmusic":"0","info":"行动量增加15%","effecttype":"111","everyjumptime":"-1","jumpnum":"-1","otherbuff":"0","canadd":"1","maxlayer":"1","target":"0","condition":"0","effectid":"76_0#0","efectuplevel":"","hpbaricon":"0","canreplace":"0","name":"行动量增加","inspireeffectid":"0","effectmusic":"BUFF0001","keeptime":"0"},{"effectvalue":"2_-15","allbattleunique":"0","effectnpc":"0","icon":"buff_401012.png","smallicon":"buff_405002.png","addorcut":"0","musiceffect":"0","canrepeate":"0","canclear":"0","firsteffect":"-1","hasinspireeffect":"0","id":401012,"keepmusic":"0","info":"移动时行动量消耗减少15%","effecttype":"113","everyjumptime":"-1","jumpnum":"-1","otherbuff":"0","canadd":"1","maxlayer":"1","target":"0","condition":"0","effectid":"0","efectuplevel":"","hpbaricon":"0","canreplace":"0","name":"移动消耗减少","inspireeffectid":"0","effectmusic":"BUFF0001","keeptime":"0"},{"effectvalue":"2_15","allbattleunique":"0","effectnpc":"0","icon":"buff_401013.png","smallicon":"buff_405002.png","addorcut":"1","musiceffect":"0","canrepeate":"0","canclear":"0","firsteffect":"-1","hasinspireeffect":"0","id":401013,"keepmusic":"0","info":"移动时行动量消耗增加15%","effecttype":"113","everyjumptime":"-1","jumpnum":"-1","otherbuff":"0","canadd":"1","maxlayer":"1","target":"0","condition":"0","effectid":"0","efectuplevel":"","hpbaricon":"0","canreplace":"0","name":"移动消耗增加","inspireeffectid":"0","effectmusic":"BUFF0002","keeptime":"0"},{"effectvalue":"2_15","allbattleunique":"0","effectnpc":"0","icon":"buff_401014.png","smallicon":"buff_405002.png","addorcut":"0","musiceffect":"0","canrepeate":"1","canclear":"0","firsteffect":"-1","hasinspireeffect":"0","id":401014,"keepmusic":"0","info":"速度增加15%，持续2回合","effecttype":"105","everyjumptime":"-1","jumpnum":"-1","otherbuff":"0","canadd":"1","maxlayer":"1","target":"0","condition":"0","effectid":"0","efectuplevel":"","hpbaricon":"0","canreplace":"0","name":"加速2回合","inspireeffectid":"0","effectmusic":"BUFF0001","keeptime":"2"},{"effectvalue":"2_10","allbattleunique":"0","effectnpc":"0","icon":"buff_401015.png","smallicon":"buff_405002.png","addorcut":"0","musiceffect":"0","canrepeate":"0","canclear":"0","firsteffect":"-1","hasinspireeffect":"0","id":401015,"keepmusic":"0","info":"速度增加10%","effecttype":"105","everyjumptime":"-1","jumpnum":"-1","otherbuff":"0","canadd":"1","maxlayer":"1","target":"0","condition":"0","effectid":"78_0#0","efectuplevel":"","hpbaricon":"0","canreplace":"0","name":"加速","inspireeffectid":"0","effectmusic":"BUFF0001","keeptime":"0"},{"effectvalue":"2_15","allbattleunique":"0","effectnpc":"0","icon":"buff_401016.png","smallicon":"buff_405002.png","addorcut":"0","musiceffect":"0","canrepeate":"0","canclear":"0","firsteffect":"-1","hasinspireeffect":"0","id":401016,"keepmusic":"0","info":"暴击时行动量增加15%","effecttype":"112","everyjumptime":"-1","jumpnum":"-1","otherbuff":"0","canadd":"0","maxlayer":"1","target":"0","condition":"13","effectid":"0","efectuplevel":"","hpbaricon":"0","canreplace":"0","name":"暴击恢复行动量","inspireeffectid":"0","effectmusic":"BUFF0001","keeptime":"0"},{"effectvalue":"2_5","allbattleunique":"0","effectnpc":"0","icon":"buff_401017.png","smallicon":"buff_405002.png","addorcut":"0","musiceffect":"0","canrepeate":"0","canclear":"0","firsteffect":"-1","hasinspireeffect":"0","id":401017,"keepmusic":"0","info":"暴击率增加5%","effecttype":"106","everyjumptime":"-1","jumpnum":"-1","otherbuff":"0","canadd":"1","maxlayer":"1","target":"0","condition":"0","effectid":"70_0#0","efectuplevel":"","hpbaricon":"0","canreplace":"0","name":"暴击率增加","inspireeffectid":"0","effectmusic":"BUFF0001","keeptime":"0"},{"effectvalue":"2_15","allbattleunique":"0","effectnpc":"0","icon":"buff_401018.png","smallicon":"buff_405002.png","addorcut":"0","musiceffect":"0","canrepeate":"0","canclear":"0","firsteffect":"-1","hasinspireeffect":"0","id":401018,"keepmusic":"0","info":"暴击伤害增加15%","effecttype":"107","everyjumptime":"-1","jumpnum":"-1","otherbuff":"0","canadd":"1","maxlayer":"1","target":"0","condition":"0","effectid":"68_0#0","efectuplevel":"","hpbaricon":"0","canreplace":"0","name":"暴击伤害增加","inspireeffectid":"0","effectmusic":"BUFF0001","keeptime":"0"},{"effectvalue":"1_1","allbattleunique":"0","effectnpc":"0","icon":"buff_401019.png","smallicon":"buff_405002.png","addorcut":"0","musiceffect":"0","canrepeate":"0","canclear":"0","firsteffect":"-1","hasinspireeffect":"0","id":401019,"keepmusic":"0","info":"目标增益类效果时间延长1回合","effecttype":"307","everyjumptime":"-1","jumpnum":"-1","otherbuff":"0","canadd":"0","maxlayer":"1","target":"0","condition":"0","effectid":"0","efectuplevel":"","hpbaricon":"0","canreplace":"0","name":"增益延长","inspireeffectid":"0","effectmusic":"BUFF0001","keeptime":"0"},{"effectvalue":"1_1","allbattleunique":"0","effectnpc":"0","icon":"buff_401020.png","smallicon":"buff_405002.png","addorcut":"1","musiceffect":"0","canrepeate":"0","canclear":"0","firsteffect":"-1","hasinspireeffect":"0","id":401020,"keepmusic":"0","info":"目标减益类效果时间延长1回合","effecttype":"308","everyjumptime":"-1","jumpnum":"-1","otherbuff":"0","canadd":"0","maxlayer":"1","target":"0","condition":"0","effectid":"0","efectuplevel":"","hpbaricon":"0","canreplace":"0","name":"减益延长","inspireeffectid":"0","effectmusic":"BUFF0002","keeptime":"0"},{"effectvalue":"2_-5","allbattleunique":"0","effectnpc":"0","icon":"buff_401021.png","smallicon":"buff_405002.png","addorcut":"1","musiceffect":"0","canrepeate":"0","canclear":"0","firsteffect":"-1","hasinspireeffect":"0","id":401021,"keepmusic":"0","info":"暴击率降低5%","effecttype":"106","everyjumptime":"-1","jumpnum":"-1","otherbuff":"0","canadd":"1","maxlayer":"1","target":"0","condition":"0","effectid":"75_0#0","efectuplevel":"","hpbaricon":"0","canreplace":"0","name":"暴击率降低","inspireeffectid":"0","effectmusic":"BUFF0002","keeptime":"0"},{"effectvalue":"2_5","allbattleunique":"0","effectnpc":"0","icon":"buff_402006.png","smallicon":"buff_405002.png","addorcut":"0","musiceffect":"0","canrepeate":"0","canclear":"0","firsteffect":"1","hasinspireeffect":"0","id":401022,"keepmusic":"0","info":"每回合魔法攻击力增加5%","effecttype":"103","everyjumptime":"-1","jumpnum":"-1","otherbuff":"0","canadd":"0","maxlayer":"99","target":"0","condition":"3","effectid":"0","efectuplevel":"","hpbaricon":"0","canreplace":"0","name":"魔法攻击力叠加","inspireeffectid":"0","effectmusic":"BUFF0001","keeptime":"0"},{"effectvalue":"2_10","allbattleunique":"0","effectnpc":"0","icon":"buff_402001.png","smallicon":"buff_405002.png","addorcut":"0","musiceffect":"HP000001","canrepeate":"0","canclear":"0","firsteffect":"-1","hasinspireeffect":"0","id":402001,"keepmusic":"0","info":"每回合自动恢复10%生命","effecttype":"109","everyjumptime":"-1","jumpnum":"-1","otherbuff":"0","canadd":"1","maxlayer":"1","target":"0","condition":"2","effectid":"0_0#85_86_87","efectuplevel":"","hpbaricon":"0","canreplace":"0","name":"自动回血","inspireeffectid":"0","effectmusic":"BUFF0001","keeptime":"0"},{"effectvalue":"2_10","allbattleunique":"0","effectnpc":"0","icon":"buff_402002.png","smallicon":"buff_405002.png","addorcut":"0","musiceffect":"HP000001","canrepeate":"0","canclear":"0","firsteffect":"-1","hasinspireeffect":"0","id":402002,"keepmusic":"0","info":"每回合结束时对生命值最低的己方目标恢复10%生命","effecttype":"109","everyjumptime":"-1","jumpnum":"-1","otherbuff":"0","canadd":"0","maxlayer":"1","target":"6","condition":"3","effectid":"0","efectuplevel":"","hpbaricon":"0","canreplace":"0","name":"对目标加血","inspireeffectid":"0","effectmusic":"BUFF0001","keeptime":"0"},{"effectvalue":"2_30","allbattleunique":"0","effectnpc":"0","icon":"buff_402003.png","smallicon":"buff_405002.png","addorcut":"0","musiceffect":"0","canrepeate":"0","canclear":"0","firsteffect":"-1","hasinspireeffect":"0","id":402003,"keepmusic":"0","info":"治疗效果增加30%","effecttype":"110","everyjumptime":"-1","jumpnum":"-1","otherbuff":"0","canadd":"1","maxlayer":"1","target":"0","condition":"9","effectid":"80_0#0","efectuplevel":"","hpbaricon":"0","canreplace":"0","name":"治疗效果增加","inspireeffectid":"0","effectmusic":"BUFF0001","keeptime":"0"},{"effectvalue":"2_-30","allbattleunique":"0","effectnpc":"0","icon":"buff_402004.png","smallicon":"buff_405002.png","addorcut":"1","musiceffect":"0","canrepeate":"0","canclear":"0","firsteffect":"-1","hasinspireeffect":"0","id":402004,"keepmusic":"0","info":"治疗效果降低30%","effecttype":"110","everyjumptime":"-1","jumpnum":"-1","otherbuff":"0","canadd":"0","maxlayer":"1","target":"0","condition":"9","effectid":"81_0#0","efectuplevel":"","hpbaricon":"0","canreplace":"0","name":"治疗量降低","inspireeffectid":"0","effectmusic":"BUFF0002","keeptime":"0"},{"effectvalue":"2_10","allbattleunique":"0","effectnpc":"0","icon":"buff_402005.png","smallicon":"buff_405002.png","addorcut":"0","musiceffect":"HP000001","canrepeate":"0","canclear":"0","firsteffect":"1","hasinspireeffect":"0","id":402005,"keepmusic":"0","info":"防御状态下被攻击后恢复10%生命","effecttype":"109","everyjumptime":"-1","jumpnum":"-1","otherbuff":"0","canadd":"0","maxlayer":"1","target":"0","condition":"14","effectid":"0","efectuplevel":"","hpbaricon":"0","canreplace":"0","name":"防御挨打回血","inspireeffectid":"0","effectmusic":"0","keeptime":"0"},{"effectvalue":"2_30","allbattleunique":"0","effectnpc":"0","icon":"buff_403001.png","smallicon":"buff_405002.png","addorcut":"0","musiceffect":"0","canrepeate":"0","canclear":"0","firsteffect":"-1","hasinspireeffect":"0","id":403001,"keepmusic":"0","info":"攻击30%几率触发燃烧buff","effecttype":"301","everyjumptime":"-1","jumpnum":"-1","otherbuff":"404002","canadd":"0","maxlayer":"1","target":"0","condition":"1","effectid":"0","efectuplevel":"","hpbaricon":"0","canreplace":"0","name":"攻击触发燃烧","inspireeffectid":"0","effectmusic":"0","keeptime":"0"},{"effectvalue":"2_30","allbattleunique":"0","effectnpc":"0","icon":"buff_403002.png","smallicon":"buff_405002.png","addorcut":"0","musiceffect":"0","canrepeate":"0","canclear":"0","firsteffect":"-1","hasinspireeffect":"0","id":403002,"keepmusic":"0","info":"攻击30%几率触发寄生buff","effecttype":"303","everyjumptime":"-1","jumpnum":"-1","otherbuff":"404003","canadd":"0","maxlayer":"1","target":"0","condition":"1","effectid":"0","efectuplevel":"","hpbaricon":"0","canreplace":"0","name":"攻击触发寄生","inspireeffectid":"0","effectmusic":"0","keeptime":"0"},{"effectvalue":"2_30","allbattleunique":"0","effectnpc":"0","icon":"buff_403003.png","smallicon":"buff_405002.png","addorcut":"0","musiceffect":"0","canrepeate":"0","canclear":"0","firsteffect":"-1","hasinspireeffect":"0","id":403003,"keepmusic":"0","info":"攻击30%几率触发中毒buff","effecttype":"305","everyjumptime":"-1","jumpnum":"-1","otherbuff":"404006","canadd":"0","maxlayer":"1","target":"0","condition":"1","effectid":"0","efectuplevel":"","hpbaricon":"0","canreplace":"0","name":"攻击触发中毒","inspireeffectid":"0","effectmusic":"0","keeptime":"0"},{"effectvalue":"2_30","allbattleunique":"0","effectnpc":"0","icon":"buff_403004.png","smallicon":"buff_405002.png","addorcut":"0","musiceffect":"0","canrepeate":"0","canclear":"0","firsteffect":"-1","hasinspireeffect":"0","id":403004,"keepmusic":"0","info":"攻击30%几率触发冰寒buff","effecttype":"304","everyjumptime":"-1","jumpnum":"-1","otherbuff":"404007","canadd":"0","maxlayer":"1","target":"0","condition":"1","effectid":"0","efectuplevel":"","hpbaricon":"0","canreplace":"0","name":"攻击触发冰寒","inspireeffectid":"0","effectmusic":"0","keeptime":"0"},{"effectvalue":"2_30","allbattleunique":"0","effectnpc":"0","icon":"0","smallicon":"buff_405002.png","addorcut":"0","musiceffect":"0","canrepeate":"0","canclear":"0","firsteffect":"-1","hasinspireeffect":"0","id":403005,"keepmusic":"0","info":"攻击30%几率触发眩晕buff","effecttype":"218","everyjumptime":"-1","jumpnum":"-1","otherbuff":"400035","canadd":"0","maxlayer":"1","target":"0","condition":"1","effectid":"0","efectuplevel":"","hpbaricon":"0","canreplace":"0","name":"攻击触发眩晕","inspireeffectid":"0","effectmusic":"0","keeptime":"0"},{"effectvalue":"0","allbattleunique":"0","effectnpc":"0","icon":"buff_403006.png","smallicon":"buff_405002.png","addorcut":"0","musiceffect":"0","canrepeate":"0","canclear":"0","firsteffect":"-1","hasinspireeffect":"0","id":403006,"keepmusic":"0","info":"击杀敌方目标后，速度增加","effecttype":"319","everyjumptime":"-1","jumpnum":"-1","otherbuff":"401014","canadd":"0","maxlayer":"1","target":"0","condition":"11","effectid":"0","efectuplevel":"","hpbaricon":"0","canreplace":"0","name":"击杀触发加速","inspireeffectid":"0","effectmusic":"0","keeptime":"0"},{"effectvalue":"0","allbattleunique":"0","effectnpc":"0","icon":"buff_403007.png","smallicon":"buff_405002.png","addorcut":"0","musiceffect":"0","canrepeate":"0","canclear":"0","firsteffect":"-1","hasinspireeffect":"0","id":403007,"keepmusic":"0","info":"击杀敌方目标后，物理攻击增加","effecttype":"319","everyjumptime":"-1","jumpnum":"-1","otherbuff":"401010","canadd":"0","maxlayer":"1","target":"0","condition":"11","effectid":"0","efectuplevel":"","hpbaricon":"0","canreplace":"0","name":"击杀触发加攻","inspireeffectid":"0","effectmusic":"0","keeptime":"0"},{"effectvalue":"2_30","allbattleunique":"0","effectnpc":"0","icon":"0","smallicon":"buff_405002.png","addorcut":"0","musiceffect":"0","canrepeate":"0","canclear":"0","firsteffect":"-1","hasinspireeffect":"0","id":403008,"keepmusic":"0","info":"攻击30%几率触发吸血20%效果","effecttype":"306","everyjumptime":"-1","jumpnum":"-1","otherbuff":"0","canadd":"0","maxlayer":"1","target":"0","condition":"1","effectid":"0","efectuplevel":"","hpbaricon":"0","canreplace":"0","name":"攻击触发吸血","inspireeffectid":"0","effectmusic":"0","keeptime":"0"},{"effectvalue":"0","allbattleunique":"0","effectnpc":"0","icon":"buff_404001.png","smallicon":"buff_405002.png","addorcut":"1","musiceffect":"0","canrepeate":"1","canclear":"0","firsteffect":"-1","hasinspireeffect":"0","id":404001,"keepmusic":"0","info":"无法移动，无法攻击，持续1回合","effecttype":"313","everyjumptime":"-1","jumpnum":"-1","otherbuff":"0","canadd":"0","maxlayer":"1","target":"0","condition":"0","effectid":"82_0#0","efectuplevel":"","hpbaricon":"0","canreplace":"0","name":"眩晕","inspireeffectid":"0","effectmusic":"BUFF0002","keeptime":"1"},{"effectvalue":"2_-5","allbattleunique":"0","effectnpc":"1","icon":"buff_404002.png","smallicon":"buff_405002.png","addorcut":"1","musiceffect":"0","canrepeate":"1","canclear":"1","firsteffect":"1","hasinspireeffect":"0","id":404002,"keepmusic":"0","info":"每回合减少目标生命上限5%，持续3回合，叠加1层","effecttype":"109","everyjumptime":"0","jumpnum":"3","otherbuff":"0","canadd":"0","maxlayer":"1","target":"0","condition":"2","effectid":"0","efectuplevel":"","hpbaricon":"0","canreplace":"1","name":"燃烧","inspireeffectid":"0","effectmusic":"BUFF0002","keeptime":"-1"},{"effectvalue":"2_15","allbattleunique":"0","effectnpc":"0","icon":"buff_404003.png","smallicon":"buff_405002.png","addorcut":"1","musiceffect":"0","canrepeate":"0","canclear":"1","firsteffect":"-1","hasinspireeffect":"0","id":404003,"keepmusic":"0","info":"攻击时，增加行动量消耗15%，持续3回合","effecttype":"114","everyjumptime":"-1","jumpnum":"-1","otherbuff":"0","canadd":"0","maxlayer":"1","target":"0","condition":"1","effectid":"0","efectuplevel":"","hpbaricon":"0","canreplace":"0","name":"寄生","inspireeffectid":"0","effectmusic":"BUFF0002","keeptime":"3"},{"effectvalue":"2_10","allbattleunique":"0","effectnpc":"0","icon":"buff_404004.png","smallicon":"buff_405002.png","addorcut":"0","musiceffect":"0","canrepeate":"0","canclear":"1","firsteffect":"1","hasinspireeffect":"0","id":404004,"keepmusic":"0","info":"目标每回合回复生命值10%，持续2回合","effecttype":"109","everyjumptime":"0","jumpnum":"2","otherbuff":"0","canadd":"1","maxlayer":"1","target":"0","condition":"2","effectid":"14_0#15","efectuplevel":"","hpbaricon":"0","canreplace":"0","name":"回春","inspireeffectid":"0","effectmusic":"BUFF0001","keeptime":"-1"},{"effectvalue":"2_10","allbattleunique":"1","effectnpc":"0","icon":"buff_404005.png","smallicon":"buff_405002.png","addorcut":"1","musiceffect":"0","canrepeate":"0","canclear":"1","firsteffect":"-1","hasinspireeffect":"0","id":404005,"keepmusic":"0","info":"受到的所有伤害增加10%","effecttype":"206","everyjumptime":"-1","jumpnum":"-1","otherbuff":"0","canadd":"0","maxlayer":"1","target":"0","condition":"0","effectid":"0_13#0","efectuplevel":"","hpbaricon":"0","canreplace":"0","name":"标记","inspireeffectid":"0","effectmusic":"BUFF0002","keeptime":"0"},{"effectvalue":"2_-3","allbattleunique":"0","effectnpc":"0","icon":"buff_404006.png","smallicon":"buff_405002.png","addorcut":"1","musiceffect":"0","canrepeate":"1","canclear":"1","firsteffect":"1","hasinspireeffect":"0","id":404006,"keepmusic":"0","info":"每回合减少目标生命上限3%，持续3回合，叠加3层","effecttype":"109","everyjumptime":"0","jumpnum":"3","otherbuff":"0","canadd":"0","maxlayer":"3","target":"0","condition":"2","effectid":"0","efectuplevel":"","hpbaricon":"0","canreplace":"1","name":"中毒","inspireeffectid":"0","effectmusic":"BUFF0002","keeptime":"-1"},{"effectvalue":"2_-15","allbattleunique":"0","effectnpc":"0","icon":"buff_404007.png","smallicon":"buff_405002.png","addorcut":"1","musiceffect":"0","canrepeate":"1","canclear":"1","firsteffect":"-1","hasinspireeffect":"0","id":404007,"keepmusic":"0","info":"目标行动量上限减少15%，持续2回合","effecttype":"111","everyjumptime":"-1","jumpnum":"-1","otherbuff":"0","canadd":"0","maxlayer":"1","target":"0","condition":"0","effectid":"0","efectuplevel":"","hpbaricon":"0","canreplace":"1","name":"冰寒","inspireeffectid":"0","effectmusic":"BUFF0002","keeptime":"2"},{"effectvalue":"0","allbattleunique":"0","effectnpc":"0","icon":"buff_404008.png","smallicon":"buff_405002.png","addorcut":"1","musiceffect":"0","canrepeate":"1","canclear":"1","firsteffect":"-1","hasinspireeffect":"0","id":404008,"keepmusic":"0","info":"不能攻击，可以移动，持续2回合","effecttype":"311","everyjumptime":"-1","jumpnum":"-1","otherbuff":"0","canadd":"0","maxlayer":"1","target":"0","condition":"0","effectid":"0","efectuplevel":"","hpbaricon":"0","canreplace":"0","name":"沉默","inspireeffectid":"0","effectmusic":"BUFF0002","keeptime":"2"},{"effectvalue":"2_30","allbattleunique":"0","effectnpc":"0","icon":"buff_404009.png","smallicon":"buff_405002.png","addorcut":"1","musiceffect":"0","canrepeate":"1","canclear":"1","firsteffect":"-1","hasinspireeffect":"0","id":404009,"keepmusic":"0","info":"攻击30%几率为目标加血20%，持续2回合","effecttype":"306","everyjumptime":"-1","jumpnum":"-1","otherbuff":"0","canadd":"0","maxlayer":"1","target":"1","condition":"1","effectid":"0","efectuplevel":"","hpbaricon":"0","canreplace":"0","name":"节日","inspireeffectid":"0","effectmusic":"BUFF0002","keeptime":"2"},{"effectvalue":"2_-4","allbattleunique":"0","effectnpc":"0","icon":"buff_404010.png","smallicon":"buff_405002.png","addorcut":"1","musiceffect":"0","canrepeate":"1","canclear":"1","firsteffect":"1","hasinspireeffect":"0","id":404010,"keepmusic":"0","info":"每回合减少目标生命上限4%，持续3回合，叠加2层","effecttype":"109","everyjumptime":"0","jumpnum":"3","otherbuff":"0","canadd":"0","maxlayer":"2","target":"0","condition":"2","effectid":"0","efectuplevel":"","hpbaricon":"0","canreplace":"1","name":"流血","inspireeffectid":"0","effectmusic":"BUFF0002","keeptime":"-1"},{"effectvalue":"0","allbattleunique":"0","effectnpc":"0","icon":"buff_405001.png","smallicon":"buff_405002.png","addorcut":"0","musiceffect":"0","canrepeate":"0","canclear":"0","firsteffect":"-1","hasinspireeffect":"0","id":405001,"keepmusic":"0","info":"回合结束进入物理防御状态","effecttype":"314","everyjumptime":"-1","jumpnum":"-1","otherbuff":"0","canadd":"0","maxlayer":"1","target":"0","condition":"3","effectid":"0","efectuplevel":"","hpbaricon":"0","canreplace":"0","name":"自动防御","inspireeffectid":"0","effectmusic":"BUFF0001","keeptime":"0"},{"effectvalue":"2_-5","allbattleunique":"0","effectnpc":"0","icon":"buff_405002.png","smallicon":"buff_405002.png","addorcut":"0","musiceffect":"0","canrepeate":"0","canclear":"0","firsteffect":"-1","hasinspireeffect":"0","id":405002,"keepmusic":"0","info":"生命值降低5%，物理攻击增加1%","effecttype":"315","everyjumptime":"-1","jumpnum":"-1","otherbuff":"0","canadd":"0","maxlayer":"1","target":"0","condition":"0","effectid":"0_17#0","efectuplevel":"","hpbaricon":"0","canreplace":"0","name":"浴血","inspireeffectid":"0","effectmusic":"BUFF0001","keeptime":"0"},{"effectvalue":"0","allbattleunique":"0","effectnpc":"0","icon":"buff_405003.png","smallicon":"buff_405002.png","addorcut":"0","musiceffect":"0","canrepeate":"0","canclear":"0","firsteffect":"-1","hasinspireeffect":"0","id":405003,"keepmusic":"0","info":"回合结束时，自动标记一个敌方目标","effecttype":"318","everyjumptime":"-1","jumpnum":"-1","otherbuff":"404005","canadd":"0","maxlayer":"1","target":"7","condition":"3","effectid":"0","efectuplevel":"","hpbaricon":"0","canreplace":"0","name":"施加标记","inspireeffectid":"0","effectmusic":"BUFF0001","keeptime":"0"},{"effectvalue":"0","allbattleunique":"0","effectnpc":"0","icon":"buff_405004.png","smallicon":"buff_405002.png","addorcut":"0","musiceffect":"0","canrepeate":"0","canclear":"0","firsteffect":"-1","hasinspireeffect":"0","id":405004,"keepmusic":"0","info":"死亡时，对自身周围3*3范围内的敌方目标施加沉默buff","effecttype":"320","everyjumptime":"-1","jumpnum":"-1","otherbuff":"404008","canadd":"0","maxlayer":"1","target":"2","condition":"5","effectid":"0","efectuplevel":"","hpbaricon":"0","canreplace":"0","name":"死亡沉默","inspireeffectid":"0","effectmusic":"BUFF0001","keeptime":"0"},{"effectvalue":"2_100","allbattleunique":"0","effectnpc":"0","icon":"buff_405005.png","smallicon":"buff_405002.png","addorcut":"0","musiceffect":"0","canrepeate":"0","canclear":"0","firsteffect":"-1","hasinspireeffect":"0","id":405005,"keepmusic":"0","info":"解除自身全部减益效果","effecttype":"321","everyjumptime":"-1","jumpnum":"-1","otherbuff":"0","canadd":"0","maxlayer":"1","target":"0","condition":"2","effectid":"0","efectuplevel":"","hpbaricon":"0","canreplace":"0","name":"解除减益效果","inspireeffectid":"0","effectmusic":"BUFF0001","keeptime":"0"},{"effectvalue":"2_-30","allbattleunique":"0","effectnpc":"0","icon":"buff_405006.png","smallicon":"buff_405002.png","addorcut":"0","musiceffect":"0","canrepeate":"0","canclear":"0","firsteffect":"-1","hasinspireeffect":"0","id":405006,"keepmusic":"0","info":"吸收魔法伤害30%，持续2回合","effecttype":"208","everyjumptime":"-1","jumpnum":"-1","otherbuff":"0","canadd":"0","maxlayer":"1","target":"0","condition":"0","effectid":"0","efectuplevel":"","hpbaricon":"0","canreplace":"0","name":"魔法盾","inspireeffectid":"0","effectmusic":"BUFF0001","keeptime":"2"},{"effectvalue":"2_-30","allbattleunique":"0","effectnpc":"0","icon":"buff_405007.png","smallicon":"buff_405002.png","addorcut":"0","musiceffect":"0","canrepeate":"0","canclear":"0","firsteffect":"-1","hasinspireeffect":"0","id":405007,"keepmusic":"0","info":"吸收物理伤害30%，持续2回合","effecttype":"207","everyjumptime":"-1","jumpnum":"-1","otherbuff":"0","canadd":"0","maxlayer":"1","target":"0","condition":"0","effectid":"0","efectuplevel":"","hpbaricon":"0","canreplace":"0","name":"物理盾","inspireeffectid":"0","effectmusic":"BUFF0001","keeptime":"2"},{"effectvalue":"2_300","allbattleunique":"0","effectnpc":"0","icon":"buff_405008.png","smallicon":"buff_405002.png","addorcut":"0","musiceffect":"0","canrepeate":"0","canclear":"0","firsteffect":"-1","hasinspireeffect":"0","id":405008,"keepmusic":"0","info":"死亡时，对以自身周围3*3范围内敌方目标造成50%伤害，并触发流血效果","effecttype":"323","everyjumptime":"-1","jumpnum":"-1","otherbuff":"404010","canadd":"0","maxlayer":"1","target":"2","condition":"5","effectid":"0","efectuplevel":"","hpbaricon":"0","canreplace":"0","name":"自爆","inspireeffectid":"0","effectmusic":"BUFF0001","keeptime":"0"},{"effectvalue":"2_10","allbattleunique":"0","effectnpc":"0","icon":"buff_405009.png","smallicon":"buff_405002.png","addorcut":"0","musiceffect":"0","canrepeate":"0","canclear":"0","firsteffect":"-1","hasinspireeffect":"0","id":405009,"keepmusic":"0","info":"敌方目标携带减益buff时受到的伤害增加10%","effecttype":"201","everyjumptime":"-1","jumpnum":"-1","otherbuff":"0","canadd":"1","maxlayer":"1","target":"0","condition":"15","effectid":"0","efectuplevel":"","hpbaricon":"0","canreplace":"0","name":"减益增伤","inspireeffectid":"0","effectmusic":"BUFF0001","keeptime":"0"},{"effectvalue":"0","allbattleunique":"0","effectnpc":"0","icon":"0","smallicon":"buff_405002.png","addorcut":"1","musiceffect":"0","canrepeate":"0","canclear":"0","firsteffect":"-1","hasinspireeffect":"0","id":405010,"keepmusic":"0","info":"强迫目标攻击施法者","effecttype":"229","everyjumptime":"-1","jumpnum":"-1","otherbuff":"0","canadd":"0","maxlayer":"1","target":"0","condition":"0","effectid":"0","efectuplevel":"","hpbaricon":"0","canreplace":"0","name":"强迫攻击","inspireeffectid":"0","effectmusic":"BUFF0002","keeptime":"1"}]