[{"def":"29.12 ","boom":"2070.00 ","hp":"294.00 ","matk":"43.78 ","atk":"0.00 ","M_Def":"59.27 ","id":1,"boomhurt":"15000.00 ","movevalue":"79.90 ","movestome":"20.00 ","speed":"81.00 "},{"def":"37.00 ","boom":"2090.91 ","hp":"394.38 ","matk":"55.62 ","atk":"0.00 ","M_Def":"75.30 ","id":2,"boomhurt":"15151.52 ","movevalue":"79.90 ","movestome":"20.00 ","speed":"81.00 "},{"def":"45.86 ","boom":"2111.82 ","hp":"502.68 ","matk":"68.94 ","atk":"0.00 ","M_Def":"93.34 ","id":3,"boomhurt":"15303.03 ","movevalue":"79.90 ","movestome":"20.00 ","speed":"81.00 "},{"def":"55.51 ","boom":"2132.73 ","hp":"617.40 ","matk":"83.45 ","atk":"0.00 ","M_Def":"112.98 ","id":4,"boomhurt":"15454.55 ","movevalue":"79.90 ","movestome":"20.00 ","speed":"81.00 "},{"def":"65.85 ","boom":"2153.64 ","hp":"737.65 ","matk":"98.99 ","atk":"0.00 ","M_Def":"134.03 ","id":5,"boomhurt":"15606.06 ","movevalue":"79.90 ","movestome":"20.00 ","speed":"81.00 "},{"def":"76.80 ","boom":"2174.55 ","hp":"862.84 ","matk":"115.45 ","atk":"0.00 ","M_Def":"156.31 ","id":6,"boomhurt":"15757.58 ","movevalue":"79.90 ","movestome":"20.00 ","speed":"81.00 "},{"def":"88.31 ","boom":"2195.45 ","hp":"992.55 ","matk":"132.75 ","atk":"0.00 ","M_Def":"179.74 ","id":7,"boomhurt":"15909.09 ","movevalue":"79.90 ","movestome":"20.00 ","speed":"81.00 "},{"def":"100.33 ","boom":"2216.36 ","hp":"1126.42 ","matk":"150.83 ","atk":"0.00 ","M_Def":"204.21 ","id":8,"boomhurt":"16060.61 ","movevalue":"79.90 ","movestome":"20.00 ","speed":"81.00 "},{"def":"112.84 ","boom":"2237.27 ","hp":"1264.20 ","matk":"169.63 ","atk":"0.00 ","M_Def":"229.67 ","id":9,"boomhurt":"16212.12 ","movevalue":"79.90 ","movestome":"20.00 ","speed":"81.00 "},{"def":"125.80 ","boom":"2258.18 ","hp":"1405.65 ","matk":"189.12 ","atk":"0.00 ","M_Def":"256.06 ","id":10,"boomhurt":"16363.64 ","movevalue":"79.90 ","movestome":"20.00 ","speed":"81.00 "},{"def":"139.20 ","boom":"2279.09 ","hp":"1550.60 ","matk":"209.26 ","atk":"0.00 ","M_Def":"283.32 ","id":11,"boomhurt":"16515.15 ","movevalue":"79.90 ","movestome":"20.00 ","speed":"81.00 "},{"def":"153.01 ","boom":"2300.00 ","hp":"1698.87 ","matk":"230.01 ","atk":"0.00 ","M_Def":"311.43 ","id":12,"boomhurt":"16666.67 ","movevalue":"79.90 ","movestome":"20.00 ","speed":"81.00 "},{"def":"167.21 ","boom":"2320.91 ","hp":"1850.32 ","matk":"251.36 ","atk":"0.00 ","M_Def":"340.33 ","id":13,"boomhurt":"16818.18 ","movevalue":"79.90 ","movestome":"20.00 ","speed":"81.00 "},{"def":"181.79 ","boom":"2341.82 ","hp":"2004.83 ","matk":"273.28 ","atk":"0.00 ","M_Def":"370.01 ","id":14,"boomhurt":"16969.70 ","movevalue":"79.90 ","movestome":"20.00 ","speed":"81.00 "},{"def":"196.73 ","boom":"2362.73 ","hp":"2162.29 ","matk":"295.75 ","atk":"0.00 ","M_Def":"400.43 ","id":15,"boomhurt":"17121.21 ","movevalue":"79.90 ","movestome":"20.00 ","speed":"81.00 "},{"def":"212.03 ","boom":"2383.64 ","hp":"2322.60 ","matk":"318.74 ","atk":"0.00 ","M_Def":"431.56 ","id":16,"boomhurt":"17272.73 ","movevalue":"79.90 ","movestome":"20.00 ","speed":"81.00 "},{"def":"227.67 ","boom":"2404.55 ","hp":"2485.66 ","matk":"342.25 ","atk":"0.00 ","M_Def":"463.39 ","id":17,"boomhurt":"17424.24 ","movevalue":"79.90 ","movestome":"20.00 ","speed":"81.00 "},{"def":"243.64 ","boom":"2425.45 ","hp":"2651.40 ","matk":"366.26 ","atk":"0.00 ","M_Def":"495.90 ","id":18,"boomhurt":"17575.76 ","movevalue":"79.90 ","movestome":"20.00 ","speed":"81.00 "},{"def":"259.93 ","boom":"2446.36 ","hp":"2819.74 ","matk":"390.75 ","atk":"0.00 ","M_Def":"529.06 ","id":19,"boomhurt":"17727.27 ","movevalue":"79.90 ","movestome":"20.00 ","speed":"81.00 "},{"def":"276.54 ","boom":"2467.27 ","hp":"2990.61 ","matk":"415.72 ","atk":"0.00 ","M_Def":"562.86 ","id":20,"boomhurt":"17878.79 ","movevalue":"79.90 ","movestome":"20.00 ","speed":"81.00 "},{"def":"293.45 ","boom":"2488.18 ","hp":"3163.94 ","matk":"441.14 ","atk":"0.00 ","M_Def":"597.28 ","id":21,"boomhurt":"18030.30 ","movevalue":"79.90 ","movestome":"20.00 ","speed":"81.00 "},{"def":"310.65 ","boom":"2509.09 ","hp":"3339.68 ","matk":"467.01 ","atk":"0.00 ","M_Def":"632.30 ","id":22,"boomhurt":"18181.82 ","movevalue":"79.90 ","movestome":"20.00 ","speed":"81.00 "},{"def":"328.15 ","boom":"2530.00 ","hp":"3517.77 ","matk":"493.31 ","atk":"0.00 ","M_Def":"667.92 ","id":23,"boomhurt":"18333.33 ","movevalue":"79.90 ","movestome":"20.00 ","speed":"81.00 "},{"def":"345.94 ","boom":"2550.91 ","hp":"3698.16 ","matk":"520.05 ","atk":"0.00 ","M_Def":"704.12 ","id":24,"boomhurt":"18484.85 ","movevalue":"79.90 ","movestome":"20.00 ","speed":"81.00 "},{"def":"364.00 ","boom":"2571.82 ","hp":"3880.80 ","matk":"547.20 ","atk":"0.00 ","M_Def":"740.88 ","id":25,"boomhurt":"18636.36 ","movevalue":"79.90 ","movestome":"20.00 ","speed":"81.00 "},{"def":"382.34 ","boom":"2592.73 ","hp":"4065.65 ","matk":"574.76 ","atk":"0.00 ","M_Def":"778.20 ","id":26,"boomhurt":"18787.88 ","movevalue":"79.90 ","movestome":"20.00 ","speed":"81.00 "},{"def":"400.94 ","boom":"2613.64 ","hp":"4252.65 ","matk":"602.73 ","atk":"0.00 ","M_Def":"816.06 ","id":27,"boomhurt":"18939.39 ","movevalue":"79.90 ","movestome":"20.00 ","speed":"81.00 "},{"def":"419.80 ","boom":"2634.55 ","hp":"4441.78 ","matk":"631.09 ","atk":"0.00 ","M_Def":"854.46 ","id":28,"boomhurt":"19090.91 ","movevalue":"79.90 ","movestome":"20.00 ","speed":"81.00 "},{"def":"438.93 ","boom":"2655.45 ","hp":"4633.00 ","matk":"659.84 ","atk":"0.00 ","M_Def":"893.39 ","id":29,"boomhurt":"19242.42 ","movevalue":"79.90 ","movestome":"20.00 ","speed":"81.00 "},{"def":"458.31 ","boom":"2676.36 ","hp":"4826.26 ","matk":"688.97 ","atk":"0.00 ","M_Def":"932.83 ","id":30,"boomhurt":"19393.94 ","movevalue":"79.90 ","movestome":"20.00 ","speed":"81.00 "},{"def":"477.93 ","boom":"2697.27 ","hp":"5021.53 ","matk":"718.48 ","atk":"0.00 ","M_Def":"972.78 ","id":31,"boomhurt":"19545.45 ","movevalue":"79.90 ","movestome":"20.00 ","speed":"81.00 "},{"def":"497.81 ","boom":"2718.18 ","hp":"5218.78 ","matk":"748.35 ","atk":"0.00 ","M_Def":"1013.23 ","id":32,"boomhurt":"19696.97 ","movevalue":"79.90 ","movestome":"20.00 ","speed":"81.00 "},{"def":"517.92 ","boom":"2739.09 ","hp":"5417.99 ","matk":"778.59 ","atk":"0.00 ","M_Def":"1054.16 ","id":33,"boomhurt":"19848.48 ","movevalue":"79.90 ","movestome":"20.00 ","speed":"81.00 "},{"def":"538.27 ","boom":"2760.00 ","hp":"5619.11 ","matk":"809.18 ","atk":"0.00 ","M_Def":"1095.59 ","id":34,"boomhurt":"20000.00 ","movevalue":"79.90 ","movestome":"20.00 ","speed":"81.00 "},{"def":"558.85 ","boom":"2780.91 ","hp":"5822.12 ","matk":"840.12 ","atk":"0.00 ","M_Def":"1137.48 ","id":35,"boomhurt":"20151.52 ","movevalue":"79.90 ","movestome":"20.00 ","speed":"81.00 "},{"def":"579.67 ","boom":"2801.82 ","hp":"6027.00 ","matk":"871.42 ","atk":"0.00 ","M_Def":"1179.85 ","id":36,"boomhurt":"20303.03 ","movevalue":"79.90 ","movestome":"20.00 ","speed":"81.00 "},{"def":"600.71 ","boom":"2822.73 ","hp":"6233.71 ","matk":"903.05 ","atk":"0.00 ","M_Def":"1222.68 ","id":37,"boomhurt":"20454.55 ","movevalue":"79.90 ","movestome":"20.00 ","speed":"81.00 "},{"def":"621.98 ","boom":"2843.64 ","hp":"6442.24 ","matk":"935.02 ","atk":"0.00 ","M_Def":"1265.97 ","id":38,"boomhurt":"20606.06 ","movevalue":"79.90 ","movestome":"20.00 ","speed":"81.00 "},{"def":"643.47 ","boom":"2864.55 ","hp":"6652.56 ","matk":"967.33 ","atk":"0.00 ","M_Def":"1309.71 ","id":39,"boomhurt":"20757.58 ","movevalue":"79.90 ","movestome":"20.00 ","speed":"81.00 "},{"def":"665.18 ","boom":"2885.45 ","hp":"6864.64 ","matk":"999.96 ","atk":"0.00 ","M_Def":"1353.89 ","id":40,"boomhurt":"20909.09 ","movevalue":"79.90 ","movestome":"20.00 ","speed":"81.00 "},{"def":"687.10 ","boom":"2906.36 ","hp":"7078.46 ","matk":"1032.92 ","atk":"0.00 ","M_Def":"1398.52 ","id":41,"boomhurt":"21060.61 ","movevalue":"79.90 ","movestome":"20.00 ","speed":"81.00 "},{"def":"709.24 ","boom":"2927.27 ","hp":"7294.01 ","matk":"1066.19 ","atk":"0.00 ","M_Def":"1443.57 ","id":42,"boomhurt":"21212.12 ","movevalue":"79.90 ","movestome":"20.00 ","speed":"81.00 "},{"def":"731.59 ","boom":"2948.18 ","hp":"7511.26 ","matk":"1099.79 ","atk":"0.00 ","M_Def":"1489.06 ","id":43,"boomhurt":"21363.64 ","movevalue":"79.90 ","movestome":"20.00 ","speed":"81.00 "},{"def":"754.14 ","boom":"2969.09 ","hp":"7730.19 ","matk":"1133.70 ","atk":"0.00 ","M_Def":"1534.97 ","id":44,"boomhurt":"21515.15 ","movevalue":"79.90 ","movestome":"20.00 ","speed":"81.00 "},{"def":"776.90 ","boom":"2990.00 ","hp":"7950.78 ","matk":"1167.91 ","atk":"0.00 ","M_Def":"1581.29 ","id":45,"boomhurt":"21666.67 ","movevalue":"79.90 ","movestome":"20.00 ","speed":"81.00 "},{"def":"799.87 ","boom":"3010.91 ","hp":"8173.01 ","matk":"1202.44 ","atk":"0.00 ","M_Def":"1628.04 ","id":46,"boomhurt":"21818.18 ","movevalue":"79.90 ","movestome":"20.00 ","speed":"81.00 "},{"def":"823.03 ","boom":"3031.82 ","hp":"8396.87 ","matk":"1237.26 ","atk":"0.00 ","M_Def":"1675.19 ","id":47,"boomhurt":"21969.70 ","movevalue":"79.90 ","movestome":"20.00 ","speed":"81.00 "},{"def":"846.40 ","boom":"3052.73 ","hp":"8622.34 ","matk":"1272.39 ","atk":"0.00 ","M_Def":"1722.75 ","id":48,"boomhurt":"22121.21 ","movevalue":"79.90 ","movestome":"20.00 ","speed":"81.00 "},{"def":"869.96 ","boom":"3073.64 ","hp":"8849.40 ","matk":"1307.81 ","atk":"0.00 ","M_Def":"1770.70 ","id":49,"boomhurt":"22272.73 ","movevalue":"79.90 ","movestome":"20.00 ","speed":"81.00 "},{"def":"893.72 ","boom":"3094.55 ","hp":"9078.03 ","matk":"1343.52 ","atk":"0.00 ","M_Def":"1819.06 ","id":50,"boomhurt":"22424.24 ","movevalue":"79.90 ","movestome":"20.00 ","speed":"81.00 "},{"def":"917.67 ","boom":"3115.45 ","hp":"9308.23 ","matk":"1379.53 ","atk":"0.00 ","M_Def":"1867.81 ","id":51,"boomhurt":"22575.76 ","movevalue":"79.90 ","movestome":"20.00 ","speed":"81.00 "},{"def":"941.81 ","boom":"3136.36 ","hp":"9539.97 ","matk":"1415.82 ","atk":"0.00 ","M_Def":"1916.94 ","id":52,"boomhurt":"22727.27 ","movevalue":"79.90 ","movestome":"20.00 ","speed":"81.00 "},{"def":"966.14 ","boom":"3157.27 ","hp":"9773.23 ","matk":"1452.39 ","atk":"0.00 ","M_Def":"1966.47 ","id":53,"boomhurt":"22878.79 ","movevalue":"79.90 ","movestome":"20.00 ","speed":"81.00 "},{"def":"990.66 ","boom":"3178.18 ","hp":"10008.01 ","matk":"1489.25 ","atk":"0.00 ","M_Def":"2016.37 ","id":54,"boomhurt":"23030.30 ","movevalue":"79.90 ","movestome":"20.00 ","speed":"81.00 "},{"def":"1015.36 ","boom":"3199.09 ","hp":"10244.30 ","matk":"1526.39 ","atk":"0.00 ","M_Def":"2066.65 ","id":55,"boomhurt":"23181.82 ","movevalue":"79.90 ","movestome":"20.00 ","speed":"81.00 "},{"def":"1040.25 ","boom":"3220.00 ","hp":"10482.06 ","matk":"1563.80 ","atk":"0.00 ","M_Def":"2117.31 ","id":56,"boomhurt":"23333.33 ","movevalue":"79.90 ","movestome":"20.00 ","speed":"81.00 "},{"def":"1065.32 ","boom":"3240.91 ","hp":"10721.31 ","matk":"1601.49 ","atk":"0.00 ","M_Def":"2168.34 ","id":57,"boomhurt":"23484.85 ","movevalue":"79.90 ","movestome":"20.00 ","speed":"81.00 "},{"def":"1090.57 ","boom":"3261.82 ","hp":"10962.01 ","matk":"1639.45 ","atk":"0.00 ","M_Def":"2219.73 ","id":58,"boomhurt":"23636.36 ","movevalue":"79.90 ","movestome":"20.00 ","speed":"81.00 "},{"def":"1116.00 ","boom":"3282.73 ","hp":"11204.16 ","matk":"1677.68 ","atk":"0.00 ","M_Def":"2271.49 ","id":59,"boomhurt":"23787.88 ","movevalue":"79.90 ","movestome":"20.00 ","speed":"81.00 "},{"def":"1141.61 ","boom":"3303.64 ","hp":"11447.74 ","matk":"1716.18 ","atk":"0.00 ","M_Def":"2323.61 ","id":60,"boomhurt":"23939.39 ","movevalue":"79.90 ","movestome":"20.00 ","speed":"81.00 "}]