[{"def":"49.39 ","boom":"1942.50 ","hp":"360.00 ","matk":"0.00 ","atk":"42.24 ","M_Def":"36.69 ","id":1,"boomhurt":"15000.00 ","movevalue":"100.05 ","movestome":"6.00 ","speed":"103.40 "},{"def":"62.75 ","boom":"1962.12 ","hp":"482.91 ","matk":"0.00 ","atk":"53.67 ","M_Def":"46.62 ","id":2,"boomhurt":"15151.52 ","movevalue":"100.05 ","movestome":"6.00 ","speed":"103.40 "},{"def":"77.78 ","boom":"1981.74 ","hp":"615.53 ","matk":"0.00 ","atk":"66.52 ","M_Def":"57.78 ","id":3,"boomhurt":"15303.03 ","movevalue":"100.05 ","movestome":"6.00 ","speed":"103.40 "},{"def":"94.15 ","boom":"2001.36 ","hp":"756.00 ","matk":"0.00 ","atk":"80.52 ","M_Def":"69.94 ","id":4,"boomhurt":"15454.55 ","movevalue":"100.05 ","movestome":"6.00 ","speed":"103.40 "},{"def":"111.69 ","boom":"2020.98 ","hp":"903.25 ","matk":"0.00 ","atk":"95.52 ","M_Def":"82.97 ","id":5,"boomhurt":"15606.06 ","movevalue":"100.05 ","movestome":"6.00 ","speed":"103.40 "},{"def":"130.26 ","boom":"2040.61 ","hp":"1056.54 ","matk":"0.00 ","atk":"111.40 ","M_Def":"96.77 ","id":6,"boomhurt":"15757.58 ","movevalue":"100.05 ","movestome":"6.00 ","speed":"103.40 "},{"def":"149.78 ","boom":"2060.23 ","hp":"1215.36 ","matk":"0.00 ","atk":"128.09 ","M_Def":"111.27 ","id":7,"boomhurt":"15909.09 ","movevalue":"100.05 ","movestome":"6.00 ","speed":"103.40 "},{"def":"170.18 ","boom":"2079.85 ","hp":"1379.29 ","matk":"0.00 ","atk":"145.54 ","M_Def":"126.42 ","id":8,"boomhurt":"16060.61 ","movevalue":"100.05 ","movestome":"6.00 ","speed":"103.40 "},{"def":"191.39 ","boom":"2099.47 ","hp":"1548.00 ","matk":"0.00 ","atk":"163.68 ","M_Def":"142.18 ","id":9,"boomhurt":"16212.12 ","movevalue":"100.05 ","movestome":"6.00 ","speed":"103.40 "},{"def":"213.38 ","boom":"2119.09 ","hp":"1721.21 ","matk":"0.00 ","atk":"182.48 ","M_Def":"158.51 ","id":10,"boomhurt":"16363.64 ","movevalue":"100.05 ","movestome":"6.00 ","speed":"103.40 "},{"def":"236.10 ","boom":"2138.71 ","hp":"1898.69 ","matk":"0.00 ","atk":"201.91 ","M_Def":"175.39 ","id":11,"boomhurt":"16515.15 ","movevalue":"100.05 ","movestome":"6.00 ","speed":"103.40 "},{"def":"259.52 ","boom":"2158.33 ","hp":"2080.25 ","matk":"0.00 ","atk":"221.94 ","M_Def":"192.79 ","id":12,"boomhurt":"16666.67 ","movevalue":"100.05 ","movestome":"6.00 ","speed":"103.40 "},{"def":"283.61 ","boom":"2177.95 ","hp":"2265.70 ","matk":"0.00 ","atk":"242.54 ","M_Def":"210.68 ","id":13,"boomhurt":"16818.18 ","movevalue":"100.05 ","movestome":"6.00 ","speed":"103.40 "},{"def":"308.34 ","boom":"2197.58 ","hp":"2454.90 ","matk":"0.00 ","atk":"263.69 ","M_Def":"229.05 ","id":14,"boomhurt":"16969.70 ","movevalue":"100.05 ","movestome":"6.00 ","speed":"103.40 "},{"def":"333.69 ","boom":"2217.20 ","hp":"2647.71 ","matk":"0.00 ","atk":"285.37 ","M_Def":"247.88 ","id":15,"boomhurt":"17121.21 ","movevalue":"100.05 ","movestome":"6.00 ","speed":"103.40 "},{"def":"359.64 ","boom":"2236.82 ","hp":"2844.00 ","matk":"0.00 ","atk":"307.56 ","M_Def":"267.16 ","id":16,"boomhurt":"17272.73 ","movevalue":"100.05 ","movestome":"6.00 ","speed":"103.40 "},{"def":"386.16 ","boom":"2256.44 ","hp":"3043.67 ","matk":"0.00 ","atk":"330.24 ","M_Def":"286.86 ","id":17,"boomhurt":"17424.24 ","movevalue":"100.05 ","movestome":"6.00 ","speed":"103.40 "},{"def":"413.25 ","boom":"2276.06 ","hp":"3246.62 ","matk":"0.00 ","atk":"353.41 ","M_Def":"306.99 ","id":18,"boomhurt":"17575.76 ","movevalue":"100.05 ","movestome":"6.00 ","speed":"103.40 "},{"def":"440.88 ","boom":"2295.68 ","hp":"3452.74 ","matk":"0.00 ","atk":"377.04 ","M_Def":"327.51 ","id":19,"boomhurt":"17727.27 ","movevalue":"100.05 ","movestome":"6.00 ","speed":"103.40 "},{"def":"469.05 ","boom":"2315.30 ","hp":"3661.97 ","matk":"0.00 ","atk":"401.13 ","M_Def":"348.44 ","id":20,"boomhurt":"17878.79 ","movevalue":"100.05 ","movestome":"6.00 ","speed":"103.40 "},{"def":"497.73 ","boom":"2334.92 ","hp":"3874.21 ","matk":"0.00 ","atk":"425.66 ","M_Def":"369.74 ","id":21,"boomhurt":"18030.30 ","movevalue":"100.05 ","movestome":"6.00 ","speed":"103.40 "},{"def":"526.92 ","boom":"2354.55 ","hp":"4089.40 ","matk":"0.00 ","atk":"450.62 ","M_Def":"391.42 ","id":22,"boomhurt":"18181.82 ","movevalue":"100.05 ","movestome":"6.00 ","speed":"103.40 "},{"def":"556.60 ","boom":"2374.17 ","hp":"4307.47 ","matk":"0.00 ","atk":"476.00 ","M_Def":"413.47 ","id":23,"boomhurt":"18333.33 ","movevalue":"100.05 ","movestome":"6.00 ","speed":"103.40 "},{"def":"586.76 ","boom":"2393.79 ","hp":"4528.36 ","matk":"0.00 ","atk":"501.80 ","M_Def":"435.88 ","id":24,"boomhurt":"18484.85 ","movevalue":"100.05 ","movestome":"6.00 ","speed":"103.40 "},{"def":"617.40 ","boom":"2413.41 ","hp":"4752.00 ","matk":"0.00 ","atk":"528.00 ","M_Def":"458.64 ","id":25,"boomhurt":"18636.36 ","movevalue":"100.05 ","movestome":"6.00 ","speed":"103.40 "},{"def":"648.50 ","boom":"2433.03 ","hp":"4978.34 ","matk":"0.00 ","atk":"554.60 ","M_Def":"481.74 ","id":26,"boomhurt":"18787.88 ","movevalue":"100.05 ","movestome":"6.00 ","speed":"103.40 "},{"def":"680.05 ","boom":"2452.65 ","hp":"5207.33 ","matk":"0.00 ","atk":"581.58 ","M_Def":"505.18 ","id":27,"boomhurt":"18939.39 ","movevalue":"100.05 ","movestome":"6.00 ","speed":"103.40 "},{"def":"712.05 ","boom":"2472.27 ","hp":"5438.92 ","matk":"0.00 ","atk":"608.95 ","M_Def":"528.95 ","id":28,"boomhurt":"19090.91 ","movevalue":"100.05 ","movestome":"6.00 ","speed":"103.40 "},{"def":"744.49 ","boom":"2491.89 ","hp":"5673.06 ","matk":"0.00 ","atk":"636.69 ","M_Def":"553.05 ","id":29,"boomhurt":"19242.42 ","movevalue":"100.05 ","movestome":"6.00 ","speed":"103.40 "},{"def":"777.36 ","boom":"2511.52 ","hp":"5909.70 ","matk":"0.00 ","atk":"664.80 ","M_Def":"577.47 ","id":30,"boomhurt":"19393.94 ","movevalue":"100.05 ","movestome":"6.00 ","speed":"103.40 "},{"def":"810.65 ","boom":"2531.14 ","hp":"6148.81 ","matk":"0.00 ","atk":"693.27 ","M_Def":"602.20 ","id":31,"boomhurt":"19545.45 ","movevalue":"100.05 ","movestome":"6.00 ","speed":"103.40 "},{"def":"844.35 ","boom":"2550.76 ","hp":"6390.35 ","matk":"0.00 ","atk":"722.09 ","M_Def":"627.23 ","id":32,"boomhurt":"19696.97 ","movevalue":"100.05 ","movestome":"6.00 ","speed":"103.40 "},{"def":"878.47 ","boom":"2570.38 ","hp":"6634.27 ","matk":"0.00 ","atk":"751.27 ","M_Def":"652.58 ","id":33,"boomhurt":"19848.48 ","movevalue":"100.05 ","movestome":"6.00 ","speed":"103.40 "},{"def":"912.99 ","boom":"2590.00 ","hp":"6880.54 ","matk":"0.00 ","atk":"780.79 ","M_Def":"678.22 ","id":34,"boomhurt":"20000.00 ","movevalue":"100.05 ","movestome":"6.00 ","speed":"103.40 "},{"def":"947.90 ","boom":"2609.62 ","hp":"7129.13 ","matk":"0.00 ","atk":"810.65 ","M_Def":"704.16 ","id":35,"boomhurt":"20151.52 ","movevalue":"100.05 ","movestome":"6.00 ","speed":"103.40 "},{"def":"983.21 ","boom":"2629.24 ","hp":"7380.00 ","matk":"0.00 ","atk":"840.84 ","M_Def":"730.38 ","id":36,"boomhurt":"20303.03 ","movevalue":"100.05 ","movestome":"6.00 ","speed":"103.40 "},{"def":"1018.90 ","boom":"2648.86 ","hp":"7633.12 ","matk":"0.00 ","atk":"871.36 ","M_Def":"756.90 ","id":37,"boomhurt":"20454.55 ","movevalue":"100.05 ","movestome":"6.00 ","speed":"103.40 "},{"def":"1054.98 ","boom":"2668.48 ","hp":"7888.46 ","matk":"0.00 ","atk":"902.21 ","M_Def":"783.70 ","id":38,"boomhurt":"20606.06 ","movevalue":"100.05 ","movestome":"6.00 ","speed":"103.40 "},{"def":"1091.42 ","boom":"2688.11 ","hp":"8145.99 ","matk":"0.00 ","atk":"933.38 ","M_Def":"810.77 ","id":39,"boomhurt":"20757.58 ","movevalue":"100.05 ","movestome":"6.00 ","speed":"103.40 "},{"def":"1128.24 ","boom":"2707.73 ","hp":"8405.68 ","matk":"0.00 ","atk":"964.87 ","M_Def":"838.12 ","id":40,"boomhurt":"20909.09 ","movevalue":"100.05 ","movestome":"6.00 ","speed":"103.40 "},{"def":"1165.43 ","boom":"2727.35 ","hp":"8667.51 ","matk":"0.00 ","atk":"996.67 ","M_Def":"865.75 ","id":41,"boomhurt":"21060.61 ","movevalue":"100.05 ","movestome":"6.00 ","speed":"103.40 "},{"def":"1202.98 ","boom":"2746.97 ","hp":"8931.44 ","matk":"0.00 ","atk":"1028.78 ","M_Def":"893.64 ","id":42,"boomhurt":"21212.12 ","movevalue":"100.05 ","movestome":"6.00 ","speed":"103.40 "},{"def":"1240.88 ","boom":"2766.59 ","hp":"9197.46 ","matk":"0.00 ","atk":"1061.20 ","M_Def":"921.80 ","id":43,"boomhurt":"21363.64 ","movevalue":"100.05 ","movestome":"6.00 ","speed":"103.40 "},{"def":"1279.14 ","boom":"2786.21 ","hp":"9465.53 ","matk":"0.00 ","atk":"1093.92 ","M_Def":"950.22 ","id":44,"boomhurt":"21515.15 ","movevalue":"100.05 ","movestome":"6.00 ","speed":"103.40 "},{"def":"1317.75 ","boom":"2805.83 ","hp":"9735.65 ","matk":"0.00 ","atk":"1126.93 ","M_Def":"978.90 ","id":45,"boomhurt":"21666.67 ","movevalue":"100.05 ","movestome":"6.00 ","speed":"103.40 "},{"def":"1356.70 ","boom":"2825.45 ","hp":"10007.77 ","matk":"0.00 ","atk":"1160.25 ","M_Def":"1007.83 ","id":46,"boomhurt":"21818.18 ","movevalue":"100.05 ","movestome":"6.00 ","speed":"103.40 "},{"def":"1395.99 ","boom":"2845.08 ","hp":"10281.88 ","matk":"0.00 ","atk":"1193.85 ","M_Def":"1037.02 ","id":47,"boomhurt":"21969.70 ","movevalue":"100.05 ","movestome":"6.00 ","speed":"103.40 "},{"def":"1435.62 ","boom":"2864.70 ","hp":"10557.97 ","matk":"0.00 ","atk":"1227.74 ","M_Def":"1066.46 ","id":48,"boomhurt":"22121.21 ","movevalue":"100.05 ","movestome":"6.00 ","speed":"103.40 "},{"def":"1475.59 ","boom":"2884.32 ","hp":"10836.00 ","matk":"0.00 ","atk":"1261.92 ","M_Def":"1096.15 ","id":49,"boomhurt":"22272.73 ","movevalue":"100.05 ","movestome":"6.00 ","speed":"103.40 "},{"def":"1515.88 ","boom":"2903.94 ","hp":"11115.96 ","matk":"0.00 ","atk":"1296.38 ","M_Def":"1126.08 ","id":50,"boomhurt":"22424.24 ","movevalue":"100.05 ","movestome":"6.00 ","speed":"103.40 "},{"def":"1556.51 ","boom":"2923.56 ","hp":"11397.83 ","matk":"0.00 ","atk":"1331.12 ","M_Def":"1156.26 ","id":51,"boomhurt":"22575.76 ","movevalue":"100.05 ","movestome":"6.00 ","speed":"103.40 "},{"def":"1597.45 ","boom":"2943.18 ","hp":"11681.59 ","matk":"0.00 ","atk":"1366.14 ","M_Def":"1186.68 ","id":52,"boomhurt":"22727.27 ","movevalue":"100.05 ","movestome":"6.00 ","speed":"103.40 "},{"def":"1638.72 ","boom":"2962.80 ","hp":"11967.22 ","matk":"0.00 ","atk":"1401.43 ","M_Def":"1217.34 ","id":53,"boomhurt":"22878.79 ","movevalue":"100.05 ","movestome":"6.00 ","speed":"103.40 "},{"def":"1680.31 ","boom":"2982.42 ","hp":"12254.71 ","matk":"0.00 ","atk":"1437.00 ","M_Def":"1248.23 ","id":54,"boomhurt":"23030.30 ","movevalue":"100.05 ","movestome":"6.00 ","speed":"103.40 "},{"def":"1722.21 ","boom":"3002.05 ","hp":"12544.04 ","matk":"0.00 ","atk":"1472.83 ","M_Def":"1279.36 ","id":55,"boomhurt":"23181.82 ","movevalue":"100.05 ","movestome":"6.00 ","speed":"103.40 "},{"def":"1764.42 ","boom":"3021.67 ","hp":"12835.18 ","matk":"0.00 ","atk":"1508.93 ","M_Def":"1310.71 ","id":56,"boomhurt":"23333.33 ","movevalue":"100.05 ","movestome":"6.00 ","speed":"103.40 "},{"def":"1806.95 ","boom":"3041.29 ","hp":"13128.13 ","matk":"0.00 ","atk":"1545.30 ","M_Def":"1342.30 ","id":57,"boomhurt":"23484.85 ","movevalue":"100.05 ","movestome":"6.00 ","speed":"103.40 "},{"def":"1849.78 ","boom":"3060.91 ","hp":"13422.87 ","matk":"0.00 ","atk":"1581.93 ","M_Def":"1374.12 ","id":58,"boomhurt":"23636.36 ","movevalue":"100.05 ","movestome":"6.00 ","speed":"103.40 "},{"def":"1892.91 ","boom":"3080.53 ","hp":"13719.38 ","matk":"0.00 ","atk":"1618.82 ","M_Def":"1406.16 ","id":59,"boomhurt":"23787.88 ","movevalue":"100.05 ","movestome":"6.00 ","speed":"103.40 "},{"def":"1936.35 ","boom":"3100.15 ","hp":"14017.64 ","matk":"0.00 ","atk":"1655.96 ","M_Def":"1438.43 ","id":60,"boomhurt":"23939.39 ","movevalue":"100.05 ","movestome":"6.00 ","speed":"103.40 "}]