[{"def":"44.80 ","boom":"1400.00 ","hp":"1600.00 ","matk":"0.00 ","atk":"128.00 ","M_Def":"53.76 ","id":1,"boomhurt":"15000.00 ","movevalue":"100.00 ","movestome":"20.00 ","speed":"100.00 "},{"def":"56.92 ","boom":"1414.14 ","hp":"2146.27 ","matk":"0.00 ","atk":"162.63 ","M_Def":"68.30 ","id":2,"boomhurt":"15151.52 ","movevalue":"100.00 ","movestome":"20.00 ","speed":"100.00 "},{"def":"70.55 ","boom":"1428.28 ","hp":"2735.69 ","matk":"0.00 ","atk":"201.57 ","M_Def":"84.66 ","id":3,"boomhurt":"15303.03 ","movevalue":"100.00 ","movestome":"20.00 ","speed":"100.00 "},{"def":"85.40 ","boom":"1442.42 ","hp":"3360.00 ","matk":"0.00 ","atk":"244.00 ","M_Def":"102.48 ","id":4,"boomhurt":"15454.55 ","movevalue":"100.00 ","movestome":"20.00 ","speed":"100.00 "},{"def":"101.30 ","boom":"1456.57 ","hp":"4014.43 ","matk":"0.00 ","atk":"289.44 ","M_Def":"121.57 ","id":5,"boomhurt":"15606.06 ","movevalue":"100.00 ","movestome":"20.00 ","speed":"100.00 "},{"def":"118.15 ","boom":"1470.71 ","hp":"4695.76 ","matk":"0.00 ","atk":"337.58 ","M_Def":"141.78 ","id":6,"boomhurt":"15757.58 ","movevalue":"100.00 ","movestome":"20.00 ","speed":"100.00 "},{"def":"135.86 ","boom":"1484.85 ","hp":"5401.62 ","matk":"0.00 ","atk":"388.16 ","M_Def":"163.03 ","id":7,"boomhurt":"15909.09 ","movevalue":"100.00 ","movestome":"20.00 ","speed":"100.00 "},{"def":"154.36 ","boom":"1498.99 ","hp":"6130.19 ","matk":"0.00 ","atk":"441.02 ","M_Def":"185.23 ","id":8,"boomhurt":"16060.61 ","movevalue":"100.00 ","movestome":"20.00 ","speed":"100.00 "},{"def":"173.60 ","boom":"1513.13 ","hp":"6880.00 ","matk":"0.00 ","atk":"496.00 ","M_Def":"208.32 ","id":9,"boomhurt":"16212.12 ","movevalue":"100.00 ","movestome":"20.00 ","speed":"100.00 "},{"def":"193.54 ","boom":"1527.27 ","hp":"7649.82 ","matk":"0.00 ","atk":"552.98 ","M_Def":"232.25 ","id":10,"boomhurt":"16363.64 ","movevalue":"100.00 ","movestome":"20.00 ","speed":"100.00 "},{"def":"214.15 ","boom":"1541.41 ","hp":"8438.63 ","matk":"0.00 ","atk":"611.86 ","M_Def":"256.98 ","id":11,"boomhurt":"16515.15 ","movevalue":"100.00 ","movestome":"20.00 ","speed":"100.00 "},{"def":"235.39 ","boom":"1555.56 ","hp":"9245.54 ","matk":"0.00 ","atk":"672.55 ","M_Def":"282.47 ","id":12,"boomhurt":"16666.67 ","movevalue":"100.00 ","movestome":"20.00 ","speed":"100.00 "},{"def":"257.24 ","boom":"1569.70 ","hp":"10069.77 ","matk":"0.00 ","atk":"734.98 ","M_Def":"308.69 ","id":13,"boomhurt":"16818.18 ","movevalue":"100.00 ","movestome":"20.00 ","speed":"100.00 "},{"def":"279.67 ","boom":"1583.84 ","hp":"10910.66 ","matk":"0.00 ","atk":"799.07 ","M_Def":"335.61 ","id":14,"boomhurt":"16969.70 ","movevalue":"100.00 ","movestome":"20.00 ","speed":"100.00 "},{"def":"302.67 ","boom":"1597.98 ","hp":"11767.58 ","matk":"0.00 ","atk":"864.76 ","M_Def":"363.20 ","id":15,"boomhurt":"17121.21 ","movevalue":"100.00 ","movestome":"20.00 ","speed":"100.00 "},{"def":"326.20 ","boom":"1612.12 ","hp":"12640.00 ","matk":"0.00 ","atk":"932.00 ","M_Def":"391.44 ","id":16,"boomhurt":"17272.73 ","movevalue":"100.00 ","movestome":"20.00 ","speed":"100.00 "},{"def":"350.26 ","boom":"1626.26 ","hp":"13527.42 ","matk":"0.00 ","atk":"1000.74 ","M_Def":"420.31 ","id":17,"boomhurt":"17424.24 ","movevalue":"100.00 ","movestome":"20.00 ","speed":"100.00 "},{"def":"374.83 ","boom":"1640.40 ","hp":"14429.40 ","matk":"0.00 ","atk":"1070.94 ","M_Def":"449.79 ","id":18,"boomhurt":"17575.76 ","movevalue":"100.00 ","movestome":"20.00 ","speed":"100.00 "},{"def":"399.89 ","boom":"1654.55 ","hp":"15345.53 ","matk":"0.00 ","atk":"1142.55 ","M_Def":"479.87 ","id":19,"boomhurt":"17727.27 ","movevalue":"100.00 ","movestome":"20.00 ","speed":"100.00 "},{"def":"425.44 ","boom":"1668.69 ","hp":"16275.42 ","matk":"0.00 ","atk":"1215.54 ","M_Def":"510.53 ","id":20,"boomhurt":"17878.79 ","movevalue":"100.00 ","movestome":"20.00 ","speed":"100.00 "},{"def":"451.46 ","boom":"1682.83 ","hp":"17218.73 ","matk":"0.00 ","atk":"1289.87 ","M_Def":"541.75 ","id":21,"boomhurt":"18030.30 ","movevalue":"100.00 ","movestome":"20.00 ","speed":"100.00 "},{"def":"477.93 ","boom":"1696.97 ","hp":"18175.13 ","matk":"0.00 ","atk":"1365.51 ","M_Def":"573.52 ","id":22,"boomhurt":"18181.82 ","movevalue":"100.00 ","movestome":"20.00 ","speed":"100.00 "},{"def":"504.85 ","boom":"1711.11 ","hp":"19144.33 ","matk":"0.00 ","atk":"1442.43 ","M_Def":"605.82 ","id":23,"boomhurt":"18333.33 ","movevalue":"100.00 ","movestome":"20.00 ","speed":"100.00 "},{"def":"532.21 ","boom":"1725.25 ","hp":"20126.04 ","matk":"0.00 ","atk":"1520.60 ","M_Def":"638.65 ","id":24,"boomhurt":"18484.85 ","movevalue":"100.00 ","movestome":"20.00 ","speed":"100.00 "},{"def":"560.00 ","boom":"1739.39 ","hp":"21120.00 ","matk":"0.00 ","atk":"1600.00 ","M_Def":"672.00 ","id":25,"boomhurt":"18636.36 ","movevalue":"100.00 ","movestome":"20.00 ","speed":"100.00 "},{"def":"588.21 ","boom":"1753.54 ","hp":"22125.96 ","matk":"0.00 ","atk":"1680.60 ","M_Def":"705.85 ","id":26,"boomhurt":"18787.88 ","movevalue":"100.00 ","movestome":"20.00 ","speed":"100.00 "},{"def":"616.83 ","boom":"1767.68 ","hp":"23143.69 ","matk":"0.00 ","atk":"1762.37 ","M_Def":"740.19 ","id":27,"boomhurt":"18939.39 ","movevalue":"100.00 ","movestome":"20.00 ","speed":"100.00 "},{"def":"645.85 ","boom":"1781.82 ","hp":"24172.97 ","matk":"0.00 ","atk":"1845.30 ","M_Def":"775.02 ","id":28,"boomhurt":"19090.91 ","movevalue":"100.00 ","movestome":"20.00 ","speed":"100.00 "},{"def":"675.28 ","boom":"1795.96 ","hp":"25213.58 ","matk":"0.00 ","atk":"1929.36 ","M_Def":"810.33 ","id":29,"boomhurt":"19242.42 ","movevalue":"100.00 ","movestome":"20.00 ","speed":"100.00 "},{"def":"705.09 ","boom":"1810.10 ","hp":"26265.34 ","matk":"0.00 ","atk":"2014.53 ","M_Def":"846.10 ","id":30,"boomhurt":"19393.94 ","movevalue":"100.00 ","movestome":"20.00 ","speed":"100.00 "},{"def":"735.28 ","boom":"1824.24 ","hp":"27328.06 ","matk":"0.00 ","atk":"2100.81 ","M_Def":"882.34 ","id":31,"boomhurt":"19545.45 ","movevalue":"100.00 ","movestome":"20.00 ","speed":"100.00 "},{"def":"765.85 ","boom":"1838.38 ","hp":"28401.55 ","matk":"0.00 ","atk":"2188.15 ","M_Def":"919.02 ","id":32,"boomhurt":"19696.97 ","movevalue":"100.00 ","movestome":"20.00 ","speed":"100.00 "},{"def":"796.80 ","boom":"1852.53 ","hp":"29485.65 ","matk":"0.00 ","atk":"2276.56 ","M_Def":"956.16 ","id":33,"boomhurt":"19848.48 ","movevalue":"100.00 ","movestome":"20.00 ","speed":"100.00 "},{"def":"828.11 ","boom":"1866.67 ","hp":"30580.19 ","matk":"0.00 ","atk":"2366.02 ","M_Def":"993.73 ","id":34,"boomhurt":"20000.00 ","movevalue":"100.00 ","movestome":"20.00 ","speed":"100.00 "},{"def":"859.78 ","boom":"1880.81 ","hp":"31685.02 ","matk":"0.00 ","atk":"2456.50 ","M_Def":"1031.73 ","id":35,"boomhurt":"20151.52 ","movevalue":"100.00 ","movestome":"20.00 ","speed":"100.00 "},{"def":"891.80 ","boom":"1894.95 ","hp":"32800.00 ","matk":"0.00 ","atk":"2548.00 ","M_Def":"1070.16 ","id":36,"boomhurt":"20303.03 ","movevalue":"100.00 ","movestome":"20.00 ","speed":"100.00 "},{"def":"924.17 ","boom":"1909.09 ","hp":"33924.98 ","matk":"0.00 ","atk":"2640.50 ","M_Def":"1109.01 ","id":37,"boomhurt":"20454.55 ","movevalue":"100.00 ","movestome":"20.00 ","speed":"100.00 "},{"def":"956.89 ","boom":"1923.23 ","hp":"35059.82 ","matk":"0.00 ","atk":"2733.98 ","M_Def":"1148.27 ","id":38,"boomhurt":"20606.06 ","movevalue":"100.00 ","movestome":"20.00 ","speed":"100.00 "},{"def":"989.95 ","boom":"1937.37 ","hp":"36204.39 ","matk":"0.00 ","atk":"2828.44 ","M_Def":"1187.94 ","id":39,"boomhurt":"20757.58 ","movevalue":"100.00 ","movestome":"20.00 ","speed":"100.00 "},{"def":"1023.35 ","boom":"1951.52 ","hp":"37358.58 ","matk":"0.00 ","atk":"2923.86 ","M_Def":"1228.02 ","id":40,"boomhurt":"20909.09 ","movevalue":"100.00 ","movestome":"20.00 ","speed":"100.00 "},{"def":"1057.08 ","boom":"1965.66 ","hp":"38522.25 ","matk":"0.00 ","atk":"3020.22 ","M_Def":"1268.49 ","id":41,"boomhurt":"21060.61 ","movevalue":"100.00 ","movestome":"20.00 ","speed":"100.00 "},{"def":"1091.14 ","boom":"1979.80 ","hp":"39695.29 ","matk":"0.00 ","atk":"3117.53 ","M_Def":"1309.36 ","id":42,"boomhurt":"21212.12 ","movevalue":"100.00 ","movestome":"20.00 ","speed":"100.00 "},{"def":"1125.52 ","boom":"1993.94 ","hp":"40877.59 ","matk":"0.00 ","atk":"3215.76 ","M_Def":"1350.62 ","id":43,"boomhurt":"21363.64 ","movevalue":"100.00 ","movestome":"20.00 ","speed":"100.00 "},{"def":"1160.22 ","boom":"2008.08 ","hp":"42069.04 ","matk":"0.00 ","atk":"3314.90 ","M_Def":"1392.26 ","id":44,"boomhurt":"21515.15 ","movevalue":"100.00 ","movestome":"20.00 ","speed":"100.00 "},{"def":"1195.23 ","boom":"2022.22 ","hp":"43269.53 ","matk":"0.00 ","atk":"3414.95 ","M_Def":"1434.28 ","id":45,"boomhurt":"21666.67 ","movevalue":"100.00 ","movestome":"20.00 ","speed":"100.00 "},{"def":"1230.56 ","boom":"2036.36 ","hp":"44478.97 ","matk":"0.00 ","atk":"3515.90 ","M_Def":"1476.68 ","id":46,"boomhurt":"21818.18 ","movevalue":"100.00 ","movestome":"20.00 ","speed":"100.00 "},{"def":"1266.20 ","boom":"2050.51 ","hp":"45697.26 ","matk":"0.00 ","atk":"3617.73 ","M_Def":"1519.44 ","id":47,"boomhurt":"21969.70 ","movevalue":"100.00 ","movestome":"20.00 ","speed":"100.00 "},{"def":"1302.15 ","boom":"2064.65 ","hp":"46924.30 ","matk":"0.00 ","atk":"3720.43 ","M_Def":"1562.58 ","id":48,"boomhurt":"22121.21 ","movevalue":"100.00 ","movestome":"20.00 ","speed":"100.00 "},{"def":"1338.40 ","boom":"2078.79 ","hp":"48160.00 ","matk":"0.00 ","atk":"3824.00 ","M_Def":"1606.08 ","id":49,"boomhurt":"22272.73 ","movevalue":"100.00 ","movestome":"20.00 ","speed":"100.00 "},{"def":"1374.95 ","boom":"2092.93 ","hp":"49404.27 ","matk":"0.00 ","atk":"3928.43 ","M_Def":"1649.94 ","id":50,"boomhurt":"22424.24 ","movevalue":"100.00 ","movestome":"20.00 ","speed":"100.00 "},{"def":"1411.80 ","boom":"2107.07 ","hp":"50657.03 ","matk":"0.00 ","atk":"4033.70 ","M_Def":"1694.16 ","id":51,"boomhurt":"22575.76 ","movevalue":"100.00 ","movestome":"20.00 ","speed":"100.00 "},{"def":"1448.94 ","boom":"2121.21 ","hp":"51918.19 ","matk":"0.00 ","atk":"4139.82 ","M_Def":"1738.72 ","id":52,"boomhurt":"22727.27 ","movevalue":"100.00 ","movestome":"20.00 ","speed":"100.00 "},{"def":"1486.37 ","boom":"2135.35 ","hp":"53187.67 ","matk":"0.00 ","atk":"4246.77 ","M_Def":"1783.64 ","id":53,"boomhurt":"22878.79 ","movevalue":"100.00 ","movestome":"20.00 ","speed":"100.00 "},{"def":"1524.09 ","boom":"2149.49 ","hp":"54465.39 ","matk":"0.00 ","atk":"4354.54 ","M_Def":"1828.91 ","id":54,"boomhurt":"23030.30 ","movevalue":"100.00 ","movestome":"20.00 ","speed":"100.00 "},{"def":"1562.09 ","boom":"2163.64 ","hp":"55751.27 ","matk":"0.00 ","atk":"4463.13 ","M_Def":"1874.51 ","id":55,"boomhurt":"23181.82 ","movevalue":"100.00 ","movestome":"20.00 ","speed":"100.00 "},{"def":"1600.38 ","boom":"2177.78 ","hp":"57045.25 ","matk":"0.00 ","atk":"4572.53 ","M_Def":"1920.46 ","id":56,"boomhurt":"23333.33 ","movevalue":"100.00 ","movestome":"20.00 ","speed":"100.00 "},{"def":"1638.95 ","boom":"2191.92 ","hp":"58347.25 ","matk":"0.00 ","atk":"4682.72 ","M_Def":"1966.74 ","id":57,"boomhurt":"23484.85 ","movevalue":"100.00 ","movestome":"20.00 ","speed":"100.00 "},{"def":"1677.80 ","boom":"2206.06 ","hp":"59657.19 ","matk":"0.00 ","atk":"4793.72 ","M_Def":"2013.36 ","id":58,"boomhurt":"23636.36 ","movevalue":"100.00 ","movestome":"20.00 ","speed":"100.00 "},{"def":"1716.93 ","boom":"2220.20 ","hp":"60975.01 ","matk":"0.00 ","atk":"4905.50 ","M_Def":"2060.31 ","id":59,"boomhurt":"23787.88 ","movevalue":"100.00 ","movestome":"20.00 ","speed":"100.00 "},{"def":"1756.32 ","boom":"2234.34 ","hp":"62300.64 ","matk":"0.00 ","atk":"5018.06 ","M_Def":"2107.59 ","id":60,"boomhurt":"23939.39 ","movevalue":"100.00 ","movestome":"20.00 ","speed":"100.00 "}]