[{"def":"26.21 ","boom":"2760.00 ","hp":"266.00 ","matk":"52.99 ","atk":"0.00 ","M_Def":"56.45 ","id":1,"boomhurt":"15000.00 ","movevalue":"71.40 ","movestome":"8.00 ","speed":"76.50 "},{"def":"33.30 ","boom":"2787.88 ","hp":"356.82 ","matk":"67.33 ","atk":"0.00 ","M_Def":"71.72 ","id":2,"boomhurt":"15151.52 ","movevalue":"71.40 ","movestome":"8.00 ","speed":"76.50 "},{"def":"41.27 ","boom":"2815.76 ","hp":"454.81 ","matk":"83.45 ","atk":"0.00 ","M_Def":"88.89 ","id":3,"boomhurt":"15303.03 ","movevalue":"71.40 ","movestome":"8.00 ","speed":"76.50 "},{"def":"49.96 ","boom":"2843.64 ","hp":"558.60 ","matk":"101.02 ","atk":"0.00 ","M_Def":"107.60 ","id":4,"boomhurt":"15454.55 ","movevalue":"71.40 ","movestome":"8.00 ","speed":"76.50 "},{"def":"59.26 ","boom":"2871.52 ","hp":"667.40 ","matk":"119.83 ","atk":"0.00 ","M_Def":"127.64 ","id":5,"boomhurt":"15606.06 ","movevalue":"71.40 ","movestome":"8.00 ","speed":"76.50 "},{"def":"69.12 ","boom":"2899.39 ","hp":"780.67 ","matk":"139.76 ","atk":"0.00 ","M_Def":"148.87 ","id":6,"boomhurt":"15757.58 ","movevalue":"71.40 ","movestome":"8.00 ","speed":"76.50 "},{"def":"79.48 ","boom":"2927.27 ","hp":"898.02 ","matk":"160.70 ","atk":"0.00 ","M_Def":"171.18 ","id":7,"boomhurt":"15909.09 ","movevalue":"71.40 ","movestome":"8.00 ","speed":"76.50 "},{"def":"90.30 ","boom":"2955.15 ","hp":"1019.14 ","matk":"182.58 ","atk":"0.00 ","M_Def":"194.49 ","id":8,"boomhurt":"16060.61 ","movevalue":"71.40 ","movestome":"8.00 ","speed":"76.50 "},{"def":"101.56 ","boom":"2983.03 ","hp":"1143.80 ","matk":"205.34 ","atk":"0.00 ","M_Def":"218.74 ","id":9,"boomhurt":"16212.12 ","movevalue":"71.40 ","movestome":"8.00 ","speed":"76.50 "},{"def":"113.22 ","boom":"3010.91 ","hp":"1271.78 ","matk":"228.93 ","atk":"0.00 ","M_Def":"243.87 ","id":10,"boomhurt":"16363.64 ","movevalue":"71.40 ","movestome":"8.00 ","speed":"76.50 "},{"def":"125.28 ","boom":"3038.79 ","hp":"1402.92 ","matk":"253.31 ","atk":"0.00 ","M_Def":"269.83 ","id":11,"boomhurt":"16515.15 ","movevalue":"71.40 ","movestome":"8.00 ","speed":"76.50 "},{"def":"137.71 ","boom":"3066.67 ","hp":"1537.07 ","matk":"278.44 ","atk":"0.00 ","M_Def":"296.60 ","id":12,"boomhurt":"16666.67 ","movevalue":"71.40 ","movestome":"8.00 ","speed":"76.50 "},{"def":"150.49 ","boom":"3094.55 ","hp":"1674.10 ","matk":"304.28 ","atk":"0.00 ","M_Def":"324.13 ","id":13,"boomhurt":"16818.18 ","movevalue":"71.40 ","movestome":"8.00 ","speed":"76.50 "},{"def":"163.61 ","boom":"3122.42 ","hp":"1813.90 ","matk":"330.81 ","atk":"0.00 ","M_Def":"352.39 ","id":14,"boomhurt":"16969.70 ","movevalue":"71.40 ","movestome":"8.00 ","speed":"76.50 "},{"def":"177.06 ","boom":"3150.30 ","hp":"1956.36 ","matk":"358.01 ","atk":"0.00 ","M_Def":"381.36 ","id":15,"boomhurt":"17121.21 ","movevalue":"71.40 ","movestome":"8.00 ","speed":"76.50 "},{"def":"190.83 ","boom":"3178.18 ","hp":"2101.40 ","matk":"385.85 ","atk":"0.00 ","M_Def":"411.01 ","id":16,"boomhurt":"17272.73 ","movevalue":"71.40 ","movestome":"8.00 ","speed":"76.50 "},{"def":"204.90 ","boom":"3206.06 ","hp":"2248.93 ","matk":"414.31 ","atk":"0.00 ","M_Def":"441.33 ","id":17,"boomhurt":"17424.24 ","movevalue":"71.40 ","movestome":"8.00 ","speed":"76.50 "},{"def":"219.28 ","boom":"3233.94 ","hp":"2398.89 ","matk":"443.37 ","atk":"0.00 ","M_Def":"472.28 ","id":18,"boomhurt":"17575.76 ","movevalue":"71.40 ","movestome":"8.00 ","speed":"76.50 "},{"def":"233.94 ","boom":"3261.82 ","hp":"2551.19 ","matk":"473.02 ","atk":"0.00 ","M_Def":"503.87 ","id":19,"boomhurt":"17727.27 ","movevalue":"71.40 ","movestome":"8.00 ","speed":"76.50 "},{"def":"248.88 ","boom":"3289.70 ","hp":"2705.79 ","matk":"503.23 ","atk":"0.00 ","M_Def":"536.05 ","id":20,"boomhurt":"17878.79 ","movevalue":"71.40 ","movestome":"8.00 ","speed":"76.50 "},{"def":"264.10 ","boom":"3317.58 ","hp":"2862.61 ","matk":"534.01 ","atk":"0.00 ","M_Def":"568.83 ","id":21,"boomhurt":"18030.30 ","movevalue":"71.40 ","movestome":"8.00 ","speed":"76.50 "},{"def":"279.59 ","boom":"3345.45 ","hp":"3021.62 ","matk":"565.32 ","atk":"0.00 ","M_Def":"602.19 ","id":22,"boomhurt":"18181.82 ","movevalue":"71.40 ","movestome":"8.00 ","speed":"76.50 "},{"def":"295.34 ","boom":"3373.33 ","hp":"3182.74 ","matk":"597.17 ","atk":"0.00 ","M_Def":"636.11 ","id":23,"boomhurt":"18333.33 ","movevalue":"71.40 ","movestome":"8.00 ","speed":"76.50 "},{"def":"311.34 ","boom":"3401.21 ","hp":"3345.95 ","matk":"629.53 ","atk":"0.00 ","M_Def":"670.59 ","id":24,"boomhurt":"18484.85 ","movevalue":"71.40 ","movestome":"8.00 ","speed":"76.50 "},{"def":"327.60 ","boom":"3429.09 ","hp":"3511.20 ","matk":"662.40 ","atk":"0.00 ","M_Def":"705.60 ","id":25,"boomhurt":"18636.36 ","movevalue":"71.40 ","movestome":"8.00 ","speed":"76.50 "},{"def":"344.10 ","boom":"3456.97 ","hp":"3678.44 ","matk":"695.77 ","atk":"0.00 ","M_Def":"741.14 ","id":26,"boomhurt":"18787.88 ","movevalue":"71.40 ","movestome":"8.00 ","speed":"76.50 "},{"def":"360.85 ","boom":"3484.85 ","hp":"3847.64 ","matk":"729.62 ","atk":"0.00 ","M_Def":"777.20 ","id":27,"boomhurt":"18939.39 ","movevalue":"71.40 ","movestome":"8.00 ","speed":"76.50 "},{"def":"377.82 ","boom":"3512.73 ","hp":"4018.76 ","matk":"763.95 ","atk":"0.00 ","M_Def":"813.78 ","id":28,"boomhurt":"19090.91 ","movevalue":"71.40 ","movestome":"8.00 ","speed":"76.50 "},{"def":"395.04 ","boom":"3540.61 ","hp":"4191.76 ","matk":"798.75 ","atk":"0.00 ","M_Def":"850.85 ","id":29,"boomhurt":"19242.42 ","movevalue":"71.40 ","movestome":"8.00 ","speed":"76.50 "},{"def":"412.48 ","boom":"3568.48 ","hp":"4366.61 ","matk":"834.02 ","atk":"0.00 ","M_Def":"888.41 ","id":30,"boomhurt":"19393.94 ","movevalue":"71.40 ","movestome":"8.00 ","speed":"76.50 "},{"def":"430.14 ","boom":"3596.36 ","hp":"4543.29 ","matk":"869.73 ","atk":"0.00 ","M_Def":"926.46 ","id":31,"boomhurt":"19545.45 ","movevalue":"71.40 ","movestome":"8.00 ","speed":"76.50 "},{"def":"448.02 ","boom":"3624.24 ","hp":"4721.76 ","matk":"905.90 ","atk":"0.00 ","M_Def":"964.98 ","id":32,"boomhurt":"19696.97 ","movevalue":"71.40 ","movestome":"8.00 ","speed":"76.50 "},{"def":"466.13 ","boom":"3652.12 ","hp":"4901.99 ","matk":"942.50 ","atk":"0.00 ","M_Def":"1003.96 ","id":33,"boomhurt":"19848.48 ","movevalue":"71.40 ","movestome":"8.00 ","speed":"76.50 "},{"def":"484.44 ","boom":"3680.00 ","hp":"5083.96 ","matk":"979.53 ","atk":"0.00 ","M_Def":"1043.41 ","id":34,"boomhurt":"20000.00 ","movevalue":"71.40 ","movestome":"8.00 ","speed":"76.50 "},{"def":"502.97 ","boom":"3707.88 ","hp":"5267.64 ","matk":"1016.99 ","atk":"0.00 ","M_Def":"1083.32 ","id":35,"boomhurt":"20151.52 ","movevalue":"71.40 ","movestome":"8.00 ","speed":"76.50 "},{"def":"521.70 ","boom":"3735.76 ","hp":"5453.00 ","matk":"1054.87 ","atk":"0.00 ","M_Def":"1123.67 ","id":36,"boomhurt":"20303.03 ","movevalue":"71.40 ","movestome":"8.00 ","speed":"76.50 "},{"def":"540.64 ","boom":"3763.64 ","hp":"5640.03 ","matk":"1093.17 ","atk":"0.00 ","M_Def":"1164.46 ","id":37,"boomhurt":"20454.55 ","movevalue":"71.40 ","movestome":"8.00 ","speed":"76.50 "},{"def":"559.78 ","boom":"3791.52 ","hp":"5828.69 ","matk":"1131.87 ","atk":"0.00 ","M_Def":"1205.69 ","id":38,"boomhurt":"20606.06 ","movevalue":"71.40 ","movestome":"8.00 ","speed":"76.50 "},{"def":"579.12 ","boom":"3819.39 ","hp":"6018.98 ","matk":"1170.97 ","atk":"0.00 ","M_Def":"1247.34 ","id":39,"boomhurt":"20757.58 ","movevalue":"71.40 ","movestome":"8.00 ","speed":"76.50 "},{"def":"598.66 ","boom":"3847.27 ","hp":"6210.86 ","matk":"1210.48 ","atk":"0.00 ","M_Def":"1289.42 ","id":40,"boomhurt":"20909.09 ","movevalue":"71.40 ","movestome":"8.00 ","speed":"76.50 "},{"def":"618.39 ","boom":"3875.15 ","hp":"6404.32 ","matk":"1250.37 ","atk":"0.00 ","M_Def":"1331.92 ","id":41,"boomhurt":"21060.61 ","movevalue":"71.40 ","movestome":"8.00 ","speed":"76.50 "},{"def":"638.31 ","boom":"3903.03 ","hp":"6599.34 ","matk":"1290.66 ","atk":"0.00 ","M_Def":"1374.83 ","id":42,"boomhurt":"21212.12 ","movevalue":"71.40 ","movestome":"8.00 ","speed":"76.50 "},{"def":"658.43 ","boom":"3930.91 ","hp":"6795.90 ","matk":"1331.32 ","atk":"0.00 ","M_Def":"1418.15 ","id":43,"boomhurt":"21363.64 ","movevalue":"71.40 ","movestome":"8.00 ","speed":"76.50 "},{"def":"678.73 ","boom":"3958.79 ","hp":"6993.98 ","matk":"1372.37 ","atk":"0.00 ","M_Def":"1461.87 ","id":44,"boomhurt":"21515.15 ","movevalue":"71.40 ","movestome":"8.00 ","speed":"76.50 "},{"def":"699.21 ","boom":"3986.67 ","hp":"7193.56 ","matk":"1413.79 ","atk":"0.00 ","M_Def":"1505.99 ","id":45,"boomhurt":"21666.67 ","movevalue":"71.40 ","movestome":"8.00 ","speed":"76.50 "},{"def":"719.88 ","boom":"4014.55 ","hp":"7394.63 ","matk":"1455.58 ","atk":"0.00 ","M_Def":"1550.51 ","id":46,"boomhurt":"21818.18 ","movevalue":"71.40 ","movestome":"8.00 ","speed":"76.50 "},{"def":"740.73 ","boom":"4042.42 ","hp":"7597.17 ","matk":"1497.74 ","atk":"0.00 ","M_Def":"1595.42 ","id":47,"boomhurt":"21969.70 ","movevalue":"71.40 ","movestome":"8.00 ","speed":"76.50 "},{"def":"761.76 ","boom":"4070.30 ","hp":"7801.16 ","matk":"1540.26 ","atk":"0.00 ","M_Def":"1640.71 ","id":48,"boomhurt":"22121.21 ","movevalue":"71.40 ","movestome":"8.00 ","speed":"76.50 "},{"def":"782.96 ","boom":"4098.18 ","hp":"8006.60 ","matk":"1583.14 ","atk":"0.00 ","M_Def":"1686.38 ","id":49,"boomhurt":"22272.73 ","movevalue":"71.40 ","movestome":"8.00 ","speed":"76.50 "},{"def":"804.35 ","boom":"4126.06 ","hp":"8213.46 ","matk":"1626.37 ","atk":"0.00 ","M_Def":"1732.44 ","id":50,"boomhurt":"22424.24 ","movevalue":"71.40 ","movestome":"8.00 ","speed":"76.50 "},{"def":"825.90 ","boom":"4153.94 ","hp":"8421.73 ","matk":"1669.95 ","atk":"0.00 ","M_Def":"1778.86 ","id":51,"boomhurt":"22575.76 ","movevalue":"71.40 ","movestome":"8.00 ","speed":"76.50 "},{"def":"847.63 ","boom":"4181.82 ","hp":"8631.40 ","matk":"1713.88 ","atk":"0.00 ","M_Def":"1825.66 ","id":52,"boomhurt":"22727.27 ","movevalue":"71.40 ","movestome":"8.00 ","speed":"76.50 "},{"def":"869.53 ","boom":"4209.70 ","hp":"8842.45 ","matk":"1758.16 ","atk":"0.00 ","M_Def":"1872.82 ","id":53,"boomhurt":"22878.79 ","movevalue":"71.40 ","movestome":"8.00 ","speed":"76.50 "},{"def":"891.59 ","boom":"4237.58 ","hp":"9054.87 ","matk":"1802.78 ","atk":"0.00 ","M_Def":"1920.35 ","id":54,"boomhurt":"23030.30 ","movevalue":"71.40 ","movestome":"8.00 ","speed":"76.50 "},{"def":"913.83 ","boom":"4265.45 ","hp":"9268.65 ","matk":"1847.73 ","atk":"0.00 ","M_Def":"1968.24 ","id":55,"boomhurt":"23181.82 ","movevalue":"71.40 ","movestome":"8.00 ","speed":"76.50 "},{"def":"936.22 ","boom":"4293.33 ","hp":"9483.77 ","matk":"1893.03 ","atk":"0.00 ","M_Def":"2016.48 ","id":56,"boomhurt":"23333.33 ","movevalue":"71.40 ","movestome":"8.00 ","speed":"76.50 "},{"def":"958.79 ","boom":"4321.21 ","hp":"9700.23 ","matk":"1938.65 ","atk":"0.00 ","M_Def":"2065.08 ","id":57,"boomhurt":"23484.85 ","movevalue":"71.40 ","movestome":"8.00 ","speed":"76.50 "},{"def":"981.51 ","boom":"4349.09 ","hp":"9918.01 ","matk":"1984.60 ","atk":"0.00 ","M_Def":"2114.03 ","id":58,"boomhurt":"23636.36 ","movevalue":"71.40 ","movestome":"8.00 ","speed":"76.50 "},{"def":"1004.40 ","boom":"4376.97 ","hp":"10137.10 ","matk":"2030.88 ","atk":"0.00 ","M_Def":"2163.33 ","id":59,"boomhurt":"23787.88 ","movevalue":"71.40 ","movestome":"8.00 ","speed":"76.50 "},{"def":"1027.45 ","boom":"4404.85 ","hp":"10357.48 ","matk":"2077.48 ","atk":"0.00 ","M_Def":"2212.97 ","id":60,"boomhurt":"23939.39 ","movevalue":"71.40 ","movestome":"8.00 ","speed":"76.50 "}]