[{"def":"44.69 ","boom":"1942.50 ","hp":"342.00 ","matk":"0.00 ","atk":"35.20 ","M_Def":"33.20 ","id":1,"boomhurt":"15000.00 ","movevalue":"200.10 ","movestome":"20.00 ","speed":"127.60 "},{"def":"56.78 ","boom":"1962.12 ","hp":"458.77 ","matk":"0.00 ","atk":"44.72 ","M_Def":"42.18 ","id":2,"boomhurt":"15151.52 ","movevalue":"200.10 ","movestome":"20.00 ","speed":"127.60 "},{"def":"70.37 ","boom":"1981.74 ","hp":"584.75 ","matk":"0.00 ","atk":"55.43 ","M_Def":"52.28 ","id":3,"boomhurt":"15303.03 ","movevalue":"200.10 ","movestome":"20.00 ","speed":"127.60 "},{"def":"85.19 ","boom":"2001.36 ","hp":"718.20 ","matk":"0.00 ","atk":"67.10 ","M_Def":"63.28 ","id":4,"boomhurt":"15454.55 ","movevalue":"200.10 ","movestome":"20.00 ","speed":"127.60 "},{"def":"101.05 ","boom":"2020.98 ","hp":"858.08 ","matk":"0.00 ","atk":"79.60 ","M_Def":"75.07 ","id":5,"boomhurt":"15606.06 ","movevalue":"200.10 ","movestome":"20.00 ","speed":"127.60 "},{"def":"117.86 ","boom":"2040.61 ","hp":"1003.72 ","matk":"0.00 ","atk":"92.83 ","M_Def":"87.55 ","id":6,"boomhurt":"15757.58 ","movevalue":"200.10 ","movestome":"20.00 ","speed":"127.60 "},{"def":"135.52 ","boom":"2060.23 ","hp":"1154.60 ","matk":"0.00 ","atk":"106.74 ","M_Def":"100.67 ","id":7,"boomhurt":"15909.09 ","movevalue":"200.10 ","movestome":"20.00 ","speed":"127.60 "},{"def":"153.97 ","boom":"2079.85 ","hp":"1310.33 ","matk":"0.00 ","atk":"121.28 ","M_Def":"114.38 ","id":8,"boomhurt":"16060.61 ","movevalue":"200.10 ","movestome":"20.00 ","speed":"127.60 "},{"def":"173.17 ","boom":"2099.47 ","hp":"1470.60 ","matk":"0.00 ","atk":"136.40 ","M_Def":"128.64 ","id":9,"boomhurt":"16212.12 ","movevalue":"200.10 ","movestome":"20.00 ","speed":"127.60 "},{"def":"193.06 ","boom":"2119.09 ","hp":"1635.15 ","matk":"0.00 ","atk":"152.07 ","M_Def":"143.42 ","id":10,"boomhurt":"16363.64 ","movevalue":"200.10 ","movestome":"20.00 ","speed":"127.60 "},{"def":"213.62 ","boom":"2138.71 ","hp":"1803.76 ","matk":"0.00 ","atk":"168.26 ","M_Def":"158.69 ","id":11,"boomhurt":"16515.15 ","movevalue":"200.10 ","movestome":"20.00 ","speed":"127.60 "},{"def":"234.81 ","boom":"2158.33 ","hp":"1976.23 ","matk":"0.00 ","atk":"184.95 ","M_Def":"174.43 ","id":12,"boomhurt":"16666.67 ","movevalue":"200.10 ","movestome":"20.00 ","speed":"127.60 "},{"def":"256.60 ","boom":"2177.95 ","hp":"2152.41 ","matk":"0.00 ","atk":"202.12 ","M_Def":"190.62 ","id":13,"boomhurt":"16818.18 ","movevalue":"200.10 ","movestome":"20.00 ","speed":"127.60 "},{"def":"278.97 ","boom":"2197.58 ","hp":"2332.15 ","matk":"0.00 ","atk":"219.74 ","M_Def":"207.24 ","id":14,"boomhurt":"16969.70 ","movevalue":"200.10 ","movestome":"20.00 ","speed":"127.60 "},{"def":"301.91 ","boom":"2217.20 ","hp":"2515.32 ","matk":"0.00 ","atk":"237.81 ","M_Def":"224.27 ","id":15,"boomhurt":"17121.21 ","movevalue":"200.10 ","movestome":"20.00 ","speed":"127.60 "},{"def":"325.38 ","boom":"2236.82 ","hp":"2701.80 ","matk":"0.00 ","atk":"256.30 ","M_Def":"241.71 ","id":16,"boomhurt":"17272.73 ","movevalue":"200.10 ","movestome":"20.00 ","speed":"127.60 "},{"def":"349.38 ","boom":"2256.44 ","hp":"2891.49 ","matk":"0.00 ","atk":"275.20 ","M_Def":"259.54 ","id":17,"boomhurt":"17424.24 ","movevalue":"200.10 ","movestome":"20.00 ","speed":"127.60 "},{"def":"373.89 ","boom":"2276.06 ","hp":"3084.28 ","matk":"0.00 ","atk":"294.51 ","M_Def":"277.75 ","id":18,"boomhurt":"17575.76 ","movevalue":"200.10 ","movestome":"20.00 ","speed":"127.60 "},{"def":"398.89 ","boom":"2295.68 ","hp":"3280.11 ","matk":"0.00 ","atk":"314.20 ","M_Def":"296.32 ","id":19,"boomhurt":"17727.27 ","movevalue":"200.10 ","movestome":"20.00 ","speed":"127.60 "},{"def":"424.38 ","boom":"2315.30 ","hp":"3478.87 ","matk":"0.00 ","atk":"334.27 ","M_Def":"315.25 ","id":20,"boomhurt":"17878.79 ","movevalue":"200.10 ","movestome":"20.00 ","speed":"127.60 "},{"def":"450.33 ","boom":"2334.92 ","hp":"3680.50 ","matk":"0.00 ","atk":"354.71 ","M_Def":"334.53 ","id":21,"boomhurt":"18030.30 ","movevalue":"200.10 ","movestome":"20.00 ","speed":"127.60 "},{"def":"476.73 ","boom":"2354.55 ","hp":"3884.93 ","matk":"0.00 ","atk":"375.52 ","M_Def":"354.15 ","id":22,"boomhurt":"18181.82 ","movevalue":"200.10 ","movestome":"20.00 ","speed":"127.60 "},{"def":"503.59 ","boom":"2374.17 ","hp":"4092.10 ","matk":"0.00 ","atk":"396.67 ","M_Def":"374.09 ","id":23,"boomhurt":"18333.33 ","movevalue":"200.10 ","movestome":"20.00 ","speed":"127.60 "},{"def":"530.88 ","boom":"2393.79 ","hp":"4301.94 ","matk":"0.00 ","atk":"418.17 ","M_Def":"394.37 ","id":24,"boomhurt":"18484.85 ","movevalue":"200.10 ","movestome":"20.00 ","speed":"127.60 "},{"def":"558.60 ","boom":"2413.41 ","hp":"4514.40 ","matk":"0.00 ","atk":"440.00 ","M_Def":"414.96 ","id":25,"boomhurt":"18636.36 ","movevalue":"200.10 ","movestome":"20.00 ","speed":"127.60 "},{"def":"586.74 ","boom":"2433.03 ","hp":"4729.42 ","matk":"0.00 ","atk":"462.16 ","M_Def":"435.86 ","id":26,"boomhurt":"18787.88 ","movevalue":"200.10 ","movestome":"20.00 ","speed":"127.60 "},{"def":"615.29 ","boom":"2452.65 ","hp":"4946.96 ","matk":"0.00 ","atk":"484.65 ","M_Def":"457.07 ","id":27,"boomhurt":"18939.39 ","movevalue":"200.10 ","movestome":"20.00 ","speed":"127.60 "},{"def":"644.24 ","boom":"2472.27 ","hp":"5166.97 ","matk":"0.00 ","atk":"507.46 ","M_Def":"478.58 ","id":28,"boomhurt":"19090.91 ","movevalue":"200.10 ","movestome":"20.00 ","speed":"127.60 "},{"def":"673.59 ","boom":"2491.89 ","hp":"5389.40 ","matk":"0.00 ","atk":"530.57 ","M_Def":"500.38 ","id":29,"boomhurt":"19242.42 ","movevalue":"200.10 ","movestome":"20.00 ","speed":"127.60 "},{"def":"703.32 ","boom":"2511.52 ","hp":"5614.22 ","matk":"0.00 ","atk":"554.00 ","M_Def":"522.47 ","id":30,"boomhurt":"19393.94 ","movevalue":"200.10 ","movestome":"20.00 ","speed":"127.60 "},{"def":"733.44 ","boom":"2531.14 ","hp":"5841.37 ","matk":"0.00 ","atk":"577.72 ","M_Def":"544.84 ","id":31,"boomhurt":"19545.45 ","movevalue":"200.10 ","movestome":"20.00 ","speed":"127.60 "},{"def":"763.94 ","boom":"2550.76 ","hp":"6070.83 ","matk":"0.00 ","atk":"601.74 ","M_Def":"567.50 ","id":32,"boomhurt":"19696.97 ","movevalue":"200.10 ","movestome":"20.00 ","speed":"127.60 "},{"def":"794.81 ","boom":"2570.38 ","hp":"6302.56 ","matk":"0.00 ","atk":"626.06 ","M_Def":"590.43 ","id":33,"boomhurt":"19848.48 ","movevalue":"200.10 ","movestome":"20.00 ","speed":"127.60 "},{"def":"826.04 ","boom":"2590.00 ","hp":"6536.52 ","matk":"0.00 ","atk":"650.66 ","M_Def":"613.63 ","id":34,"boomhurt":"20000.00 ","movevalue":"200.10 ","movestome":"20.00 ","speed":"127.60 "},{"def":"857.63 ","boom":"2609.62 ","hp":"6772.67 ","matk":"0.00 ","atk":"675.54 ","M_Def":"637.09 ","id":35,"boomhurt":"20151.52 ","movevalue":"200.10 ","movestome":"20.00 ","speed":"127.60 "},{"def":"889.57 ","boom":"2629.24 ","hp":"7011.00 ","matk":"0.00 ","atk":"700.70 ","M_Def":"660.82 ","id":36,"boomhurt":"20303.03 ","movevalue":"200.10 ","movestome":"20.00 ","speed":"127.60 "},{"def":"921.86 ","boom":"2648.86 ","hp":"7251.46 ","matk":"0.00 ","atk":"726.14 ","M_Def":"684.81 ","id":37,"boomhurt":"20454.55 ","movevalue":"200.10 ","movestome":"20.00 ","speed":"127.60 "},{"def":"954.50 ","boom":"2668.48 ","hp":"7494.04 ","matk":"0.00 ","atk":"751.85 ","M_Def":"709.06 ","id":38,"boomhurt":"20606.06 ","movevalue":"200.10 ","movestome":"20.00 ","speed":"127.60 "},{"def":"987.48 ","boom":"2688.11 ","hp":"7738.69 ","matk":"0.00 ","atk":"777.82 ","M_Def":"733.56 ","id":39,"boomhurt":"20757.58 ","movevalue":"200.10 ","movestome":"20.00 ","speed":"127.60 "},{"def":"1020.79 ","boom":"2707.73 ","hp":"7985.40 ","matk":"0.00 ","atk":"804.06 ","M_Def":"758.30 ","id":40,"boomhurt":"20909.09 ","movevalue":"200.10 ","movestome":"20.00 ","speed":"127.60 "},{"def":"1054.44 ","boom":"2727.35 ","hp":"8234.13 ","matk":"0.00 ","atk":"830.56 ","M_Def":"783.30 ","id":41,"boomhurt":"21060.61 ","movevalue":"200.10 ","movestome":"20.00 ","speed":"127.60 "},{"def":"1088.41 ","boom":"2746.97 ","hp":"8484.87 ","matk":"0.00 ","atk":"857.32 ","M_Def":"808.53 ","id":42,"boomhurt":"21212.12 ","movevalue":"200.10 ","movestome":"20.00 ","speed":"127.60 "},{"def":"1122.70 ","boom":"2766.59 ","hp":"8737.58 ","matk":"0.00 ","atk":"884.33 ","M_Def":"834.01 ","id":43,"boomhurt":"21363.64 ","movevalue":"200.10 ","movestome":"20.00 ","speed":"127.60 "},{"def":"1157.32 ","boom":"2786.21 ","hp":"8992.26 ","matk":"0.00 ","atk":"911.60 ","M_Def":"859.72 ","id":44,"boomhurt":"21515.15 ","movevalue":"200.10 ","movestome":"20.00 ","speed":"127.60 "},{"def":"1192.25 ","boom":"2805.83 ","hp":"9248.86 ","matk":"0.00 ","atk":"939.11 ","M_Def":"885.67 ","id":45,"boomhurt":"21666.67 ","movevalue":"200.10 ","movestome":"20.00 ","speed":"127.60 "},{"def":"1227.49 ","boom":"2825.45 ","hp":"9507.38 ","matk":"0.00 ","atk":"966.87 ","M_Def":"911.85 ","id":46,"boomhurt":"21818.18 ","movevalue":"200.10 ","movestome":"20.00 ","speed":"127.60 "},{"def":"1263.04 ","boom":"2845.08 ","hp":"9767.79 ","matk":"0.00 ","atk":"994.87 ","M_Def":"938.26 ","id":47,"boomhurt":"21969.70 ","movevalue":"200.10 ","movestome":"20.00 ","speed":"127.60 "},{"def":"1298.90 ","boom":"2864.70 ","hp":"10030.07 ","matk":"0.00 ","atk":"1023.12 ","M_Def":"964.89 ","id":48,"boomhurt":"22121.21 ","movevalue":"200.10 ","movestome":"20.00 ","speed":"127.60 "},{"def":"1335.05 ","boom":"2884.32 ","hp":"10294.20 ","matk":"0.00 ","atk":"1051.60 ","M_Def":"991.75 ","id":49,"boomhurt":"22272.73 ","movevalue":"200.10 ","movestome":"20.00 ","speed":"127.60 "},{"def":"1371.51 ","boom":"2903.94 ","hp":"10560.16 ","matk":"0.00 ","atk":"1080.32 ","M_Def":"1018.84 ","id":50,"boomhurt":"22424.24 ","movevalue":"200.10 ","movestome":"20.00 ","speed":"127.60 "},{"def":"1408.27 ","boom":"2923.56 ","hp":"10827.94 ","matk":"0.00 ","atk":"1109.27 ","M_Def":"1046.14 ","id":51,"boomhurt":"22575.76 ","movevalue":"200.10 ","movestome":"20.00 ","speed":"127.60 "},{"def":"1445.31 ","boom":"2943.18 ","hp":"11097.51 ","matk":"0.00 ","atk":"1138.45 ","M_Def":"1073.66 ","id":52,"boomhurt":"22727.27 ","movevalue":"200.10 ","movestome":"20.00 ","speed":"127.60 "},{"def":"1482.65 ","boom":"2962.80 ","hp":"11368.86 ","matk":"0.00 ","atk":"1167.86 ","M_Def":"1101.40 ","id":53,"boomhurt":"22878.79 ","movevalue":"200.10 ","movestome":"20.00 ","speed":"127.60 "},{"def":"1520.28 ","boom":"2982.42 ","hp":"11641.98 ","matk":"0.00 ","atk":"1197.50 ","M_Def":"1129.35 ","id":54,"boomhurt":"23030.30 ","movevalue":"200.10 ","movestome":"20.00 ","speed":"127.60 "},{"def":"1558.19 ","boom":"3002.05 ","hp":"11916.83 ","matk":"0.00 ","atk":"1227.36 ","M_Def":"1157.51 ","id":55,"boomhurt":"23181.82 ","movevalue":"200.10 ","movestome":"20.00 ","speed":"127.60 "},{"def":"1596.38 ","boom":"3021.67 ","hp":"12193.42 ","matk":"0.00 ","atk":"1257.44 ","M_Def":"1185.88 ","id":56,"boomhurt":"23333.33 ","movevalue":"200.10 ","movestome":"20.00 ","speed":"127.60 "},{"def":"1634.86 ","boom":"3041.29 ","hp":"12471.72 ","matk":"0.00 ","atk":"1287.75 ","M_Def":"1214.46 ","id":57,"boomhurt":"23484.85 ","movevalue":"200.10 ","movestome":"20.00 ","speed":"127.60 "},{"def":"1673.61 ","boom":"3060.91 ","hp":"12751.72 ","matk":"0.00 ","atk":"1318.27 ","M_Def":"1243.25 ","id":58,"boomhurt":"23636.36 ","movevalue":"200.10 ","movestome":"20.00 ","speed":"127.60 "},{"def":"1712.63 ","boom":"3080.53 ","hp":"13033.41 ","matk":"0.00 ","atk":"1349.01 ","M_Def":"1272.24 ","id":59,"boomhurt":"23787.88 ","movevalue":"200.10 ","movestome":"20.00 ","speed":"127.60 "},{"def":"1751.93 ","boom":"3100.15 ","hp":"13316.76 ","matk":"0.00 ","atk":"1379.97 ","M_Def":"1301.43 ","id":60,"boomhurt":"23939.39 ","movevalue":"200.10 ","movestome":"20.00 ","speed":"127.60 "}]