[{"def":"22.85 ","boom":"855.00 ","hp":"216.00 ","matk":"0.00 ","atk":"40.32 ","M_Def":"64.89 ","id":1,"boomhurt":"14250.00 ","movevalue":"85.50 ","movestome":"8.00 ","speed":"86.00 "},{"def":"29.03 ","boom":"863.64 ","hp":"289.75 ","matk":"0.00 ","atk":"51.23 ","M_Def":"82.44 ","id":2,"boomhurt":"14393.94 ","movevalue":"85.50 ","movestome":"8.00 ","speed":"86.00 "},{"def":"35.98 ","boom":"872.27 ","hp":"369.32 ","matk":"0.00 ","atk":"63.49 ","M_Def":"102.18 ","id":3,"boomhurt":"14537.88 ","movevalue":"85.50 ","movestome":"8.00 ","speed":"86.00 "},{"def":"43.55 ","boom":"880.91 ","hp":"453.60 ","matk":"0.00 ","atk":"76.86 ","M_Def":"123.69 ","id":4,"boomhurt":"14681.82 ","movevalue":"85.50 ","movestome":"8.00 ","speed":"86.00 "},{"def":"51.67 ","boom":"889.55 ","hp":"541.95 ","matk":"0.00 ","atk":"91.17 ","M_Def":"146.73 ","id":5,"boomhurt":"14825.76 ","movevalue":"85.50 ","movestome":"8.00 ","speed":"86.00 "},{"def":"60.26 ","boom":"898.18 ","hp":"633.93 ","matk":"0.00 ","atk":"106.34 ","M_Def":"171.13 ","id":6,"boomhurt":"14969.70 ","movevalue":"85.50 ","movestome":"8.00 ","speed":"86.00 "},{"def":"69.29 ","boom":"906.82 ","hp":"729.22 ","matk":"0.00 ","atk":"122.27 ","M_Def":"196.77 ","id":7,"boomhurt":"15113.64 ","movevalue":"85.50 ","movestome":"8.00 ","speed":"86.00 "},{"def":"78.72 ","boom":"915.45 ","hp":"827.58 ","matk":"0.00 ","atk":"138.92 ","M_Def":"223.57 ","id":8,"boomhurt":"15257.58 ","movevalue":"85.50 ","movestome":"8.00 ","speed":"86.00 "},{"def":"88.54 ","boom":"924.09 ","hp":"928.80 ","matk":"0.00 ","atk":"156.24 ","M_Def":"251.44 ","id":9,"boomhurt":"15401.52 ","movevalue":"85.50 ","movestome":"8.00 ","speed":"86.00 "},{"def":"98.71 ","boom":"932.73 ","hp":"1032.73 ","matk":"0.00 ","atk":"174.19 ","M_Def":"280.33 ","id":10,"boomhurt":"15545.45 ","movevalue":"85.50 ","movestome":"8.00 ","speed":"86.00 "},{"def":"109.22 ","boom":"941.36 ","hp":"1139.22 ","matk":"0.00 ","atk":"192.74 ","M_Def":"310.18 ","id":11,"boomhurt":"15689.39 ","movevalue":"85.50 ","movestome":"8.00 ","speed":"86.00 "},{"def":"120.05 ","boom":"950.00 ","hp":"1248.15 ","matk":"0.00 ","atk":"211.85 ","M_Def":"340.94 ","id":12,"boomhurt":"15833.33 ","movevalue":"85.50 ","movestome":"8.00 ","speed":"86.00 "},{"def":"131.19 ","boom":"958.64 ","hp":"1359.42 ","matk":"0.00 ","atk":"231.52 ","M_Def":"372.59 ","id":13,"boomhurt":"15977.27 ","movevalue":"85.50 ","movestome":"8.00 ","speed":"86.00 "},{"def":"142.63 ","boom":"967.27 ","hp":"1472.94 ","matk":"0.00 ","atk":"251.71 ","M_Def":"405.08 ","id":14,"boomhurt":"16121.21 ","movevalue":"85.50 ","movestome":"8.00 ","speed":"86.00 "},{"def":"154.36 ","boom":"975.91 ","hp":"1588.62 ","matk":"0.00 ","atk":"272.40 ","M_Def":"438.38 ","id":15,"boomhurt":"16265.15 ","movevalue":"85.50 ","movestome":"8.00 ","speed":"86.00 "},{"def":"166.36 ","boom":"984.55 ","hp":"1706.40 ","matk":"0.00 ","atk":"293.58 ","M_Def":"472.47 ","id":16,"boomhurt":"16409.09 ","movevalue":"85.50 ","movestome":"8.00 ","speed":"86.00 "},{"def":"178.63 ","boom":"993.18 ","hp":"1826.20 ","matk":"0.00 ","atk":"315.23 ","M_Def":"507.32 ","id":17,"boomhurt":"16553.03 ","movevalue":"85.50 ","movestome":"8.00 ","speed":"86.00 "},{"def":"191.16 ","boom":"1001.82 ","hp":"1947.97 ","matk":"0.00 ","atk":"337.35 ","M_Def":"542.90 ","id":18,"boomhurt":"16696.97 ","movevalue":"85.50 ","movestome":"8.00 ","speed":"86.00 "},{"def":"203.95 ","boom":"1010.45 ","hp":"2071.65 ","matk":"0.00 ","atk":"359.90 ","M_Def":"579.21 ","id":19,"boomhurt":"16840.91 ","movevalue":"85.50 ","movestome":"8.00 ","speed":"86.00 "},{"def":"216.97 ","boom":"1019.09 ","hp":"2197.18 ","matk":"0.00 ","atk":"382.90 ","M_Def":"616.21 ","id":20,"boomhurt":"16984.85 ","movevalue":"85.50 ","movestome":"8.00 ","speed":"86.00 "},{"def":"230.24 ","boom":"1027.73 ","hp":"2324.53 ","matk":"0.00 ","atk":"406.31 ","M_Def":"653.89 ","id":21,"boomhurt":"17128.79 ","movevalue":"85.50 ","movestome":"8.00 ","speed":"86.00 "},{"def":"243.74 ","boom":"1036.36 ","hp":"2453.64 ","matk":"0.00 ","atk":"430.14 ","M_Def":"692.23 ","id":22,"boomhurt":"17272.73 ","movevalue":"85.50 ","movestome":"8.00 ","speed":"86.00 "},{"def":"257.47 ","boom":"1045.00 ","hp":"2584.48 ","matk":"0.00 ","atk":"454.37 ","M_Def":"731.23 ","id":23,"boomhurt":"17416.67 ","movevalue":"85.50 ","movestome":"8.00 ","speed":"86.00 "},{"def":"271.43 ","boom":"1053.64 ","hp":"2717.02 ","matk":"0.00 ","atk":"478.99 ","M_Def":"770.86 ","id":24,"boomhurt":"17560.61 ","movevalue":"85.50 ","movestome":"8.00 ","speed":"86.00 "},{"def":"285.60 ","boom":"1062.27 ","hp":"2851.20 ","matk":"0.00 ","atk":"504.00 ","M_Def":"811.10 ","id":25,"boomhurt":"17704.55 ","movevalue":"85.50 ","movestome":"8.00 ","speed":"86.00 "},{"def":"299.99 ","boom":"1070.91 ","hp":"2987.00 ","matk":"0.00 ","atk":"529.39 ","M_Def":"851.96 ","id":26,"boomhurt":"17848.48 ","movevalue":"85.50 ","movestome":"8.00 ","speed":"86.00 "},{"def":"314.58 ","boom":"1079.55 ","hp":"3124.40 ","matk":"0.00 ","atk":"555.15 ","M_Def":"893.42 ","id":27,"boomhurt":"17992.42 ","movevalue":"85.50 ","movestome":"8.00 ","speed":"86.00 "},{"def":"329.39 ","boom":"1088.18 ","hp":"3263.35 ","matk":"0.00 ","atk":"581.27 ","M_Def":"935.45 ","id":28,"boomhurt":"18136.36 ","movevalue":"85.50 ","movestome":"8.00 ","speed":"86.00 "},{"def":"344.39 ","boom":"1096.82 ","hp":"3403.83 ","matk":"0.00 ","atk":"607.75 ","M_Def":"978.07 ","id":29,"boomhurt":"18280.30 ","movevalue":"85.50 ","movestome":"8.00 ","speed":"86.00 "},{"def":"359.59 ","boom":"1105.45 ","hp":"3545.82 ","matk":"0.00 ","atk":"634.58 ","M_Def":"1021.25 ","id":30,"boomhurt":"18424.24 ","movevalue":"85.50 ","movestome":"8.00 ","speed":"86.00 "},{"def":"374.99 ","boom":"1114.09 ","hp":"3689.29 ","matk":"0.00 ","atk":"661.75 ","M_Def":"1064.98 ","id":31,"boomhurt":"18568.18 ","movevalue":"85.50 ","movestome":"8.00 ","speed":"86.00 "},{"def":"390.59 ","boom":"1122.73 ","hp":"3834.21 ","matk":"0.00 ","atk":"689.27 ","M_Def":"1109.26 ","id":32,"boomhurt":"18712.12 ","movevalue":"85.50 ","movestome":"8.00 ","speed":"86.00 "},{"def":"406.37 ","boom":"1131.36 ","hp":"3980.56 ","matk":"0.00 ","atk":"717.12 ","M_Def":"1154.08 ","id":33,"boomhurt":"18856.06 ","movevalue":"85.50 ","movestome":"8.00 ","speed":"86.00 "},{"def":"422.33 ","boom":"1140.00 ","hp":"4128.33 ","matk":"0.00 ","atk":"745.30 ","M_Def":"1199.43 ","id":34,"boomhurt":"19000.00 ","movevalue":"85.50 ","movestome":"8.00 ","speed":"86.00 "},{"def":"438.49 ","boom":"1148.64 ","hp":"4277.48 ","matk":"0.00 ","atk":"773.80 ","M_Def":"1245.30 ","id":35,"boomhurt":"19143.94 ","movevalue":"85.50 ","movestome":"8.00 ","speed":"86.00 "},{"def":"454.82 ","boom":"1157.27 ","hp":"4428.00 ","matk":"0.00 ","atk":"802.62 ","M_Def":"1291.68 ","id":36,"boomhurt":"19287.88 ","movevalue":"85.50 ","movestome":"8.00 ","speed":"86.00 "},{"def":"471.33 ","boom":"1165.91 ","hp":"4579.87 ","matk":"0.00 ","atk":"831.76 ","M_Def":"1338.57 ","id":37,"boomhurt":"19431.82 ","movevalue":"85.50 ","movestome":"8.00 ","speed":"86.00 "},{"def":"488.02 ","boom":"1174.55 ","hp":"4733.08 ","matk":"0.00 ","atk":"861.20 ","M_Def":"1385.96 ","id":38,"boomhurt":"19575.76 ","movevalue":"85.50 ","movestome":"8.00 ","speed":"86.00 "},{"def":"504.88 ","boom":"1183.18 ","hp":"4887.59 ","matk":"0.00 ","atk":"890.96 ","M_Def":"1433.85 ","id":39,"boomhurt":"19719.70 ","movevalue":"85.50 ","movestome":"8.00 ","speed":"86.00 "},{"def":"521.91 ","boom":"1191.82 ","hp":"5043.41 ","matk":"0.00 ","atk":"921.02 ","M_Def":"1482.22 ","id":40,"boomhurt":"19863.64 ","movevalue":"85.50 ","movestome":"8.00 ","speed":"86.00 "},{"def":"539.11 ","boom":"1200.45 ","hp":"5200.50 ","matk":"0.00 ","atk":"951.37 ","M_Def":"1531.07 ","id":41,"boomhurt":"20007.58 ","movevalue":"85.50 ","movestome":"8.00 ","speed":"86.00 "},{"def":"556.48 ","boom":"1209.09 ","hp":"5358.86 ","matk":"0.00 ","atk":"982.02 ","M_Def":"1580.40 ","id":42,"boomhurt":"20151.52 ","movevalue":"85.50 ","movestome":"8.00 ","speed":"86.00 "},{"def":"574.01 ","boom":"1217.73 ","hp":"5518.47 ","matk":"0.00 ","atk":"1012.96 ","M_Def":"1630.20 ","id":43,"boomhurt":"20295.45 ","movevalue":"85.50 ","movestome":"8.00 ","speed":"86.00 "},{"def":"591.71 ","boom":"1226.36 ","hp":"5679.32 ","matk":"0.00 ","atk":"1044.19 ","M_Def":"1680.46 ","id":44,"boomhurt":"20439.39 ","movevalue":"85.50 ","movestome":"8.00 ","speed":"86.00 "},{"def":"609.57 ","boom":"1235.00 ","hp":"5841.39 ","matk":"0.00 ","atk":"1075.71 ","M_Def":"1731.18 ","id":45,"boomhurt":"20583.33 ","movevalue":"85.50 ","movestome":"8.00 ","speed":"86.00 "},{"def":"627.59 ","boom":"1243.64 ","hp":"6004.66 ","matk":"0.00 ","atk":"1107.51 ","M_Def":"1782.35 ","id":46,"boomhurt":"20727.27 ","movevalue":"85.50 ","movestome":"8.00 ","speed":"86.00 "},{"def":"645.76 ","boom":"1252.27 ","hp":"6169.13 ","matk":"0.00 ","atk":"1139.58 ","M_Def":"1833.97 ","id":47,"boomhurt":"20871.21 ","movevalue":"85.50 ","movestome":"8.00 ","speed":"86.00 "},{"def":"664.10 ","boom":"1260.91 ","hp":"6334.78 ","matk":"0.00 ","atk":"1171.94 ","M_Def":"1886.03 ","id":48,"boomhurt":"21015.15 ","movevalue":"85.50 ","movestome":"8.00 ","speed":"86.00 "},{"def":"682.58 ","boom":"1269.55 ","hp":"6501.60 ","matk":"0.00 ","atk":"1204.56 ","M_Def":"1938.54 ","id":49,"boomhurt":"21159.09 ","movevalue":"85.50 ","movestome":"8.00 ","speed":"86.00 "},{"def":"701.22 ","boom":"1278.18 ","hp":"6669.58 ","matk":"0.00 ","atk":"1237.45 ","M_Def":"1991.48 ","id":50,"boomhurt":"21303.03 ","movevalue":"85.50 ","movestome":"8.00 ","speed":"86.00 "},{"def":"720.02 ","boom":"1286.82 ","hp":"6838.70 ","matk":"0.00 ","atk":"1270.62 ","M_Def":"2044.85 ","id":51,"boomhurt":"21446.97 ","movevalue":"85.50 ","movestome":"8.00 ","speed":"86.00 "},{"def":"738.96 ","boom":"1295.45 ","hp":"7008.96 ","matk":"0.00 ","atk":"1304.04 ","M_Def":"2098.64 ","id":52,"boomhurt":"21590.91 ","movevalue":"85.50 ","movestome":"8.00 ","speed":"86.00 "},{"def":"758.05 ","boom":"1304.09 ","hp":"7180.33 ","matk":"0.00 ","atk":"1337.73 ","M_Def":"2152.86 ","id":53,"boomhurt":"21734.85 ","movevalue":"85.50 ","movestome":"8.00 ","speed":"86.00 "},{"def":"777.29 ","boom":"1312.73 ","hp":"7352.83 ","matk":"0.00 ","atk":"1371.68 ","M_Def":"2207.49 ","id":54,"boomhurt":"21878.79 ","movevalue":"85.50 ","movestome":"8.00 ","speed":"86.00 "},{"def":"796.67 ","boom":"1321.36 ","hp":"7526.42 ","matk":"0.00 ","atk":"1405.89 ","M_Def":"2262.54 ","id":55,"boomhurt":"22022.73 ","movevalue":"85.50 ","movestome":"8.00 ","speed":"86.00 "},{"def":"816.20 ","boom":"1330.00 ","hp":"7701.11 ","matk":"0.00 ","atk":"1440.35 ","M_Def":"2318.00 ","id":56,"boomhurt":"22166.67 ","movevalue":"85.50 ","movestome":"8.00 ","speed":"86.00 "},{"def":"835.87 ","boom":"1338.64 ","hp":"7876.88 ","matk":"0.00 ","atk":"1475.06 ","M_Def":"2373.86 ","id":57,"boomhurt":"22310.61 ","movevalue":"85.50 ","movestome":"8.00 ","speed":"86.00 "},{"def":"855.68 ","boom":"1347.27 ","hp":"8053.72 ","matk":"0.00 ","atk":"1510.02 ","M_Def":"2430.13 ","id":58,"boomhurt":"22454.55 ","movevalue":"85.50 ","movestome":"8.00 ","speed":"86.00 "},{"def":"875.63 ","boom":"1355.91 ","hp":"8231.63 ","matk":"0.00 ","atk":"1545.23 ","M_Def":"2486.79 ","id":59,"boomhurt":"22598.48 ","movevalue":"85.50 ","movestome":"8.00 ","speed":"86.00 "},{"def":"895.72 ","boom":"1364.55 ","hp":"8410.59 ","matk":"0.00 ","atk":"1580.69 ","M_Def":"2543.86 ","id":60,"boomhurt":"22742.42 ","movevalue":"85.50 ","movestome":"8.00 ","speed":"86.00 "}]