[{"def":"29.12 ","boom":"2300.00 ","hp":"280.00 ","matk":"41.47 ","atk":"0.00 ","M_Def":"53.63 ","id":1,"boomhurt":"15000.00 ","movevalue":"79.90 ","movestome":"7.00 ","speed":"81.90 "},{"def":"37.00 ","boom":"2323.23 ","hp":"375.60 ","matk":"52.69 ","atk":"0.00 ","M_Def":"68.13 ","id":2,"boomhurt":"15151.52 ","movevalue":"79.90 ","movestome":"7.00 ","speed":"81.90 "},{"def":"45.86 ","boom":"2346.46 ","hp":"478.75 ","matk":"65.31 ","atk":"0.00 ","M_Def":"84.45 ","id":3,"boomhurt":"15303.03 ","movevalue":"79.90 ","movestome":"7.00 ","speed":"81.90 "},{"def":"55.51 ","boom":"2369.70 ","hp":"588.00 ","matk":"79.06 ","atk":"0.00 ","M_Def":"102.22 ","id":4,"boomhurt":"15454.55 ","movevalue":"79.90 ","movestome":"7.00 ","speed":"81.90 "},{"def":"65.85 ","boom":"2392.93 ","hp":"702.52 ","matk":"93.78 ","atk":"0.00 ","M_Def":"121.26 ","id":5,"boomhurt":"15606.06 ","movevalue":"79.90 ","movestome":"7.00 ","speed":"81.90 "},{"def":"76.80 ","boom":"2416.16 ","hp":"821.76 ","matk":"109.37 ","atk":"0.00 ","M_Def":"141.43 ","id":6,"boomhurt":"15757.58 ","movevalue":"79.90 ","movestome":"7.00 ","speed":"81.90 "},{"def":"88.31 ","boom":"2439.39 ","hp":"945.28 ","matk":"125.76 ","atk":"0.00 ","M_Def":"162.62 ","id":7,"boomhurt":"15909.09 ","movevalue":"79.90 ","movestome":"7.00 ","speed":"81.90 "},{"def":"100.33 ","boom":"2462.63 ","hp":"1072.78 ","matk":"142.89 ","atk":"0.00 ","M_Def":"184.77 ","id":8,"boomhurt":"16060.61 ","movevalue":"79.90 ","movestome":"7.00 ","speed":"81.90 "},{"def":"112.84 ","boom":"2485.86 ","hp":"1204.00 ","matk":"160.70 ","atk":"0.00 ","M_Def":"207.80 ","id":9,"boomhurt":"16212.12 ","movevalue":"79.90 ","movestome":"7.00 ","speed":"81.90 "},{"def":"125.80 ","boom":"2509.09 ","hp":"1338.72 ","matk":"179.17 ","atk":"0.00 ","M_Def":"231.67 ","id":10,"boomhurt":"16363.64 ","movevalue":"79.90 ","movestome":"7.00 ","speed":"81.90 "},{"def":"139.20 ","boom":"2532.32 ","hp":"1476.76 ","matk":"198.24 ","atk":"0.00 ","M_Def":"256.34 ","id":11,"boomhurt":"16515.15 ","movevalue":"79.90 ","movestome":"7.00 ","speed":"81.90 "},{"def":"153.01 ","boom":"2555.56 ","hp":"1617.97 ","matk":"217.91 ","atk":"0.00 ","M_Def":"281.77 ","id":12,"boomhurt":"16666.67 ","movevalue":"79.90 ","movestome":"7.00 ","speed":"81.90 "},{"def":"167.21 ","boom":"2578.79 ","hp":"1762.21 ","matk":"238.13 ","atk":"0.00 ","M_Def":"307.92 ","id":13,"boomhurt":"16818.18 ","movevalue":"79.90 ","movestome":"7.00 ","speed":"81.90 "},{"def":"181.79 ","boom":"2602.02 ","hp":"1909.36 ","matk":"258.90 ","atk":"0.00 ","M_Def":"334.77 ","id":14,"boomhurt":"16969.70 ","movevalue":"79.90 ","movestome":"7.00 ","speed":"81.90 "},{"def":"196.73 ","boom":"2625.25 ","hp":"2059.33 ","matk":"280.18 ","atk":"0.00 ","M_Def":"362.29 ","id":15,"boomhurt":"17121.21 ","movevalue":"79.90 ","movestome":"7.00 ","speed":"81.90 "},{"def":"212.03 ","boom":"2648.48 ","hp":"2212.00 ","matk":"301.97 ","atk":"0.00 ","M_Def":"390.46 ","id":16,"boomhurt":"17272.73 ","movevalue":"79.90 ","movestome":"7.00 ","speed":"81.90 "},{"def":"227.67 ","boom":"2671.72 ","hp":"2367.30 ","matk":"324.24 ","atk":"0.00 ","M_Def":"419.26 ","id":17,"boomhurt":"17424.24 ","movevalue":"79.90 ","movestome":"7.00 ","speed":"81.90 "},{"def":"243.64 ","boom":"2694.95 ","hp":"2525.15 ","matk":"346.98 ","atk":"0.00 ","M_Def":"448.67 ","id":18,"boomhurt":"17575.76 ","movevalue":"79.90 ","movestome":"7.00 ","speed":"81.90 "},{"def":"259.93 ","boom":"2718.18 ","hp":"2685.47 ","matk":"370.19 ","atk":"0.00 ","M_Def":"478.67 ","id":19,"boomhurt":"17727.27 ","movevalue":"79.90 ","movestome":"7.00 ","speed":"81.90 "},{"def":"276.54 ","boom":"2741.41 ","hp":"2848.20 ","matk":"393.84 ","atk":"0.00 ","M_Def":"509.25 ","id":20,"boomhurt":"17878.79 ","movevalue":"79.90 ","movestome":"7.00 ","speed":"81.90 "},{"def":"293.45 ","boom":"2764.65 ","hp":"3013.28 ","matk":"417.92 ","atk":"0.00 ","M_Def":"540.39 ","id":21,"boomhurt":"18030.30 ","movevalue":"79.90 ","movestome":"7.00 ","speed":"81.90 "},{"def":"310.65 ","boom":"2787.88 ","hp":"3180.65 ","matk":"442.43 ","atk":"0.00 ","M_Def":"572.08 ","id":22,"boomhurt":"18181.82 ","movevalue":"79.90 ","movestome":"7.00 ","speed":"81.90 "},{"def":"328.15 ","boom":"2811.11 ","hp":"3350.26 ","matk":"467.35 ","atk":"0.00 ","M_Def":"604.31 ","id":23,"boomhurt":"18333.33 ","movevalue":"79.90 ","movestome":"7.00 ","speed":"81.90 "},{"def":"345.94 ","boom":"2834.34 ","hp":"3522.06 ","matk":"492.68 ","atk":"0.00 ","M_Def":"637.06 ","id":24,"boomhurt":"18484.85 ","movevalue":"79.90 ","movestome":"7.00 ","speed":"81.90 "},{"def":"364.00 ","boom":"2857.58 ","hp":"3696.00 ","matk":"518.40 ","atk":"0.00 ","M_Def":"670.32 ","id":25,"boomhurt":"18636.36 ","movevalue":"79.90 ","movestome":"7.00 ","speed":"81.90 "},{"def":"382.34 ","boom":"2880.81 ","hp":"3872.04 ","matk":"544.51 ","atk":"0.00 ","M_Def":"704.09 ","id":26,"boomhurt":"18787.88 ","movevalue":"79.90 ","movestome":"7.00 ","speed":"81.90 "},{"def":"400.94 ","boom":"2904.04 ","hp":"4050.15 ","matk":"571.01 ","atk":"0.00 ","M_Def":"738.34 ","id":27,"boomhurt":"18939.39 ","movevalue":"79.90 ","movestome":"7.00 ","speed":"81.90 "},{"def":"419.80 ","boom":"2927.27 ","hp":"4230.27 ","matk":"597.88 ","atk":"0.00 ","M_Def":"773.09 ","id":28,"boomhurt":"19090.91 ","movevalue":"79.90 ","movestome":"7.00 ","speed":"81.90 "},{"def":"438.93 ","boom":"2950.51 ","hp":"4412.38 ","matk":"625.11 ","atk":"0.00 ","M_Def":"808.30 ","id":29,"boomhurt":"19242.42 ","movevalue":"79.90 ","movestome":"7.00 ","speed":"81.90 "},{"def":"458.31 ","boom":"2973.74 ","hp":"4596.43 ","matk":"652.71 ","atk":"0.00 ","M_Def":"843.99 ","id":30,"boomhurt":"19393.94 ","movevalue":"79.90 ","movestome":"7.00 ","speed":"81.90 "},{"def":"477.93 ","boom":"2996.97 ","hp":"4782.41 ","matk":"680.66 ","atk":"0.00 ","M_Def":"880.13 ","id":31,"boomhurt":"19545.45 ","movevalue":"79.90 ","movestome":"7.00 ","speed":"81.90 "},{"def":"497.81 ","boom":"3020.20 ","hp":"4970.27 ","matk":"708.96 ","atk":"0.00 ","M_Def":"916.73 ","id":32,"boomhurt":"19696.97 ","movevalue":"79.90 ","movestome":"7.00 ","speed":"81.90 "},{"def":"517.92 ","boom":"3043.43 ","hp":"5159.99 ","matk":"737.61 ","atk":"0.00 ","M_Def":"953.77 ","id":33,"boomhurt":"19848.48 ","movevalue":"79.90 ","movestome":"7.00 ","speed":"81.90 "},{"def":"538.27 ","boom":"3066.67 ","hp":"5351.53 ","matk":"766.59 ","atk":"0.00 ","M_Def":"991.24 ","id":34,"boomhurt":"20000.00 ","movevalue":"79.90 ","movestome":"7.00 ","speed":"81.90 "},{"def":"558.85 ","boom":"3089.90 ","hp":"5544.88 ","matk":"795.91 ","atk":"0.00 ","M_Def":"1029.15 ","id":35,"boomhurt":"20151.52 ","movevalue":"79.90 ","movestome":"7.00 ","speed":"81.90 "},{"def":"579.67 ","boom":"3113.13 ","hp":"5740.00 ","matk":"825.55 ","atk":"0.00 ","M_Def":"1067.48 ","id":36,"boomhurt":"20303.03 ","movevalue":"79.90 ","movestome":"7.00 ","speed":"81.90 "},{"def":"600.71 ","boom":"3136.36 ","hp":"5936.87 ","matk":"855.52 ","atk":"0.00 ","M_Def":"1106.24 ","id":37,"boomhurt":"20454.55 ","movevalue":"79.90 ","movestome":"7.00 ","speed":"81.90 "},{"def":"621.98 ","boom":"3159.60 ","hp":"6135.47 ","matk":"885.81 ","atk":"0.00 ","M_Def":"1145.40 ","id":38,"boomhurt":"20606.06 ","movevalue":"79.90 ","movestome":"7.00 ","speed":"81.90 "},{"def":"643.47 ","boom":"3182.83 ","hp":"6335.77 ","matk":"916.41 ","atk":"0.00 ","M_Def":"1184.97 ","id":39,"boomhurt":"20757.58 ","movevalue":"79.90 ","movestome":"7.00 ","speed":"81.90 "},{"def":"665.18 ","boom":"3206.06 ","hp":"6537.75 ","matk":"947.33 ","atk":"0.00 ","M_Def":"1224.95 ","id":40,"boomhurt":"20909.09 ","movevalue":"79.90 ","movestome":"7.00 ","speed":"81.90 "},{"def":"687.10 ","boom":"3229.29 ","hp":"6741.39 ","matk":"978.55 ","atk":"0.00 ","M_Def":"1265.32 ","id":41,"boomhurt":"21060.61 ","movevalue":"79.90 ","movestome":"7.00 ","speed":"81.90 "},{"def":"709.24 ","boom":"3252.53 ","hp":"6946.68 ","matk":"1010.08 ","atk":"0.00 ","M_Def":"1306.09 ","id":42,"boomhurt":"21212.12 ","movevalue":"79.90 ","movestome":"7.00 ","speed":"81.90 "},{"def":"731.59 ","boom":"3275.76 ","hp":"7153.58 ","matk":"1041.91 ","atk":"0.00 ","M_Def":"1347.24 ","id":43,"boomhurt":"21363.64 ","movevalue":"79.90 ","movestome":"7.00 ","speed":"81.90 "},{"def":"754.14 ","boom":"3298.99 ","hp":"7362.08 ","matk":"1074.03 ","atk":"0.00 ","M_Def":"1388.78 ","id":44,"boomhurt":"21515.15 ","movevalue":"79.90 ","movestome":"7.00 ","speed":"81.90 "},{"def":"776.90 ","boom":"3322.22 ","hp":"7572.17 ","matk":"1106.44 ","atk":"0.00 ","M_Def":"1430.69 ","id":45,"boomhurt":"21666.67 ","movevalue":"79.90 ","movestome":"7.00 ","speed":"81.90 "},{"def":"799.87 ","boom":"3345.45 ","hp":"7783.82 ","matk":"1139.15 ","atk":"0.00 ","M_Def":"1472.99 ","id":46,"boomhurt":"21818.18 ","movevalue":"79.90 ","movestome":"7.00 ","speed":"81.90 "},{"def":"823.03 ","boom":"3368.69 ","hp":"7997.02 ","matk":"1172.14 ","atk":"0.00 ","M_Def":"1515.65 ","id":47,"boomhurt":"21969.70 ","movevalue":"79.90 ","movestome":"7.00 ","speed":"81.90 "},{"def":"846.40 ","boom":"3391.92 ","hp":"8211.75 ","matk":"1205.42 ","atk":"0.00 ","M_Def":"1558.67 ","id":48,"boomhurt":"22121.21 ","movevalue":"79.90 ","movestome":"7.00 ","speed":"81.90 "},{"def":"869.96 ","boom":"3415.15 ","hp":"8428.00 ","matk":"1238.98 ","atk":"0.00 ","M_Def":"1602.06 ","id":49,"boomhurt":"22272.73 ","movevalue":"79.90 ","movestome":"7.00 ","speed":"81.90 "},{"def":"893.72 ","boom":"3438.38 ","hp":"8645.75 ","matk":"1272.81 ","atk":"0.00 ","M_Def":"1645.81 ","id":50,"boomhurt":"22424.24 ","movevalue":"79.90 ","movestome":"7.00 ","speed":"81.90 "},{"def":"917.67 ","boom":"3461.62 ","hp":"8864.98 ","matk":"1306.92 ","atk":"0.00 ","M_Def":"1689.92 ","id":51,"boomhurt":"22575.76 ","movevalue":"79.90 ","movestome":"7.00 ","speed":"81.90 "},{"def":"941.81 ","boom":"3484.85 ","hp":"9085.68 ","matk":"1341.30 ","atk":"0.00 ","M_Def":"1734.38 ","id":52,"boomhurt":"22727.27 ","movevalue":"79.90 ","movestome":"7.00 ","speed":"81.90 "},{"def":"966.14 ","boom":"3508.08 ","hp":"9307.84 ","matk":"1375.95 ","atk":"0.00 ","M_Def":"1779.18 ","id":53,"boomhurt":"22878.79 ","movevalue":"79.90 ","movestome":"7.00 ","speed":"81.90 "},{"def":"990.66 ","boom":"3531.31 ","hp":"9531.44 ","matk":"1410.87 ","atk":"0.00 ","M_Def":"1824.33 ","id":54,"boomhurt":"23030.30 ","movevalue":"79.90 ","movestome":"7.00 ","speed":"81.90 "},{"def":"1015.36 ","boom":"3554.55 ","hp":"9756.47 ","matk":"1446.05 ","atk":"0.00 ","M_Def":"1869.83 ","id":55,"boomhurt":"23181.82 ","movevalue":"79.90 ","movestome":"7.00 ","speed":"81.90 "},{"def":"1040.25 ","boom":"3577.78 ","hp":"9982.92 ","matk":"1481.50 ","atk":"0.00 ","M_Def":"1915.66 ","id":56,"boomhurt":"23333.33 ","movevalue":"79.90 ","movestome":"7.00 ","speed":"81.90 "},{"def":"1065.32 ","boom":"3601.01 ","hp":"10210.77 ","matk":"1517.20 ","atk":"0.00 ","M_Def":"1961.83 ","id":57,"boomhurt":"23484.85 ","movevalue":"79.90 ","movestome":"7.00 ","speed":"81.90 "},{"def":"1090.57 ","boom":"3624.24 ","hp":"10440.01 ","matk":"1553.16 ","atk":"0.00 ","M_Def":"2008.33 ","id":58,"boomhurt":"23636.36 ","movevalue":"79.90 ","movestome":"7.00 ","speed":"81.90 "},{"def":"1116.00 ","boom":"3647.47 ","hp":"10670.63 ","matk":"1589.38 ","atk":"0.00 ","M_Def":"2055.16 ","id":59,"boomhurt":"23787.88 ","movevalue":"79.90 ","movestome":"7.00 ","speed":"81.90 "},{"def":"1141.61 ","boom":"3670.71 ","hp":"10902.61 ","matk":"1625.85 ","atk":"0.00 ","M_Def":"2102.32 ","id":60,"boomhurt":"23939.39 ","movevalue":"79.90 ","movestome":"7.00 ","speed":"81.90 "}]