[{"def":"12.77 ","boom":"1000.00 ","hp":"266.00 ","matk":"42.24 ","atk":"0.00 ","M_Def":"96.77 ","id":1,"boomhurt":"15000.00 ","movevalue":"68.85 ","movestome":"8.00 ","speed":"97.90 "},{"def":"16.22 ","boom":"1010.10 ","hp":"356.82 ","matk":"53.67 ","atk":"0.00 ","M_Def":"122.95 ","id":2,"boomhurt":"15151.52 ","movevalue":"68.85 ","movestome":"8.00 ","speed":"97.90 "},{"def":"20.11 ","boom":"1020.20 ","hp":"454.81 ","matk":"66.52 ","atk":"0.00 ","M_Def":"152.39 ","id":3,"boomhurt":"15303.03 ","movevalue":"68.85 ","movestome":"8.00 ","speed":"97.90 "},{"def":"24.34 ","boom":"1030.30 ","hp":"558.60 ","matk":"80.52 ","atk":"0.00 ","M_Def":"184.46 ","id":4,"boomhurt":"15454.55 ","movevalue":"68.85 ","movestome":"8.00 ","speed":"97.90 "},{"def":"28.87 ","boom":"1040.40 ","hp":"667.40 ","matk":"95.52 ","atk":"0.00 ","M_Def":"218.82 ","id":5,"boomhurt":"15606.06 ","movevalue":"68.85 ","movestome":"8.00 ","speed":"97.90 "},{"def":"33.67 ","boom":"1050.51 ","hp":"780.67 ","matk":"111.40 ","atk":"0.00 ","M_Def":"255.21 ","id":6,"boomhurt":"15757.58 ","movevalue":"68.85 ","movestome":"8.00 ","speed":"97.90 "},{"def":"38.72 ","boom":"1060.61 ","hp":"898.02 ","matk":"128.09 ","atk":"0.00 ","M_Def":"293.45 ","id":7,"boomhurt":"15909.09 ","movevalue":"68.85 ","movestome":"8.00 ","speed":"97.90 "},{"def":"43.99 ","boom":"1070.71 ","hp":"1019.14 ","matk":"145.54 ","atk":"0.00 ","M_Def":"333.41 ","id":8,"boomhurt":"16060.61 ","movevalue":"68.85 ","movestome":"8.00 ","speed":"97.90 "},{"def":"49.48 ","boom":"1080.81 ","hp":"1143.80 ","matk":"163.68 ","atk":"0.00 ","M_Def":"374.98 ","id":9,"boomhurt":"16212.12 ","movevalue":"68.85 ","movestome":"8.00 ","speed":"97.90 "},{"def":"55.16 ","boom":"1090.91 ","hp":"1271.78 ","matk":"182.48 ","atk":"0.00 ","M_Def":"418.05 ","id":10,"boomhurt":"16363.64 ","movevalue":"68.85 ","movestome":"8.00 ","speed":"97.90 "},{"def":"61.03 ","boom":"1101.01 ","hp":"1402.92 ","matk":"201.91 ","atk":"0.00 ","M_Def":"462.57 ","id":11,"boomhurt":"16515.15 ","movevalue":"68.85 ","movestome":"8.00 ","speed":"97.90 "},{"def":"67.09 ","boom":"1111.11 ","hp":"1537.07 ","matk":"221.94 ","atk":"0.00 ","M_Def":"508.45 ","id":12,"boomhurt":"16666.67 ","movevalue":"68.85 ","movestome":"8.00 ","speed":"97.90 "},{"def":"73.31 ","boom":"1121.21 ","hp":"1674.10 ","matk":"242.54 ","atk":"0.00 ","M_Def":"555.64 ","id":13,"boomhurt":"16818.18 ","movevalue":"68.85 ","movestome":"8.00 ","speed":"97.90 "},{"def":"79.71 ","boom":"1131.31 ","hp":"1813.90 ","matk":"263.69 ","atk":"0.00 ","M_Def":"604.09 ","id":14,"boomhurt":"16969.70 ","movevalue":"68.85 ","movestome":"8.00 ","speed":"97.90 "},{"def":"86.26 ","boom":"1141.41 ","hp":"1956.36 ","matk":"285.37 ","atk":"0.00 ","M_Def":"653.76 ","id":15,"boomhurt":"17121.21 ","movevalue":"68.85 ","movestome":"8.00 ","speed":"97.90 "},{"def":"92.97 ","boom":"1151.52 ","hp":"2101.40 ","matk":"307.56 ","atk":"0.00 ","M_Def":"704.59 ","id":16,"boomhurt":"17272.73 ","movevalue":"68.85 ","movestome":"8.00 ","speed":"97.90 "},{"def":"99.82 ","boom":"1161.62 ","hp":"2248.93 ","matk":"330.24 ","atk":"0.00 ","M_Def":"756.56 ","id":17,"boomhurt":"17424.24 ","movevalue":"68.85 ","movestome":"8.00 ","speed":"97.90 "},{"def":"106.83 ","boom":"1171.72 ","hp":"2398.89 ","matk":"353.41 ","atk":"0.00 ","M_Def":"809.63 ","id":18,"boomhurt":"17575.76 ","movevalue":"68.85 ","movestome":"8.00 ","speed":"97.90 "},{"def":"113.97 ","boom":"1181.82 ","hp":"2551.19 ","matk":"377.04 ","atk":"0.00 ","M_Def":"863.77 ","id":19,"boomhurt":"17727.27 ","movevalue":"68.85 ","movestome":"8.00 ","speed":"97.90 "},{"def":"121.25 ","boom":"1191.92 ","hp":"2705.79 ","matk":"401.13 ","atk":"0.00 ","M_Def":"918.95 ","id":20,"boomhurt":"17878.79 ","movevalue":"68.85 ","movestome":"8.00 ","speed":"97.90 "},{"def":"128.66 ","boom":"1202.02 ","hp":"2862.61 ","matk":"425.66 ","atk":"0.00 ","M_Def":"975.14 ","id":21,"boomhurt":"18030.30 ","movevalue":"68.85 ","movestome":"8.00 ","speed":"97.90 "},{"def":"136.21 ","boom":"1212.12 ","hp":"3021.62 ","matk":"450.62 ","atk":"0.00 ","M_Def":"1032.33 ","id":22,"boomhurt":"18181.82 ","movevalue":"68.85 ","movestome":"8.00 ","speed":"97.90 "},{"def":"143.88 ","boom":"1222.22 ","hp":"3182.74 ","matk":"476.00 ","atk":"0.00 ","M_Def":"1090.48 ","id":23,"boomhurt":"18333.33 ","movevalue":"68.85 ","movestome":"8.00 ","speed":"97.90 "},{"def":"151.68 ","boom":"1232.32 ","hp":"3345.95 ","matk":"501.80 ","atk":"0.00 ","M_Def":"1149.58 ","id":24,"boomhurt":"18484.85 ","movevalue":"68.85 ","movestome":"8.00 ","speed":"97.90 "},{"def":"159.60 ","boom":"1242.42 ","hp":"3511.20 ","matk":"528.00 ","atk":"0.00 ","M_Def":"1209.60 ","id":25,"boomhurt":"18636.36 ","movevalue":"68.85 ","movestome":"8.00 ","speed":"97.90 "},{"def":"167.64 ","boom":"1252.53 ","hp":"3678.44 ","matk":"554.60 ","atk":"0.00 ","M_Def":"1270.53 ","id":26,"boomhurt":"18787.88 ","movevalue":"68.85 ","movestome":"8.00 ","speed":"97.90 "},{"def":"175.80 ","boom":"1262.63 ","hp":"3847.64 ","matk":"581.58 ","atk":"0.00 ","M_Def":"1332.35 ","id":27,"boomhurt":"18939.39 ","movevalue":"68.85 ","movestome":"8.00 ","speed":"97.90 "},{"def":"184.07 ","boom":"1272.73 ","hp":"4018.76 ","matk":"608.95 ","atk":"0.00 ","M_Def":"1395.04 ","id":28,"boomhurt":"19090.91 ","movevalue":"68.85 ","movestome":"8.00 ","speed":"97.90 "},{"def":"192.45 ","boom":"1282.83 ","hp":"4191.76 ","matk":"636.69 ","atk":"0.00 ","M_Def":"1458.59 ","id":29,"boomhurt":"19242.42 ","movevalue":"68.85 ","movestome":"8.00 ","speed":"97.90 "},{"def":"200.95 ","boom":"1292.93 ","hp":"4366.61 ","matk":"664.80 ","atk":"0.00 ","M_Def":"1522.99 ","id":30,"boomhurt":"19393.94 ","movevalue":"68.85 ","movestome":"8.00 ","speed":"97.90 "},{"def":"209.56 ","boom":"1303.03 ","hp":"4543.29 ","matk":"693.27 ","atk":"0.00 ","M_Def":"1588.21 ","id":31,"boomhurt":"19545.45 ","movevalue":"68.85 ","movestome":"8.00 ","speed":"97.90 "},{"def":"218.27 ","boom":"1313.13 ","hp":"4721.76 ","matk":"722.09 ","atk":"0.00 ","M_Def":"1654.24 ","id":32,"boomhurt":"19696.97 ","movevalue":"68.85 ","movestome":"8.00 ","speed":"97.90 "},{"def":"227.09 ","boom":"1323.23 ","hp":"4901.99 ","matk":"751.27 ","atk":"0.00 ","M_Def":"1721.08 ","id":33,"boomhurt":"19848.48 ","movevalue":"68.85 ","movestome":"8.00 ","speed":"97.90 "},{"def":"236.01 ","boom":"1333.33 ","hp":"5083.96 ","matk":"780.79 ","atk":"0.00 ","M_Def":"1788.71 ","id":34,"boomhurt":"20000.00 ","movevalue":"68.85 ","movestome":"8.00 ","speed":"97.90 "},{"def":"245.04 ","boom":"1343.43 ","hp":"5267.64 ","matk":"810.65 ","atk":"0.00 ","M_Def":"1857.12 ","id":35,"boomhurt":"20151.52 ","movevalue":"68.85 ","movestome":"8.00 ","speed":"97.90 "},{"def":"254.16 ","boom":"1353.54 ","hp":"5453.00 ","matk":"840.84 ","atk":"0.00 ","M_Def":"1926.29 ","id":36,"boomhurt":"20303.03 ","movevalue":"68.85 ","movestome":"8.00 ","speed":"97.90 "},{"def":"263.39 ","boom":"1363.64 ","hp":"5640.03 ","matk":"871.36 ","atk":"0.00 ","M_Def":"1996.22 ","id":37,"boomhurt":"20454.55 ","movevalue":"68.85 ","movestome":"8.00 ","speed":"97.90 "},{"def":"272.71 ","boom":"1373.74 ","hp":"5828.69 ","matk":"902.21 ","atk":"0.00 ","M_Def":"2066.89 ","id":38,"boomhurt":"20606.06 ","movevalue":"68.85 ","movestome":"8.00 ","speed":"97.90 "},{"def":"282.14 ","boom":"1383.84 ","hp":"6018.98 ","matk":"933.38 ","atk":"0.00 ","M_Def":"2138.30 ","id":39,"boomhurt":"20757.58 ","movevalue":"68.85 ","movestome":"8.00 ","speed":"97.90 "},{"def":"291.65 ","boom":"1393.94 ","hp":"6210.86 ","matk":"964.87 ","atk":"0.00 ","M_Def":"2210.44 ","id":40,"boomhurt":"20909.09 ","movevalue":"68.85 ","movestome":"8.00 ","speed":"97.90 "},{"def":"301.27 ","boom":"1404.04 ","hp":"6404.32 ","matk":"996.67 ","atk":"0.00 ","M_Def":"2283.29 ","id":41,"boomhurt":"21060.61 ","movevalue":"68.85 ","movestome":"8.00 ","speed":"97.90 "},{"def":"310.97 ","boom":"1414.14 ","hp":"6599.34 ","matk":"1028.78 ","atk":"0.00 ","M_Def":"2356.85 ","id":42,"boomhurt":"21212.12 ","movevalue":"68.85 ","movestome":"8.00 ","speed":"97.90 "},{"def":"320.77 ","boom":"1424.24 ","hp":"6795.90 ","matk":"1061.20 ","atk":"0.00 ","M_Def":"2431.11 ","id":43,"boomhurt":"21363.64 ","movevalue":"68.85 ","movestome":"8.00 ","speed":"97.90 "},{"def":"330.66 ","boom":"1434.34 ","hp":"6993.98 ","matk":"1093.92 ","atk":"0.00 ","M_Def":"2506.07 ","id":44,"boomhurt":"21515.15 ","movevalue":"68.85 ","movestome":"8.00 ","speed":"97.90 "},{"def":"340.64 ","boom":"1444.44 ","hp":"7193.56 ","matk":"1126.93 ","atk":"0.00 ","M_Def":"2581.70 ","id":45,"boomhurt":"21666.67 ","movevalue":"68.85 ","movestome":"8.00 ","speed":"97.90 "},{"def":"350.71 ","boom":"1454.55 ","hp":"7394.63 ","matk":"1160.25 ","atk":"0.00 ","M_Def":"2658.02 ","id":46,"boomhurt":"21818.18 ","movevalue":"68.85 ","movestome":"8.00 ","speed":"97.90 "},{"def":"360.87 ","boom":"1464.65 ","hp":"7597.17 ","matk":"1193.85 ","atk":"0.00 ","M_Def":"2735.00 ","id":47,"boomhurt":"21969.70 ","movevalue":"68.85 ","movestome":"8.00 ","speed":"97.90 "},{"def":"371.11 ","boom":"1474.75 ","hp":"7801.16 ","matk":"1227.74 ","atk":"0.00 ","M_Def":"2812.65 ","id":48,"boomhurt":"22121.21 ","movevalue":"68.85 ","movestome":"8.00 ","speed":"97.90 "},{"def":"381.44 ","boom":"1484.85 ","hp":"8006.60 ","matk":"1261.92 ","atk":"0.00 ","M_Def":"2890.94 ","id":49,"boomhurt":"22272.73 ","movevalue":"68.85 ","movestome":"8.00 ","speed":"97.90 "},{"def":"391.86 ","boom":"1494.95 ","hp":"8213.46 ","matk":"1296.38 ","atk":"0.00 ","M_Def":"2969.89 ","id":50,"boomhurt":"22424.24 ","movevalue":"68.85 ","movestome":"8.00 ","speed":"97.90 "},{"def":"402.36 ","boom":"1505.05 ","hp":"8421.73 ","matk":"1331.12 ","atk":"0.00 ","M_Def":"3049.48 ","id":51,"boomhurt":"22575.76 ","movevalue":"68.85 ","movestome":"8.00 ","speed":"97.90 "},{"def":"412.95 ","boom":"1515.15 ","hp":"8631.40 ","matk":"1366.14 ","atk":"0.00 ","M_Def":"3129.70 ","id":52,"boomhurt":"22727.27 ","movevalue":"68.85 ","movestome":"8.00 ","speed":"97.90 "},{"def":"423.61 ","boom":"1525.25 ","hp":"8842.45 ","matk":"1401.43 ","atk":"0.00 ","M_Def":"3210.56 ","id":53,"boomhurt":"22878.79 ","movevalue":"68.85 ","movestome":"8.00 ","speed":"97.90 "},{"def":"434.37 ","boom":"1535.35 ","hp":"9054.87 ","matk":"1437.00 ","atk":"0.00 ","M_Def":"3292.03 ","id":54,"boomhurt":"23030.30 ","movevalue":"68.85 ","movestome":"8.00 ","speed":"97.90 "},{"def":"445.20 ","boom":"1545.45 ","hp":"9268.65 ","matk":"1472.83 ","atk":"0.00 ","M_Def":"3374.12 ","id":55,"boomhurt":"23181.82 ","movevalue":"68.85 ","movestome":"8.00 ","speed":"97.90 "},{"def":"456.11 ","boom":"1555.56 ","hp":"9483.77 ","matk":"1508.93 ","atk":"0.00 ","M_Def":"3456.83 ","id":56,"boomhurt":"23333.33 ","movevalue":"68.85 ","movestome":"8.00 ","speed":"97.90 "},{"def":"467.10 ","boom":"1565.66 ","hp":"9700.23 ","matk":"1545.30 ","atk":"0.00 ","M_Def":"3540.14 ","id":57,"boomhurt":"23484.85 ","movevalue":"68.85 ","movestome":"8.00 ","speed":"97.90 "},{"def":"478.17 ","boom":"1575.76 ","hp":"9918.01 ","matk":"1581.93 ","atk":"0.00 ","M_Def":"3624.05 ","id":58,"boomhurt":"23636.36 ","movevalue":"68.85 ","movestome":"8.00 ","speed":"97.90 "},{"def":"489.32 ","boom":"1585.86 ","hp":"10137.10 ","matk":"1618.82 ","atk":"0.00 ","M_Def":"3708.56 ","id":59,"boomhurt":"23787.88 ","movevalue":"68.85 ","movestome":"8.00 ","speed":"97.90 "},{"def":"500.55 ","boom":"1595.96 ","hp":"10357.48 ","matk":"1655.96 ","atk":"0.00 ","M_Def":"3793.66 ","id":60,"boomhurt":"23939.39 ","movevalue":"68.85 ","movestome":"8.00 ","speed":"97.90 "}]