[{"def":"22.85 ","boom":"945.00 ","hp":"204.00 ","matk":"0.00 ","atk":"40.32 ","M_Def":"68.71 ","id":1,"boomhurt":"14250.00 ","movevalue":"81.00 ","movestome":"8.00 ","speed":"102.00 "},{"def":"29.03 ","boom":"954.55 ","hp":"273.65 ","matk":"0.00 ","atk":"51.23 ","M_Def":"87.29 ","id":2,"boomhurt":"14393.94 ","movevalue":"81.00 ","movestome":"8.00 ","speed":"102.00 "},{"def":"35.98 ","boom":"964.09 ","hp":"348.80 ","matk":"0.00 ","atk":"63.49 ","M_Def":"108.19 ","id":3,"boomhurt":"14537.88 ","movevalue":"81.00 ","movestome":"8.00 ","speed":"102.00 "},{"def":"43.55 ","boom":"973.64 ","hp":"428.40 ","matk":"0.00 ","atk":"76.86 ","M_Def":"130.97 ","id":4,"boomhurt":"14681.82 ","movevalue":"81.00 ","movestome":"8.00 ","speed":"102.00 "},{"def":"51.67 ","boom":"983.18 ","hp":"511.84 ","matk":"0.00 ","atk":"91.17 ","M_Def":"155.36 ","id":5,"boomhurt":"14825.76 ","movevalue":"81.00 ","movestome":"8.00 ","speed":"102.00 "},{"def":"60.26 ","boom":"992.73 ","hp":"598.71 ","matk":"0.00 ","atk":"106.34 ","M_Def":"181.20 ","id":6,"boomhurt":"14969.70 ","movevalue":"81.00 ","movestome":"8.00 ","speed":"102.00 "},{"def":"69.29 ","boom":"1002.27 ","hp":"688.71 ","matk":"0.00 ","atk":"122.27 ","M_Def":"208.35 ","id":7,"boomhurt":"15113.64 ","movevalue":"81.00 ","movestome":"8.00 ","speed":"102.00 "},{"def":"78.72 ","boom":"1011.82 ","hp":"781.60 ","matk":"0.00 ","atk":"138.92 ","M_Def":"236.72 ","id":8,"boomhurt":"15257.58 ","movevalue":"81.00 ","movestome":"8.00 ","speed":"102.00 "},{"def":"88.54 ","boom":"1021.36 ","hp":"877.20 ","matk":"0.00 ","atk":"156.24 ","M_Def":"266.23 ","id":9,"boomhurt":"15401.52 ","movevalue":"81.00 ","movestome":"8.00 ","speed":"102.00 "},{"def":"98.71 ","boom":"1030.91 ","hp":"975.35 ","matk":"0.00 ","atk":"174.19 ","M_Def":"296.82 ","id":10,"boomhurt":"15545.45 ","movevalue":"81.00 ","movestome":"8.00 ","speed":"102.00 "},{"def":"109.22 ","boom":"1040.45 ","hp":"1075.93 ","matk":"0.00 ","atk":"192.74 ","M_Def":"328.42 ","id":11,"boomhurt":"15689.39 ","movevalue":"81.00 ","movestome":"8.00 ","speed":"102.00 "},{"def":"120.05 ","boom":"1050.00 ","hp":"1178.81 ","matk":"0.00 ","atk":"211.85 ","M_Def":"361.00 ","id":12,"boomhurt":"15833.33 ","movevalue":"81.00 ","movestome":"8.00 ","speed":"102.00 "},{"def":"131.19 ","boom":"1059.55 ","hp":"1283.90 ","matk":"0.00 ","atk":"231.52 ","M_Def":"394.51 ","id":13,"boomhurt":"15977.27 ","movevalue":"81.00 ","movestome":"8.00 ","speed":"102.00 "},{"def":"142.63 ","boom":"1069.09 ","hp":"1391.11 ","matk":"0.00 ","atk":"251.71 ","M_Def":"428.91 ","id":14,"boomhurt":"16121.21 ","movevalue":"81.00 ","movestome":"8.00 ","speed":"102.00 "},{"def":"154.36 ","boom":"1078.64 ","hp":"1500.37 ","matk":"0.00 ","atk":"272.40 ","M_Def":"464.17 ","id":15,"boomhurt":"16265.15 ","movevalue":"81.00 ","movestome":"8.00 ","speed":"102.00 "},{"def":"166.36 ","boom":"1088.18 ","hp":"1611.60 ","matk":"0.00 ","atk":"293.58 ","M_Def":"500.26 ","id":16,"boomhurt":"16409.09 ","movevalue":"81.00 ","movestome":"8.00 ","speed":"102.00 "},{"def":"178.63 ","boom":"1097.73 ","hp":"1724.75 ","matk":"0.00 ","atk":"315.23 ","M_Def":"537.16 ","id":17,"boomhurt":"16553.03 ","movevalue":"81.00 ","movestome":"8.00 ","speed":"102.00 "},{"def":"191.16 ","boom":"1107.27 ","hp":"1839.75 ","matk":"0.00 ","atk":"337.35 ","M_Def":"574.84 ","id":18,"boomhurt":"16696.97 ","movevalue":"81.00 ","movestome":"8.00 ","speed":"102.00 "},{"def":"203.95 ","boom":"1116.82 ","hp":"1956.55 ","matk":"0.00 ","atk":"359.90 ","M_Def":"613.28 ","id":19,"boomhurt":"16840.91 ","movevalue":"81.00 ","movestome":"8.00 ","speed":"102.00 "},{"def":"216.97 ","boom":"1126.36 ","hp":"2075.12 ","matk":"0.00 ","atk":"382.90 ","M_Def":"652.45 ","id":20,"boomhurt":"16984.85 ","movevalue":"81.00 ","movestome":"8.00 ","speed":"102.00 "},{"def":"230.24 ","boom":"1135.91 ","hp":"2195.39 ","matk":"0.00 ","atk":"406.31 ","M_Def":"692.35 ","id":21,"boomhurt":"17128.79 ","movevalue":"81.00 ","movestome":"8.00 ","speed":"102.00 "},{"def":"243.74 ","boom":"1145.45 ","hp":"2317.33 ","matk":"0.00 ","atk":"430.14 ","M_Def":"732.95 ","id":22,"boomhurt":"17272.73 ","movevalue":"81.00 ","movestome":"8.00 ","speed":"102.00 "},{"def":"257.47 ","boom":"1155.00 ","hp":"2440.90 ","matk":"0.00 ","atk":"454.37 ","M_Def":"774.24 ","id":23,"boomhurt":"17416.67 ","movevalue":"81.00 ","movestome":"8.00 ","speed":"102.00 "},{"def":"271.43 ","boom":"1164.55 ","hp":"2566.07 ","matk":"0.00 ","atk":"478.99 ","M_Def":"816.20 ","id":24,"boomhurt":"17560.61 ","movevalue":"81.00 ","movestome":"8.00 ","speed":"102.00 "},{"def":"285.60 ","boom":"1174.09 ","hp":"2692.80 ","matk":"0.00 ","atk":"504.00 ","M_Def":"858.82 ","id":25,"boomhurt":"17704.55 ","movevalue":"81.00 ","movestome":"8.00 ","speed":"102.00 "},{"def":"299.99 ","boom":"1183.64 ","hp":"2821.06 ","matk":"0.00 ","atk":"529.39 ","M_Def":"902.08 ","id":26,"boomhurt":"17848.48 ","movevalue":"81.00 ","movestome":"8.00 ","speed":"102.00 "},{"def":"314.58 ","boom":"1193.18 ","hp":"2950.82 ","matk":"0.00 ","atk":"555.15 ","M_Def":"945.97 ","id":27,"boomhurt":"17992.42 ","movevalue":"81.00 ","movestome":"8.00 ","speed":"102.00 "},{"def":"329.39 ","boom":"1202.73 ","hp":"3082.05 ","matk":"0.00 ","atk":"581.27 ","M_Def":"990.48 ","id":28,"boomhurt":"18136.36 ","movevalue":"81.00 ","movestome":"8.00 ","speed":"102.00 "},{"def":"344.39 ","boom":"1212.27 ","hp":"3214.73 ","matk":"0.00 ","atk":"607.75 ","M_Def":"1035.60 ","id":29,"boomhurt":"18280.30 ","movevalue":"81.00 ","movestome":"8.00 ","speed":"102.00 "},{"def":"359.59 ","boom":"1221.82 ","hp":"3348.83 ","matk":"0.00 ","atk":"634.58 ","M_Def":"1081.32 ","id":30,"boomhurt":"18424.24 ","movevalue":"81.00 ","movestome":"8.00 ","speed":"102.00 "},{"def":"374.99 ","boom":"1231.36 ","hp":"3484.33 ","matk":"0.00 ","atk":"661.75 ","M_Def":"1127.63 ","id":31,"boomhurt":"18568.18 ","movevalue":"81.00 ","movestome":"8.00 ","speed":"102.00 "},{"def":"390.59 ","boom":"1240.91 ","hp":"3621.20 ","matk":"0.00 ","atk":"689.27 ","M_Def":"1174.51 ","id":32,"boomhurt":"18712.12 ","movevalue":"81.00 ","movestome":"8.00 ","speed":"102.00 "},{"def":"406.37 ","boom":"1250.45 ","hp":"3759.42 ","matk":"0.00 ","atk":"717.12 ","M_Def":"1221.97 ","id":33,"boomhurt":"18856.06 ","movevalue":"81.00 ","movestome":"8.00 ","speed":"102.00 "},{"def":"422.33 ","boom":"1260.00 ","hp":"3898.97 ","matk":"0.00 ","atk":"745.30 ","M_Def":"1269.98 ","id":34,"boomhurt":"19000.00 ","movevalue":"81.00 ","movestome":"8.00 ","speed":"102.00 "},{"def":"438.49 ","boom":"1269.55 ","hp":"4039.84 ","matk":"0.00 ","atk":"773.80 ","M_Def":"1318.55 ","id":35,"boomhurt":"19143.94 ","movevalue":"81.00 ","movestome":"8.00 ","speed":"102.00 "},{"def":"454.82 ","boom":"1279.09 ","hp":"4182.00 ","matk":"0.00 ","atk":"802.62 ","M_Def":"1367.66 ","id":36,"boomhurt":"19287.88 ","movevalue":"81.00 ","movestome":"8.00 ","speed":"102.00 "},{"def":"471.33 ","boom":"1288.64 ","hp":"4325.43 ","matk":"0.00 ","atk":"831.76 ","M_Def":"1417.31 ","id":37,"boomhurt":"19431.82 ","movevalue":"81.00 ","movestome":"8.00 ","speed":"102.00 "},{"def":"488.02 ","boom":"1298.18 ","hp":"4470.13 ","matk":"0.00 ","atk":"861.20 ","M_Def":"1467.49 ","id":38,"boomhurt":"19575.76 ","movevalue":"81.00 ","movestome":"8.00 ","speed":"102.00 "},{"def":"504.88 ","boom":"1307.73 ","hp":"4616.06 ","matk":"0.00 ","atk":"890.96 ","M_Def":"1518.19 ","id":39,"boomhurt":"19719.70 ","movevalue":"81.00 ","movestome":"8.00 ","speed":"102.00 "},{"def":"521.91 ","boom":"1317.27 ","hp":"4763.22 ","matk":"0.00 ","atk":"921.02 ","M_Def":"1569.41 ","id":40,"boomhurt":"19863.64 ","movevalue":"81.00 ","movestome":"8.00 ","speed":"102.00 "},{"def":"539.11 ","boom":"1326.82 ","hp":"4911.59 ","matk":"0.00 ","atk":"951.37 ","M_Def":"1621.14 ","id":41,"boomhurt":"20007.58 ","movevalue":"81.00 ","movestome":"8.00 ","speed":"102.00 "},{"def":"556.48 ","boom":"1336.36 ","hp":"5061.15 ","matk":"0.00 ","atk":"982.02 ","M_Def":"1673.36 ","id":42,"boomhurt":"20151.52 ","movevalue":"81.00 ","movestome":"8.00 ","speed":"102.00 "},{"def":"574.01 ","boom":"1345.91 ","hp":"5211.89 ","matk":"0.00 ","atk":"1012.96 ","M_Def":"1726.09 ","id":43,"boomhurt":"20295.45 ","movevalue":"81.00 ","movestome":"8.00 ","speed":"102.00 "},{"def":"591.71 ","boom":"1355.45 ","hp":"5363.80 ","matk":"0.00 ","atk":"1044.19 ","M_Def":"1779.31 ","id":44,"boomhurt":"20439.39 ","movevalue":"81.00 ","movestome":"8.00 ","speed":"102.00 "},{"def":"609.57 ","boom":"1365.00 ","hp":"5516.87 ","matk":"0.00 ","atk":"1075.71 ","M_Def":"1833.01 ","id":45,"boomhurt":"20583.33 ","movevalue":"81.00 ","movestome":"8.00 ","speed":"102.00 "},{"def":"627.59 ","boom":"1374.55 ","hp":"5671.07 ","matk":"0.00 ","atk":"1107.51 ","M_Def":"1887.19 ","id":46,"boomhurt":"20727.27 ","movevalue":"81.00 ","movestome":"8.00 ","speed":"102.00 "},{"def":"645.76 ","boom":"1384.09 ","hp":"5826.40 ","matk":"0.00 ","atk":"1139.58 ","M_Def":"1941.85 ","id":47,"boomhurt":"20871.21 ","movevalue":"81.00 ","movestome":"8.00 ","speed":"102.00 "},{"def":"664.10 ","boom":"1393.64 ","hp":"5982.85 ","matk":"0.00 ","atk":"1171.94 ","M_Def":"1996.98 ","id":48,"boomhurt":"21015.15 ","movevalue":"81.00 ","movestome":"8.00 ","speed":"102.00 "},{"def":"682.58 ","boom":"1403.18 ","hp":"6140.40 ","matk":"0.00 ","atk":"1204.56 ","M_Def":"2052.57 ","id":49,"boomhurt":"21159.09 ","movevalue":"81.00 ","movestome":"8.00 ","speed":"102.00 "},{"def":"701.22 ","boom":"1412.73 ","hp":"6299.04 ","matk":"0.00 ","atk":"1237.45 ","M_Def":"2108.62 ","id":50,"boomhurt":"21303.03 ","movevalue":"81.00 ","movestome":"8.00 ","speed":"102.00 "},{"def":"720.02 ","boom":"1422.27 ","hp":"6458.77 ","matk":"0.00 ","atk":"1270.62 ","M_Def":"2165.13 ","id":51,"boomhurt":"21446.97 ","movevalue":"81.00 ","movestome":"8.00 ","speed":"102.00 "},{"def":"738.96 ","boom":"1431.82 ","hp":"6619.57 ","matk":"0.00 ","atk":"1304.04 ","M_Def":"2222.09 ","id":52,"boomhurt":"21590.91 ","movevalue":"81.00 ","movestome":"8.00 ","speed":"102.00 "},{"def":"758.05 ","boom":"1441.36 ","hp":"6781.43 ","matk":"0.00 ","atk":"1337.73 ","M_Def":"2279.49 ","id":53,"boomhurt":"21734.85 ","movevalue":"81.00 ","movestome":"8.00 ","speed":"102.00 "},{"def":"777.29 ","boom":"1450.91 ","hp":"6944.34 ","matk":"0.00 ","atk":"1371.68 ","M_Def":"2337.34 ","id":54,"boomhurt":"21878.79 ","movevalue":"81.00 ","movestome":"8.00 ","speed":"102.00 "},{"def":"796.67 ","boom":"1460.45 ","hp":"7108.29 ","matk":"0.00 ","atk":"1405.89 ","M_Def":"2395.63 ","id":55,"boomhurt":"22022.73 ","movevalue":"81.00 ","movestome":"8.00 ","speed":"102.00 "},{"def":"816.20 ","boom":"1470.00 ","hp":"7273.27 ","matk":"0.00 ","atk":"1440.35 ","M_Def":"2454.35 ","id":56,"boomhurt":"22166.67 ","movevalue":"81.00 ","movestome":"8.00 ","speed":"102.00 "},{"def":"835.87 ","boom":"1479.55 ","hp":"7439.27 ","matk":"0.00 ","atk":"1475.06 ","M_Def":"2513.50 ","id":57,"boomhurt":"22310.61 ","movevalue":"81.00 ","movestome":"8.00 ","speed":"102.00 "},{"def":"855.68 ","boom":"1489.09 ","hp":"7606.29 ","matk":"0.00 ","atk":"1510.02 ","M_Def":"2573.08 ","id":58,"boomhurt":"22454.55 ","movevalue":"81.00 ","movestome":"8.00 ","speed":"102.00 "},{"def":"875.63 ","boom":"1498.64 ","hp":"7774.31 ","matk":"0.00 ","atk":"1545.23 ","M_Def":"2633.08 ","id":59,"boomhurt":"22598.48 ","movevalue":"81.00 ","movestome":"8.00 ","speed":"102.00 "},{"def":"895.72 ","boom":"1508.18 ","hp":"7943.33 ","matk":"0.00 ","atk":"1580.69 ","M_Def":"2693.50 ","id":60,"boomhurt":"22742.42 ","movevalue":"81.00 ","movestome":"8.00 ","speed":"102.00 "}]