[{"def":"34.27 ","boom":"2200.00 ","hp":"180.00 ","matk":"0.00 ","atk":"45.76 ","M_Def":"41.13 ","id":1,"boomhurt":"27000.00 ","movevalue":"91.00 ","movestome":"8.00 ","speed":"90.00 "},{"def":"43.54 ","boom":"2222.22 ","hp":"241.46 ","matk":"0.00 ","atk":"58.14 ","M_Def":"52.25 ","id":2,"boomhurt":"27272.73 ","movevalue":"91.00 ","movestome":"8.00 ","speed":"90.00 "},{"def":"53.97 ","boom":"2244.44 ","hp":"307.77 ","matk":"0.00 ","atk":"72.06 ","M_Def":"64.76 ","id":3,"boomhurt":"27545.45 ","movevalue":"91.00 ","movestome":"8.00 ","speed":"90.00 "},{"def":"65.33 ","boom":"2266.67 ","hp":"378.00 ","matk":"0.00 ","atk":"87.23 ","M_Def":"78.40 ","id":4,"boomhurt":"27818.18 ","movevalue":"91.00 ","movestome":"8.00 ","speed":"90.00 "},{"def":"77.50 ","boom":"2288.89 ","hp":"451.62 ","matk":"0.00 ","atk":"103.48 ","M_Def":"93.00 ","id":5,"boomhurt":"28090.91 ","movevalue":"91.00 ","movestome":"8.00 ","speed":"90.00 "},{"def":"90.39 ","boom":"2311.11 ","hp":"528.27 ","matk":"0.00 ","atk":"120.68 ","M_Def":"108.46 ","id":6,"boomhurt":"28363.64 ","movevalue":"91.00 ","movestome":"8.00 ","speed":"90.00 "},{"def":"103.93 ","boom":"2333.33 ","hp":"607.68 ","matk":"0.00 ","atk":"138.77 ","M_Def":"124.72 ","id":7,"boomhurt":"28636.36 ","movevalue":"91.00 ","movestome":"8.00 ","speed":"90.00 "},{"def":"118.08 ","boom":"2355.56 ","hp":"689.65 ","matk":"0.00 ","atk":"157.66 ","M_Def":"141.70 ","id":8,"boomhurt":"28909.09 ","movevalue":"91.00 ","movestome":"8.00 ","speed":"90.00 "},{"def":"132.80 ","boom":"2377.78 ","hp":"774.00 ","matk":"0.00 ","atk":"177.32 ","M_Def":"159.36 ","id":9,"boomhurt":"29181.82 ","movevalue":"91.00 ","movestome":"8.00 ","speed":"90.00 "},{"def":"148.06 ","boom":"2400.00 ","hp":"860.60 ","matk":"0.00 ","atk":"197.69 ","M_Def":"177.67 ","id":10,"boomhurt":"29454.55 ","movevalue":"91.00 ","movestome":"8.00 ","speed":"90.00 "},{"def":"163.83 ","boom":"2422.22 ","hp":"949.35 ","matk":"0.00 ","atk":"218.74 ","M_Def":"196.59 ","id":11,"boomhurt":"29727.27 ","movevalue":"91.00 ","movestome":"8.00 ","speed":"90.00 "},{"def":"180.08 ","boom":"2444.44 ","hp":"1040.12 ","matk":"0.00 ","atk":"240.44 ","M_Def":"216.09 ","id":12,"boomhurt":"30000.00 ","movevalue":"91.00 ","movestome":"8.00 ","speed":"90.00 "},{"def":"196.79 ","boom":"2466.67 ","hp":"1132.85 ","matk":"0.00 ","atk":"262.75 ","M_Def":"236.15 ","id":13,"boomhurt":"30272.73 ","movevalue":"91.00 ","movestome":"8.00 ","speed":"90.00 "},{"def":"213.95 ","boom":"2488.89 ","hp":"1227.45 ","matk":"0.00 ","atk":"285.67 ","M_Def":"256.74 ","id":14,"boomhurt":"30545.45 ","movevalue":"91.00 ","movestome":"8.00 ","speed":"90.00 "},{"def":"231.54 ","boom":"2511.11 ","hp":"1323.85 ","matk":"0.00 ","atk":"309.15 ","M_Def":"277.85 ","id":15,"boomhurt":"30818.18 ","movevalue":"91.00 ","movestome":"8.00 ","speed":"90.00 "},{"def":"249.54 ","boom":"2533.33 ","hp":"1422.00 ","matk":"0.00 ","atk":"333.19 ","M_Def":"299.45 ","id":16,"boomhurt":"31090.91 ","movevalue":"91.00 ","movestome":"8.00 ","speed":"90.00 "},{"def":"267.95 ","boom":"2555.56 ","hp":"1521.84 ","matk":"0.00 ","atk":"357.77 ","M_Def":"321.54 ","id":17,"boomhurt":"31363.64 ","movevalue":"91.00 ","movestome":"8.00 ","speed":"90.00 "},{"def":"286.74 ","boom":"2577.78 ","hp":"1623.31 ","matk":"0.00 ","atk":"382.86 ","M_Def":"344.09 ","id":18,"boomhurt":"31636.36 ","movevalue":"91.00 ","movestome":"8.00 ","speed":"90.00 "},{"def":"305.92 ","boom":"2600.00 ","hp":"1726.37 ","matk":"0.00 ","atk":"408.46 ","M_Def":"367.10 ","id":19,"boomhurt":"31909.09 ","movevalue":"91.00 ","movestome":"8.00 ","speed":"90.00 "},{"def":"325.46 ","boom":"2622.22 ","hp":"1830.98 ","matk":"0.00 ","atk":"434.56 ","M_Def":"390.55 ","id":20,"boomhurt":"32181.82 ","movevalue":"91.00 ","movestome":"8.00 ","speed":"90.00 "},{"def":"345.36 ","boom":"2644.44 ","hp":"1937.11 ","matk":"0.00 ","atk":"461.13 ","M_Def":"414.44 ","id":21,"boomhurt":"32454.55 ","movevalue":"91.00 ","movestome":"8.00 ","speed":"90.00 "},{"def":"365.62 ","boom":"2666.67 ","hp":"2044.70 ","matk":"0.00 ","atk":"488.17 ","M_Def":"438.74 ","id":22,"boomhurt":"32727.27 ","movevalue":"91.00 ","movestome":"8.00 ","speed":"90.00 "},{"def":"386.21 ","boom":"2688.89 ","hp":"2153.74 ","matk":"0.00 ","atk":"515.67 ","M_Def":"463.45 ","id":23,"boomhurt":"33000.00 ","movevalue":"91.00 ","movestome":"8.00 ","speed":"90.00 "},{"def":"407.14 ","boom":"2711.11 ","hp":"2264.18 ","matk":"0.00 ","atk":"543.62 ","M_Def":"488.57 ","id":24,"boomhurt":"33272.73 ","movevalue":"91.00 ","movestome":"8.00 ","speed":"90.00 "},{"def":"428.40 ","boom":"2733.33 ","hp":"2376.00 ","matk":"0.00 ","atk":"572.00 ","M_Def":"514.08 ","id":25,"boomhurt":"33545.45 ","movevalue":"91.00 ","movestome":"8.00 ","speed":"90.00 "},{"def":"449.98 ","boom":"2755.56 ","hp":"2489.17 ","matk":"0.00 ","atk":"600.81 ","M_Def":"539.98 ","id":26,"boomhurt":"33818.18 ","movevalue":"91.00 ","movestome":"8.00 ","speed":"90.00 "},{"def":"471.87 ","boom":"2777.78 ","hp":"2603.67 ","matk":"0.00 ","atk":"630.05 ","M_Def":"566.25 ","id":27,"boomhurt":"34090.91 ","movevalue":"91.00 ","movestome":"8.00 ","speed":"90.00 "},{"def":"494.08 ","boom":"2800.00 ","hp":"2719.46 ","matk":"0.00 ","atk":"659.69 ","M_Def":"592.89 ","id":28,"boomhurt":"34363.64 ","movevalue":"91.00 ","movestome":"8.00 ","speed":"90.00 "},{"def":"516.59 ","boom":"2822.22 ","hp":"2836.53 ","matk":"0.00 ","atk":"689.75 ","M_Def":"619.90 ","id":29,"boomhurt":"34636.36 ","movevalue":"91.00 ","movestome":"8.00 ","speed":"90.00 "},{"def":"539.39 ","boom":"2844.44 ","hp":"2954.85 ","matk":"0.00 ","atk":"720.20 ","M_Def":"647.27 ","id":30,"boomhurt":"34909.09 ","movevalue":"91.00 ","movestome":"8.00 ","speed":"90.00 "},{"def":"562.49 ","boom":"2866.67 ","hp":"3074.41 ","matk":"0.00 ","atk":"751.04 ","M_Def":"674.99 ","id":31,"boomhurt":"35181.82 ","movevalue":"91.00 ","movestome":"8.00 ","speed":"90.00 "},{"def":"585.88 ","boom":"2888.89 ","hp":"3195.17 ","matk":"0.00 ","atk":"782.27 ","M_Def":"703.05 ","id":32,"boomhurt":"35454.55 ","movevalue":"91.00 ","movestome":"8.00 ","speed":"90.00 "},{"def":"609.55 ","boom":"2911.11 ","hp":"3317.14 ","matk":"0.00 ","atk":"813.87 ","M_Def":"731.46 ","id":33,"boomhurt":"35727.27 ","movevalue":"91.00 ","movestome":"8.00 ","speed":"90.00 "},{"def":"633.50 ","boom":"2933.33 ","hp":"3440.27 ","matk":"0.00 ","atk":"845.85 ","M_Def":"760.20 ","id":34,"boomhurt":"36000.00 ","movevalue":"91.00 ","movestome":"8.00 ","speed":"90.00 "},{"def":"657.73 ","boom":"2955.56 ","hp":"3564.57 ","matk":"0.00 ","atk":"878.20 ","M_Def":"789.27 ","id":35,"boomhurt":"36272.73 ","movevalue":"91.00 ","movestome":"8.00 ","speed":"90.00 "},{"def":"682.23 ","boom":"2977.78 ","hp":"3690.00 ","matk":"0.00 ","atk":"910.91 ","M_Def":"818.67 ","id":36,"boomhurt":"36545.45 ","movevalue":"91.00 ","movestome":"8.00 ","speed":"90.00 "},{"def":"706.99 ","boom":"3000.00 ","hp":"3816.56 ","matk":"0.00 ","atk":"943.98 ","M_Def":"848.39 ","id":37,"boomhurt":"36818.18 ","movevalue":"91.00 ","movestome":"8.00 ","speed":"90.00 "},{"def":"732.02 ","boom":"3022.22 ","hp":"3944.23 ","matk":"0.00 ","atk":"977.40 ","M_Def":"878.43 ","id":38,"boomhurt":"37090.91 ","movevalue":"91.00 ","movestome":"8.00 ","speed":"90.00 "},{"def":"757.31 ","boom":"3044.44 ","hp":"4072.99 ","matk":"0.00 ","atk":"1011.17 ","M_Def":"908.78 ","id":39,"boomhurt":"37363.64 ","movevalue":"91.00 ","movestome":"8.00 ","speed":"90.00 "},{"def":"782.86 ","boom":"3066.67 ","hp":"4202.84 ","matk":"0.00 ","atk":"1045.28 ","M_Def":"939.44 ","id":40,"boomhurt":"37636.36 ","movevalue":"91.00 ","movestome":"8.00 ","speed":"90.00 "},{"def":"808.67 ","boom":"3088.89 ","hp":"4333.75 ","matk":"0.00 ","atk":"1079.73 ","M_Def":"970.40 ","id":41,"boomhurt":"37909.09 ","movevalue":"91.00 ","movestome":"8.00 ","speed":"90.00 "},{"def":"834.72 ","boom":"3111.11 ","hp":"4465.72 ","matk":"0.00 ","atk":"1114.52 ","M_Def":"1001.66 ","id":42,"boomhurt":"38181.82 ","movevalue":"91.00 ","movestome":"8.00 ","speed":"90.00 "},{"def":"861.02 ","boom":"3133.33 ","hp":"4598.73 ","matk":"0.00 ","atk":"1149.63 ","M_Def":"1033.22 ","id":43,"boomhurt":"38454.55 ","movevalue":"91.00 ","movestome":"8.00 ","speed":"90.00 "},{"def":"887.57 ","boom":"3155.56 ","hp":"4732.77 ","matk":"0.00 ","atk":"1185.08 ","M_Def":"1065.08 ","id":44,"boomhurt":"38727.27 ","movevalue":"91.00 ","movestome":"8.00 ","speed":"90.00 "},{"def":"914.35 ","boom":"3177.78 ","hp":"4867.82 ","matk":"0.00 ","atk":"1220.85 ","M_Def":"1097.22 ","id":45,"boomhurt":"39000.00 ","movevalue":"91.00 ","movestome":"8.00 ","speed":"90.00 "},{"def":"941.38 ","boom":"3200.00 ","hp":"5003.88 ","matk":"0.00 ","atk":"1256.93 ","M_Def":"1129.66 ","id":46,"boomhurt":"39272.73 ","movevalue":"91.00 ","movestome":"8.00 ","speed":"90.00 "},{"def":"968.65 ","boom":"3222.22 ","hp":"5140.94 ","matk":"0.00 ","atk":"1293.34 ","M_Def":"1162.38 ","id":47,"boomhurt":"39545.45 ","movevalue":"91.00 ","movestome":"8.00 ","speed":"90.00 "},{"def":"996.15 ","boom":"3244.44 ","hp":"5278.98 ","matk":"0.00 ","atk":"1330.05 ","M_Def":"1195.37 ","id":48,"boomhurt":"39818.18 ","movevalue":"91.00 ","movestome":"8.00 ","speed":"90.00 "},{"def":"1023.88 ","boom":"3266.67 ","hp":"5418.00 ","matk":"0.00 ","atk":"1367.08 ","M_Def":"1228.65 ","id":49,"boomhurt":"40090.91 ","movevalue":"91.00 ","movestome":"8.00 ","speed":"90.00 "},{"def":"1051.84 ","boom":"3288.89 ","hp":"5557.98 ","matk":"0.00 ","atk":"1404.41 ","M_Def":"1262.20 ","id":50,"boomhurt":"40363.64 ","movevalue":"91.00 ","movestome":"8.00 ","speed":"90.00 "},{"def":"1080.02 ","boom":"3311.11 ","hp":"5698.92 ","matk":"0.00 ","atk":"1442.05 ","M_Def":"1296.03 ","id":51,"boomhurt":"40636.36 ","movevalue":"91.00 ","movestome":"8.00 ","speed":"90.00 "},{"def":"1108.44 ","boom":"3333.33 ","hp":"5840.80 ","matk":"0.00 ","atk":"1479.99 ","M_Def":"1330.12 ","id":52,"boomhurt":"40909.09 ","movevalue":"91.00 ","movestome":"8.00 ","speed":"90.00 "},{"def":"1137.07 ","boom":"3355.56 ","hp":"5983.61 ","matk":"0.00 ","atk":"1518.22 ","M_Def":"1364.49 ","id":53,"boomhurt":"41181.82 ","movevalue":"91.00 ","movestome":"8.00 ","speed":"90.00 "},{"def":"1165.93 ","boom":"3377.78 ","hp":"6127.36 ","matk":"0.00 ","atk":"1556.75 ","M_Def":"1399.11 ","id":54,"boomhurt":"41454.55 ","movevalue":"91.00 ","movestome":"8.00 ","speed":"90.00 "},{"def":"1195.00 ","boom":"3400.00 ","hp":"6272.02 ","matk":"0.00 ","atk":"1595.57 ","M_Def":"1434.00 ","id":55,"boomhurt":"41727.27 ","movevalue":"91.00 ","movestome":"8.00 ","speed":"90.00 "},{"def":"1224.29 ","boom":"3422.22 ","hp":"6417.59 ","matk":"0.00 ","atk":"1634.68 ","M_Def":"1469.15 ","id":56,"boomhurt":"42000.00 ","movevalue":"91.00 ","movestome":"8.00 ","speed":"90.00 "},{"def":"1253.80 ","boom":"3444.44 ","hp":"6564.07 ","matk":"0.00 ","atk":"1674.07 ","M_Def":"1504.56 ","id":57,"boomhurt":"42272.73 ","movevalue":"91.00 ","movestome":"8.00 ","speed":"90.00 "},{"def":"1283.52 ","boom":"3466.67 ","hp":"6711.43 ","matk":"0.00 ","atk":"1713.75 ","M_Def":"1540.22 ","id":58,"boomhurt":"42545.45 ","movevalue":"91.00 ","movestome":"8.00 ","speed":"90.00 "},{"def":"1313.45 ","boom":"3488.89 ","hp":"6859.69 ","matk":"0.00 ","atk":"1753.72 ","M_Def":"1576.14 ","id":59,"boomhurt":"42818.18 ","movevalue":"91.00 ","movestome":"8.00 ","speed":"90.00 "},{"def":"1343.59 ","boom":"3511.11 ","hp":"7008.82 ","matk":"0.00 ","atk":"1793.96 ","M_Def":"1612.30 ","id":60,"boomhurt":"43090.91 ","movevalue":"91.00 ","movestome":"8.00 ","speed":"90.00 "}]