[{"def":"42.56 ","boom":"760.00 ","hp":"378.00 ","matk":"0.00 ","atk":"27.36 ","M_Def":"51.07 ","id":1,"boomhurt":"13500.00 ","movevalue":"98.32 ","movestome":"7.00 ","speed":"111.69 "},{"def":"54.07 ","boom":"767.68 ","hp":"507.06 ","matk":"0.00 ","atk":"34.76 ","M_Def":"64.89 ","id":2,"boomhurt":"13636.36 ","movevalue":"98.32 ","movestome":"7.00 ","speed":"111.69 "},{"def":"67.02 ","boom":"775.35 ","hp":"646.31 ","matk":"0.00 ","atk":"43.09 ","M_Def":"80.43 ","id":3,"boomhurt":"13772.73 ","movevalue":"98.32 ","movestome":"7.00 ","speed":"111.69 "},{"def":"81.13 ","boom":"783.03 ","hp":"793.80 ","matk":"0.00 ","atk":"52.15 ","M_Def":"97.36 ","id":4,"boomhurt":"13909.09 ","movevalue":"98.32 ","movestome":"7.00 ","speed":"111.69 "},{"def":"96.24 ","boom":"790.71 ","hp":"948.41 ","matk":"0.00 ","atk":"61.87 ","M_Def":"115.49 ","id":5,"boomhurt":"14045.45 ","movevalue":"98.32 ","movestome":"7.00 ","speed":"111.69 "},{"def":"112.24 ","boom":"798.38 ","hp":"1109.37 ","matk":"0.00 ","atk":"72.16 ","M_Def":"134.69 ","id":6,"boomhurt":"14181.82 ","movevalue":"98.32 ","movestome":"7.00 ","speed":"111.69 "},{"def":"129.06 ","boom":"806.06 ","hp":"1276.13 ","matk":"0.00 ","atk":"82.97 ","M_Def":"154.88 ","id":7,"boomhurt":"14318.18 ","movevalue":"98.32 ","movestome":"7.00 ","speed":"111.69 "},{"def":"146.64 ","boom":"813.74 ","hp":"1448.26 ","matk":"0.00 ","atk":"94.27 ","M_Def":"175.97 ","id":8,"boomhurt":"14454.55 ","movevalue":"98.32 ","movestome":"7.00 ","speed":"111.69 "},{"def":"164.92 ","boom":"821.41 ","hp":"1625.40 ","matk":"0.00 ","atk":"106.02 ","M_Def":"197.90 ","id":9,"boomhurt":"14590.91 ","movevalue":"98.32 ","movestome":"7.00 ","speed":"111.69 "},{"def":"183.87 ","boom":"829.09 ","hp":"1807.27 ","matk":"0.00 ","atk":"118.20 ","M_Def":"220.64 ","id":10,"boomhurt":"14727.27 ","movevalue":"98.32 ","movestome":"7.00 ","speed":"111.69 "},{"def":"203.44 ","boom":"836.77 ","hp":"1993.63 ","matk":"0.00 ","atk":"130.79 ","M_Def":"244.13 ","id":11,"boomhurt":"14863.64 ","movevalue":"98.32 ","movestome":"7.00 ","speed":"111.69 "},{"def":"223.62 ","boom":"844.44 ","hp":"2184.26 ","matk":"0.00 ","atk":"143.76 ","M_Def":"268.35 ","id":12,"boomhurt":"15000.00 ","movevalue":"98.32 ","movestome":"7.00 ","speed":"111.69 "},{"def":"244.38 ","boom":"852.12 ","hp":"2378.98 ","matk":"0.00 ","atk":"157.10 ","M_Def":"293.26 ","id":13,"boomhurt":"15136.36 ","movevalue":"98.32 ","movestome":"7.00 ","speed":"111.69 "},{"def":"265.69 ","boom":"859.80 ","hp":"2577.64 ","matk":"0.00 ","atk":"170.80 ","M_Def":"318.83 ","id":14,"boomhurt":"15272.73 ","movevalue":"98.32 ","movestome":"7.00 ","speed":"111.69 "},{"def":"287.53 ","boom":"867.47 ","hp":"2780.09 ","matk":"0.00 ","atk":"184.84 ","M_Def":"345.04 ","id":15,"boomhurt":"15409.09 ","movevalue":"98.32 ","movestome":"7.00 ","speed":"111.69 "},{"def":"309.89 ","boom":"875.15 ","hp":"2986.20 ","matk":"0.00 ","atk":"199.21 ","M_Def":"371.87 ","id":16,"boomhurt":"15545.45 ","movevalue":"98.32 ","movestome":"7.00 ","speed":"111.69 "},{"def":"332.75 ","boom":"882.83 ","hp":"3195.85 ","matk":"0.00 ","atk":"213.91 ","M_Def":"399.30 ","id":17,"boomhurt":"15681.82 ","movevalue":"98.32 ","movestome":"7.00 ","speed":"111.69 "},{"def":"356.09 ","boom":"890.51 ","hp":"3408.95 ","matk":"0.00 ","atk":"228.91 ","M_Def":"427.31 ","id":18,"boomhurt":"15818.18 ","movevalue":"98.32 ","movestome":"7.00 ","speed":"111.69 "},{"def":"379.90 ","boom":"898.18 ","hp":"3625.38 ","matk":"0.00 ","atk":"244.22 ","M_Def":"455.88 ","id":19,"boomhurt":"15954.55 ","movevalue":"98.32 ","movestome":"7.00 ","speed":"111.69 "},{"def":"404.17 ","boom":"905.86 ","hp":"3845.07 ","matk":"0.00 ","atk":"259.82 ","M_Def":"485.00 ","id":20,"boomhurt":"16090.91 ","movevalue":"98.32 ","movestome":"7.00 ","speed":"111.69 "},{"def":"428.88 ","boom":"913.54 ","hp":"4067.92 ","matk":"0.00 ","atk":"275.71 ","M_Def":"514.66 ","id":21,"boomhurt":"16227.27 ","movevalue":"98.32 ","movestome":"7.00 ","speed":"111.69 "},{"def":"454.03 ","boom":"921.21 ","hp":"4293.87 ","matk":"0.00 ","atk":"291.88 ","M_Def":"544.84 ","id":22,"boomhurt":"16363.64 ","movevalue":"98.32 ","movestome":"7.00 ","speed":"111.69 "},{"def":"479.61 ","boom":"928.89 ","hp":"4522.85 ","matk":"0.00 ","atk":"308.32 ","M_Def":"575.53 ","id":23,"boomhurt":"16500.00 ","movevalue":"98.32 ","movestome":"7.00 ","speed":"111.69 "},{"def":"505.60 ","boom":"936.57 ","hp":"4754.78 ","matk":"0.00 ","atk":"325.03 ","M_Def":"606.72 ","id":24,"boomhurt":"16636.36 ","movevalue":"98.32 ","movestome":"7.00 ","speed":"111.69 "},{"def":"532.00 ","boom":"944.24 ","hp":"4989.60 ","matk":"0.00 ","atk":"342.00 ","M_Def":"638.40 ","id":25,"boomhurt":"16772.73 ","movevalue":"98.32 ","movestome":"7.00 ","speed":"111.69 "},{"def":"558.80 ","boom":"951.92 ","hp":"5227.26 ","matk":"0.00 ","atk":"359.23 ","M_Def":"670.56 ","id":26,"boomhurt":"16909.09 ","movevalue":"98.32 ","movestome":"7.00 ","speed":"111.69 "},{"def":"585.99 ","boom":"959.60 ","hp":"5467.70 ","matk":"0.00 ","atk":"376.71 ","M_Def":"703.19 ","id":27,"boomhurt":"17045.45 ","movevalue":"98.32 ","movestome":"7.00 ","speed":"111.69 "},{"def":"613.56 ","boom":"967.27 ","hp":"5710.86 ","matk":"0.00 ","atk":"394.43 ","M_Def":"736.27 ","id":28,"boomhurt":"17181.82 ","movevalue":"98.32 ","movestome":"7.00 ","speed":"111.69 "},{"def":"641.51 ","boom":"974.95 ","hp":"5956.71 ","matk":"0.00 ","atk":"412.40 ","M_Def":"769.81 ","id":29,"boomhurt":"17318.18 ","movevalue":"98.32 ","movestome":"7.00 ","speed":"111.69 "},{"def":"669.83 ","boom":"982.63 ","hp":"6205.19 ","matk":"0.00 ","atk":"430.61 ","M_Def":"803.80 ","id":30,"boomhurt":"17454.55 ","movevalue":"98.32 ","movestome":"7.00 ","speed":"111.69 "},{"def":"698.52 ","boom":"990.30 ","hp":"6456.25 ","matk":"0.00 ","atk":"449.05 ","M_Def":"838.22 ","id":31,"boomhurt":"17590.91 ","movevalue":"98.32 ","movestome":"7.00 ","speed":"111.69 "},{"def":"727.56 ","boom":"997.98 ","hp":"6709.87 ","matk":"0.00 ","atk":"467.72 ","M_Def":"873.07 ","id":32,"boomhurt":"17727.27 ","movevalue":"98.32 ","movestome":"7.00 ","speed":"111.69 "},{"def":"756.96 ","boom":"1005.66 ","hp":"6965.98 ","matk":"0.00 ","atk":"486.62 ","M_Def":"908.35 ","id":33,"boomhurt":"17863.64 ","movevalue":"98.32 ","movestome":"7.00 ","speed":"111.69 "},{"def":"786.70 ","boom":"1013.33 ","hp":"7224.57 ","matk":"0.00 ","atk":"505.74 ","M_Def":"944.04 ","id":34,"boomhurt":"18000.00 ","movevalue":"98.32 ","movestome":"7.00 ","speed":"111.69 "},{"def":"816.79 ","boom":"1021.01 ","hp":"7485.59 ","matk":"0.00 ","atk":"525.08 ","M_Def":"980.14 ","id":35,"boomhurt":"18136.36 ","movevalue":"98.32 ","movestome":"7.00 ","speed":"111.69 "},{"def":"847.21 ","boom":"1028.69 ","hp":"7749.00 ","matk":"0.00 ","atk":"544.63 ","M_Def":"1016.65 ","id":36,"boomhurt":"18272.73 ","movevalue":"98.32 ","movestome":"7.00 ","speed":"111.69 "},{"def":"877.97 ","boom":"1036.36 ","hp":"8014.78 ","matk":"0.00 ","atk":"564.41 ","M_Def":"1053.56 ","id":37,"boomhurt":"18409.09 ","movevalue":"98.32 ","movestome":"7.00 ","speed":"111.69 "},{"def":"909.05 ","boom":"1044.04 ","hp":"8282.88 ","matk":"0.00 ","atk":"584.39 ","M_Def":"1090.86 ","id":38,"boomhurt":"18545.45 ","movevalue":"98.32 ","movestome":"7.00 ","speed":"111.69 "},{"def":"940.46 ","boom":"1051.72 ","hp":"8553.29 ","matk":"0.00 ","atk":"604.58 ","M_Def":"1128.55 ","id":39,"boomhurt":"18681.82 ","movevalue":"98.32 ","movestome":"7.00 ","speed":"111.69 "},{"def":"972.18 ","boom":"1059.39 ","hp":"8825.96 ","matk":"0.00 ","atk":"624.97 ","M_Def":"1166.62 ","id":40,"boomhurt":"18818.18 ","movevalue":"98.32 ","movestome":"7.00 ","speed":"111.69 "},{"def":"1004.22 ","boom":"1067.07 ","hp":"9100.88 ","matk":"0.00 ","atk":"645.57 ","M_Def":"1205.07 ","id":41,"boomhurt":"18954.55 ","movevalue":"98.32 ","movestome":"7.00 ","speed":"111.69 "},{"def":"1036.58 ","boom":"1074.75 ","hp":"9378.01 ","matk":"0.00 ","atk":"666.37 ","M_Def":"1243.89 ","id":42,"boomhurt":"19090.91 ","movevalue":"98.32 ","movestome":"7.00 ","speed":"111.69 "},{"def":"1069.24 ","boom":"1082.42 ","hp":"9657.33 ","matk":"0.00 ","atk":"687.37 ","M_Def":"1283.09 ","id":43,"boomhurt":"19227.27 ","movevalue":"98.32 ","movestome":"7.00 ","speed":"111.69 "},{"def":"1102.21 ","boom":"1090.10 ","hp":"9938.81 ","matk":"0.00 ","atk":"708.56 ","M_Def":"1322.65 ","id":44,"boomhurt":"19363.64 ","movevalue":"98.32 ","movestome":"7.00 ","speed":"111.69 "},{"def":"1135.47 ","boom":"1097.78 ","hp":"10222.43 ","matk":"0.00 ","atk":"729.95 ","M_Def":"1362.57 ","id":45,"boomhurt":"19500.00 ","movevalue":"98.32 ","movestome":"7.00 ","speed":"111.69 "},{"def":"1169.04 ","boom":"1105.45 ","hp":"10508.16 ","matk":"0.00 ","atk":"751.52 ","M_Def":"1402.84 ","id":46,"boomhurt":"19636.36 ","movevalue":"98.32 ","movestome":"7.00 ","speed":"111.69 "},{"def":"1202.89 ","boom":"1113.13 ","hp":"10795.98 ","matk":"0.00 ","atk":"773.29 ","M_Def":"1443.47 ","id":47,"boomhurt":"19772.73 ","movevalue":"98.32 ","movestome":"7.00 ","speed":"111.69 "},{"def":"1237.04 ","boom":"1120.81 ","hp":"11085.87 ","matk":"0.00 ","atk":"795.24 ","M_Def":"1484.45 ","id":48,"boomhurt":"19909.09 ","movevalue":"98.32 ","movestome":"7.00 ","speed":"111.69 "},{"def":"1271.48 ","boom":"1128.48 ","hp":"11377.80 ","matk":"0.00 ","atk":"817.38 ","M_Def":"1525.78 ","id":49,"boomhurt":"20045.45 ","movevalue":"98.32 ","movestome":"7.00 ","speed":"111.69 "},{"def":"1306.20 ","boom":"1136.16 ","hp":"11671.76 ","matk":"0.00 ","atk":"839.70 ","M_Def":"1567.44 ","id":50,"boomhurt":"20181.82 ","movevalue":"98.32 ","movestome":"7.00 ","speed":"111.69 "},{"def":"1341.21 ","boom":"1143.84 ","hp":"11967.72 ","matk":"0.00 ","atk":"862.20 ","M_Def":"1609.45 ","id":51,"boomhurt":"20318.18 ","movevalue":"98.32 ","movestome":"7.00 ","speed":"111.69 "},{"def":"1376.49 ","boom":"1151.52 ","hp":"12265.67 ","matk":"0.00 ","atk":"884.89 ","M_Def":"1651.79 ","id":52,"boomhurt":"20454.55 ","movevalue":"98.32 ","movestome":"7.00 ","speed":"111.69 "},{"def":"1412.05 ","boom":"1159.19 ","hp":"12565.59 ","matk":"0.00 ","atk":"907.75 ","M_Def":"1694.46 ","id":53,"boomhurt":"20590.91 ","movevalue":"98.32 ","movestome":"7.00 ","speed":"111.69 "},{"def":"1447.88 ","boom":"1166.87 ","hp":"12867.45 ","matk":"0.00 ","atk":"930.78 ","M_Def":"1737.46 ","id":54,"boomhurt":"20727.27 ","movevalue":"98.32 ","movestome":"7.00 ","speed":"111.69 "},{"def":"1483.99 ","boom":"1174.55 ","hp":"13171.24 ","matk":"0.00 ","atk":"953.99 ","M_Def":"1780.79 ","id":55,"boomhurt":"20863.64 ","movevalue":"98.32 ","movestome":"7.00 ","speed":"111.69 "},{"def":"1520.36 ","boom":"1182.22 ","hp":"13476.94 ","matk":"0.00 ","atk":"977.38 ","M_Def":"1824.44 ","id":56,"boomhurt":"21000.00 ","movevalue":"98.32 ","movestome":"7.00 ","speed":"111.69 "},{"def":"1557.01 ","boom":"1189.90 ","hp":"13784.54 ","matk":"0.00 ","atk":"1000.93 ","M_Def":"1868.41 ","id":57,"boomhurt":"21136.36 ","movevalue":"98.32 ","movestome":"7.00 ","speed":"111.69 "},{"def":"1593.91 ","boom":"1197.58 ","hp":"14094.01 ","matk":"0.00 ","atk":"1024.66 ","M_Def":"1912.69 ","id":58,"boomhurt":"21272.73 ","movevalue":"98.32 ","movestome":"7.00 ","speed":"111.69 "},{"def":"1631.08 ","boom":"1205.25 ","hp":"14405.35 ","matk":"0.00 ","atk":"1048.55 ","M_Def":"1957.29 ","id":59,"boomhurt":"21409.09 ","movevalue":"98.32 ","movestome":"7.00 ","speed":"111.69 "},{"def":"1668.51 ","boom":"1212.93 ","hp":"14718.53 ","matk":"0.00 ","atk":"1072.61 ","M_Def":"2002.21 ","id":60,"boomhurt":"21545.45 ","movevalue":"98.32 ","movestome":"7.00 ","speed":"111.69 "}]