[{"def":"58.80 ","boom":"1850.00 ","hp":"648.00 ","matk":"0.00 ","atk":"29.92 ","M_Def":"36.69 ","id":1,"boomhurt":"15000.00 ","movevalue":"80.50 ","movestome":"6.00 ","speed":"112.20 "},{"def":"74.71 ","boom":"1868.69 ","hp":"869.24 ","matk":"0.00 ","atk":"38.01 ","M_Def":"46.62 ","id":2,"boomhurt":"15151.52 ","movevalue":"80.50 ","movestome":"6.00 ","speed":"112.20 "},{"def":"92.60 ","boom":"1887.37 ","hp":"1107.96 ","matk":"0.00 ","atk":"47.12 ","M_Def":"57.78 ","id":3,"boomhurt":"15303.03 ","movevalue":"80.50 ","movestome":"6.00 ","speed":"112.20 "},{"def":"112.09 ","boom":"1906.06 ","hp":"1360.80 ","matk":"0.00 ","atk":"57.04 ","M_Def":"69.94 ","id":4,"boomhurt":"15454.55 ","movevalue":"80.50 ","movestome":"6.00 ","speed":"112.20 "},{"def":"132.96 ","boom":"1924.75 ","hp":"1625.84 ","matk":"0.00 ","atk":"67.66 ","M_Def":"82.97 ","id":5,"boomhurt":"15606.06 ","movevalue":"80.50 ","movestome":"6.00 ","speed":"112.20 "},{"def":"155.07 ","boom":"1943.43 ","hp":"1901.78 ","matk":"0.00 ","atk":"78.91 ","M_Def":"96.77 ","id":6,"boomhurt":"15757.58 ","movevalue":"80.50 ","movestome":"6.00 ","speed":"112.20 "},{"def":"178.31 ","boom":"1962.12 ","hp":"2187.66 ","matk":"0.00 ","atk":"90.73 ","M_Def":"111.27 ","id":7,"boomhurt":"15909.09 ","movevalue":"80.50 ","movestome":"6.00 ","speed":"112.20 "},{"def":"202.59 ","boom":"1980.81 ","hp":"2482.73 ","matk":"0.00 ","atk":"103.09 ","M_Def":"126.42 ","id":8,"boomhurt":"16060.61 ","movevalue":"80.50 ","movestome":"6.00 ","speed":"112.20 "},{"def":"227.85 ","boom":"1999.49 ","hp":"2786.40 ","matk":"0.00 ","atk":"115.94 ","M_Def":"142.18 ","id":9,"boomhurt":"16212.12 ","movevalue":"80.50 ","movestome":"6.00 ","speed":"112.20 "},{"def":"254.03 ","boom":"2018.18 ","hp":"3098.18 ","matk":"0.00 ","atk":"129.26 ","M_Def":"158.51 ","id":10,"boomhurt":"16363.64 ","movevalue":"80.50 ","movestome":"6.00 ","speed":"112.20 "},{"def":"281.07 ","boom":"2036.87 ","hp":"3417.65 ","matk":"0.00 ","atk":"143.02 ","M_Def":"175.39 ","id":11,"boomhurt":"16515.15 ","movevalue":"80.50 ","movestome":"6.00 ","speed":"112.20 "},{"def":"308.95 ","boom":"2055.56 ","hp":"3744.44 ","matk":"0.00 ","atk":"157.21 ","M_Def":"192.79 ","id":12,"boomhurt":"16666.67 ","movevalue":"80.50 ","movestome":"6.00 ","speed":"112.20 "},{"def":"337.63 ","boom":"2074.24 ","hp":"4078.26 ","matk":"0.00 ","atk":"171.80 ","M_Def":"210.68 ","id":13,"boomhurt":"16818.18 ","movevalue":"80.50 ","movestome":"6.00 ","speed":"112.20 "},{"def":"367.07 ","boom":"2092.93 ","hp":"4418.82 ","matk":"0.00 ","atk":"186.78 ","M_Def":"229.05 ","id":14,"boomhurt":"16969.70 ","movevalue":"80.50 ","movestome":"6.00 ","speed":"112.20 "},{"def":"397.25 ","boom":"2111.62 ","hp":"4765.87 ","matk":"0.00 ","atk":"202.14 ","M_Def":"247.88 ","id":15,"boomhurt":"17121.21 ","movevalue":"80.50 ","movestome":"6.00 ","speed":"112.20 "},{"def":"428.14 ","boom":"2130.30 ","hp":"5119.20 ","matk":"0.00 ","atk":"217.85 ","M_Def":"267.16 ","id":16,"boomhurt":"17272.73 ","movevalue":"80.50 ","movestome":"6.00 ","speed":"112.20 "},{"def":"459.72 ","boom":"2148.99 ","hp":"5478.61 ","matk":"0.00 ","atk":"233.92 ","M_Def":"286.86 ","id":17,"boomhurt":"17424.24 ","movevalue":"80.50 ","movestome":"6.00 ","speed":"112.20 "},{"def":"491.96 ","boom":"2167.68 ","hp":"5843.91 ","matk":"0.00 ","atk":"250.33 ","M_Def":"306.99 ","id":18,"boomhurt":"17575.76 ","movevalue":"80.50 ","movestome":"6.00 ","speed":"112.20 "},{"def":"524.86 ","boom":"2186.36 ","hp":"6214.94 ","matk":"0.00 ","atk":"267.07 ","M_Def":"327.51 ","id":19,"boomhurt":"17727.27 ","movevalue":"80.50 ","movestome":"6.00 ","speed":"112.20 "},{"def":"558.39 ","boom":"2205.05 ","hp":"6591.54 ","matk":"0.00 ","atk":"284.13 ","M_Def":"348.44 ","id":20,"boomhurt":"17878.79 ","movevalue":"80.50 ","movestome":"6.00 ","speed":"112.20 "},{"def":"592.54 ","boom":"2223.74 ","hp":"6973.58 ","matk":"0.00 ","atk":"301.51 ","M_Def":"369.74 ","id":21,"boomhurt":"18030.30 ","movevalue":"80.50 ","movestome":"6.00 ","speed":"112.20 "},{"def":"627.28 ","boom":"2242.42 ","hp":"7360.93 ","matk":"0.00 ","atk":"319.19 ","M_Def":"391.42 ","id":22,"boomhurt":"18181.82 ","movevalue":"80.50 ","movestome":"6.00 ","speed":"112.20 "},{"def":"662.62 ","boom":"2261.11 ","hp":"7753.45 ","matk":"0.00 ","atk":"337.17 ","M_Def":"413.47 ","id":23,"boomhurt":"18333.33 ","movevalue":"80.50 ","movestome":"6.00 ","speed":"112.20 "},{"def":"698.53 ","boom":"2279.80 ","hp":"8151.05 ","matk":"0.00 ","atk":"355.44 ","M_Def":"435.88 ","id":24,"boomhurt":"18484.85 ","movevalue":"80.50 ","movestome":"6.00 ","speed":"112.20 "},{"def":"735.00 ","boom":"2298.48 ","hp":"8553.60 ","matk":"0.00 ","atk":"374.00 ","M_Def":"458.64 ","id":25,"boomhurt":"18636.36 ","movevalue":"80.50 ","movestome":"6.00 ","speed":"112.20 "},{"def":"772.02 ","boom":"2317.17 ","hp":"8961.01 ","matk":"0.00 ","atk":"392.84 ","M_Def":"481.74 ","id":26,"boomhurt":"18787.88 ","movevalue":"80.50 ","movestome":"6.00 ","speed":"112.20 "},{"def":"809.59 ","boom":"2335.86 ","hp":"9373.19 ","matk":"0.00 ","atk":"411.95 ","M_Def":"505.18 ","id":27,"boomhurt":"18939.39 ","movevalue":"80.50 ","movestome":"6.00 ","speed":"112.20 "},{"def":"847.68 ","boom":"2354.55 ","hp":"9790.05 ","matk":"0.00 ","atk":"431.34 ","M_Def":"528.95 ","id":28,"boomhurt":"19090.91 ","movevalue":"80.50 ","movestome":"6.00 ","speed":"112.20 "},{"def":"886.30 ","boom":"2373.23 ","hp":"10211.50 ","matk":"0.00 ","atk":"450.99 ","M_Def":"553.05 ","id":29,"boomhurt":"19242.42 ","movevalue":"80.50 ","movestome":"6.00 ","speed":"112.20 "},{"def":"925.43 ","boom":"2391.92 ","hp":"10637.46 ","matk":"0.00 ","atk":"470.90 ","M_Def":"577.47 ","id":30,"boomhurt":"19393.94 ","movevalue":"80.50 ","movestome":"6.00 ","speed":"112.20 "},{"def":"965.06 ","boom":"2410.61 ","hp":"11067.86 ","matk":"0.00 ","atk":"491.06 ","M_Def":"602.20 ","id":31,"boomhurt":"19545.45 ","movevalue":"80.50 ","movestome":"6.00 ","speed":"112.20 "},{"def":"1005.18 ","boom":"2429.29 ","hp":"11502.63 ","matk":"0.00 ","atk":"511.48 ","M_Def":"627.23 ","id":32,"boomhurt":"19696.97 ","movevalue":"80.50 ","movestome":"6.00 ","speed":"112.20 "},{"def":"1045.80 ","boom":"2447.98 ","hp":"11941.69 ","matk":"0.00 ","atk":"532.15 ","M_Def":"652.58 ","id":33,"boomhurt":"19848.48 ","movevalue":"80.50 ","movestome":"6.00 ","speed":"112.20 "},{"def":"1086.89 ","boom":"2466.67 ","hp":"12384.98 ","matk":"0.00 ","atk":"553.06 ","M_Def":"678.22 ","id":34,"boomhurt":"20000.00 ","movevalue":"80.50 ","movestome":"6.00 ","speed":"112.20 "},{"def":"1128.46 ","boom":"2485.35 ","hp":"12832.43 ","matk":"0.00 ","atk":"574.21 ","M_Def":"704.16 ","id":35,"boomhurt":"20151.52 ","movevalue":"80.50 ","movestome":"6.00 ","speed":"112.20 "},{"def":"1170.49 ","boom":"2504.04 ","hp":"13284.00 ","matk":"0.00 ","atk":"595.60 ","M_Def":"730.38 ","id":36,"boomhurt":"20303.03 ","movevalue":"80.50 ","movestome":"6.00 ","speed":"112.20 "},{"def":"1212.98 ","boom":"2522.73 ","hp":"13739.62 ","matk":"0.00 ","atk":"617.22 ","M_Def":"756.90 ","id":37,"boomhurt":"20454.55 ","movevalue":"80.50 ","movestome":"6.00 ","speed":"112.20 "},{"def":"1255.92 ","boom":"2541.41 ","hp":"14199.23 ","matk":"0.00 ","atk":"639.07 ","M_Def":"783.70 ","id":38,"boomhurt":"20606.06 ","movevalue":"80.50 ","movestome":"6.00 ","speed":"112.20 "},{"def":"1299.31 ","boom":"2560.10 ","hp":"14662.78 ","matk":"0.00 ","atk":"661.15 ","M_Def":"810.77 ","id":39,"boomhurt":"20757.58 ","movevalue":"80.50 ","movestome":"6.00 ","speed":"112.20 "},{"def":"1343.15 ","boom":"2578.79 ","hp":"15130.22 ","matk":"0.00 ","atk":"683.45 ","M_Def":"838.12 ","id":40,"boomhurt":"20909.09 ","movevalue":"80.50 ","movestome":"6.00 ","speed":"112.20 "},{"def":"1387.42 ","boom":"2597.47 ","hp":"15601.51 ","matk":"0.00 ","atk":"705.98 ","M_Def":"865.75 ","id":41,"boomhurt":"21060.61 ","movevalue":"80.50 ","movestome":"6.00 ","speed":"112.20 "},{"def":"1432.11 ","boom":"2616.16 ","hp":"16076.59 ","matk":"0.00 ","atk":"728.72 ","M_Def":"893.64 ","id":42,"boomhurt":"21212.12 ","movevalue":"80.50 ","movestome":"6.00 ","speed":"112.20 "},{"def":"1477.24 ","boom":"2634.85 ","hp":"16555.42 ","matk":"0.00 ","atk":"751.68 ","M_Def":"921.80 ","id":43,"boomhurt":"21363.64 ","movevalue":"80.50 ","movestome":"6.00 ","speed":"112.20 "},{"def":"1522.78 ","boom":"2653.54 ","hp":"17037.96 ","matk":"0.00 ","atk":"774.86 ","M_Def":"950.22 ","id":44,"boomhurt":"21515.15 ","movevalue":"80.50 ","movestome":"6.00 ","speed":"112.20 "},{"def":"1568.74 ","boom":"2672.22 ","hp":"17524.16 ","matk":"0.00 ","atk":"798.25 ","M_Def":"978.90 ","id":45,"boomhurt":"21666.67 ","movevalue":"80.50 ","movestome":"6.00 ","speed":"112.20 "},{"def":"1615.12 ","boom":"2690.91 ","hp":"18013.98 ","matk":"0.00 ","atk":"821.84 ","M_Def":"1007.83 ","id":46,"boomhurt":"21818.18 ","movevalue":"80.50 ","movestome":"6.00 ","speed":"112.20 "},{"def":"1661.89 ","boom":"2709.60 ","hp":"18507.39 ","matk":"0.00 ","atk":"845.64 ","M_Def":"1037.02 ","id":47,"boomhurt":"21969.70 ","movevalue":"80.50 ","movestome":"6.00 ","speed":"112.20 "},{"def":"1709.07 ","boom":"2728.28 ","hp":"19004.34 ","matk":"0.00 ","atk":"869.65 ","M_Def":"1066.46 ","id":48,"boomhurt":"22121.21 ","movevalue":"80.50 ","movestome":"6.00 ","speed":"112.20 "},{"def":"1756.65 ","boom":"2746.97 ","hp":"19504.80 ","matk":"0.00 ","atk":"893.86 ","M_Def":"1096.15 ","id":49,"boomhurt":"22272.73 ","movevalue":"80.50 ","movestome":"6.00 ","speed":"112.20 "},{"def":"1804.62 ","boom":"2765.66 ","hp":"20008.73 ","matk":"0.00 ","atk":"918.27 ","M_Def":"1126.08 ","id":50,"boomhurt":"22424.24 ","movevalue":"80.50 ","movestome":"6.00 ","speed":"112.20 "},{"def":"1852.98 ","boom":"2784.34 ","hp":"20516.10 ","matk":"0.00 ","atk":"942.88 ","M_Def":"1156.26 ","id":51,"boomhurt":"22575.76 ","movevalue":"80.50 ","movestome":"6.00 ","speed":"112.20 "},{"def":"1901.73 ","boom":"2803.03 ","hp":"21026.87 ","matk":"0.00 ","atk":"967.68 ","M_Def":"1186.68 ","id":52,"boomhurt":"22727.27 ","movevalue":"80.50 ","movestome":"6.00 ","speed":"112.20 "},{"def":"1950.86 ","boom":"2821.72 ","hp":"21541.00 ","matk":"0.00 ","atk":"992.68 ","M_Def":"1217.34 ","id":53,"boomhurt":"22878.79 ","movevalue":"80.50 ","movestome":"6.00 ","speed":"112.20 "},{"def":"2000.37 ","boom":"2840.40 ","hp":"22058.48 ","matk":"0.00 ","atk":"1017.87 ","M_Def":"1248.23 ","id":54,"boomhurt":"23030.30 ","movevalue":"80.50 ","movestome":"6.00 ","speed":"112.20 "},{"def":"2050.25 ","boom":"2859.09 ","hp":"22579.27 ","matk":"0.00 ","atk":"1043.26 ","M_Def":"1279.36 ","id":55,"boomhurt":"23181.82 ","movevalue":"80.50 ","movestome":"6.00 ","speed":"112.20 "},{"def":"2100.50 ","boom":"2877.78 ","hp":"23103.33 ","matk":"0.00 ","atk":"1068.83 ","M_Def":"1310.71 ","id":56,"boomhurt":"23333.33 ","movevalue":"80.50 ","movestome":"6.00 ","speed":"112.20 "},{"def":"2151.13 ","boom":"2896.46 ","hp":"23630.63 ","matk":"0.00 ","atk":"1094.59 ","M_Def":"1342.30 ","id":57,"boomhurt":"23484.85 ","movevalue":"80.50 ","movestome":"6.00 ","speed":"112.20 "},{"def":"2202.11 ","boom":"2915.15 ","hp":"24161.16 ","matk":"0.00 ","atk":"1120.53 ","M_Def":"1374.12 ","id":58,"boomhurt":"23636.36 ","movevalue":"80.50 ","movestome":"6.00 ","speed":"112.20 "},{"def":"2253.46 ","boom":"2933.84 ","hp":"24694.88 ","matk":"0.00 ","atk":"1146.66 ","M_Def":"1406.16 ","id":59,"boomhurt":"23787.88 ","movevalue":"80.50 ","movestome":"6.00 ","speed":"112.20 "},{"def":"2305.17 ","boom":"2952.53 ","hp":"25231.76 ","matk":"0.00 ","atk":"1172.97 ","M_Def":"1438.43 ","id":60,"boomhurt":"23939.39 ","movevalue":"80.50 ","movestome":"6.00 ","speed":"112.20 "}]