[{"def":"44.80 ","boom":"800.00 ","hp":"360.00 ","matk":"0.00 ","atk":"28.80 ","M_Def":"51.07 ","id":1,"boomhurt":"13500.00 ","movevalue":"103.50 ","movestome":"7.00 ","speed":"108.41 "},{"def":"56.92 ","boom":"808.08 ","hp":"482.91 ","matk":"0.00 ","atk":"36.59 ","M_Def":"64.89 ","id":2,"boomhurt":"13636.36 ","movevalue":"103.50 ","movestome":"7.00 ","speed":"108.41 "},{"def":"70.55 ","boom":"816.16 ","hp":"615.53 ","matk":"0.00 ","atk":"45.35 ","M_Def":"80.43 ","id":3,"boomhurt":"13772.73 ","movevalue":"103.50 ","movestome":"7.00 ","speed":"108.41 "},{"def":"85.40 ","boom":"824.24 ","hp":"756.00 ","matk":"0.00 ","atk":"54.90 ","M_Def":"97.36 ","id":4,"boomhurt":"13909.09 ","movevalue":"103.50 ","movestome":"7.00 ","speed":"108.41 "},{"def":"101.30 ","boom":"832.32 ","hp":"903.25 ","matk":"0.00 ","atk":"65.12 ","M_Def":"115.49 ","id":5,"boomhurt":"14045.45 ","movevalue":"103.50 ","movestome":"7.00 ","speed":"108.41 "},{"def":"118.15 ","boom":"840.40 ","hp":"1056.54 ","matk":"0.00 ","atk":"75.95 ","M_Def":"134.69 ","id":6,"boomhurt":"14181.82 ","movevalue":"103.50 ","movestome":"7.00 ","speed":"108.41 "},{"def":"135.86 ","boom":"848.48 ","hp":"1215.36 ","matk":"0.00 ","atk":"87.34 ","M_Def":"154.88 ","id":7,"boomhurt":"14318.18 ","movevalue":"103.50 ","movestome":"7.00 ","speed":"108.41 "},{"def":"154.36 ","boom":"856.57 ","hp":"1379.29 ","matk":"0.00 ","atk":"99.23 ","M_Def":"175.97 ","id":8,"boomhurt":"14454.55 ","movevalue":"103.50 ","movestome":"7.00 ","speed":"108.41 "},{"def":"173.60 ","boom":"864.65 ","hp":"1548.00 ","matk":"0.00 ","atk":"111.60 ","M_Def":"197.90 ","id":9,"boomhurt":"14590.91 ","movevalue":"103.50 ","movestome":"7.00 ","speed":"108.41 "},{"def":"193.54 ","boom":"872.73 ","hp":"1721.21 ","matk":"0.00 ","atk":"124.42 ","M_Def":"220.64 ","id":10,"boomhurt":"14727.27 ","movevalue":"103.50 ","movestome":"7.00 ","speed":"108.41 "},{"def":"214.15 ","boom":"880.81 ","hp":"1898.69 ","matk":"0.00 ","atk":"137.67 ","M_Def":"244.13 ","id":11,"boomhurt":"14863.64 ","movevalue":"103.50 ","movestome":"7.00 ","speed":"108.41 "},{"def":"235.39 ","boom":"888.89 ","hp":"2080.25 ","matk":"0.00 ","atk":"151.32 ","M_Def":"268.35 ","id":12,"boomhurt":"15000.00 ","movevalue":"103.50 ","movestome":"7.00 ","speed":"108.41 "},{"def":"257.24 ","boom":"896.97 ","hp":"2265.70 ","matk":"0.00 ","atk":"165.37 ","M_Def":"293.26 ","id":13,"boomhurt":"15136.36 ","movevalue":"103.50 ","movestome":"7.00 ","speed":"108.41 "},{"def":"279.67 ","boom":"905.05 ","hp":"2454.90 ","matk":"0.00 ","atk":"179.79 ","M_Def":"318.83 ","id":14,"boomhurt":"15272.73 ","movevalue":"103.50 ","movestome":"7.00 ","speed":"108.41 "},{"def":"302.67 ","boom":"913.13 ","hp":"2647.71 ","matk":"0.00 ","atk":"194.57 ","M_Def":"345.04 ","id":15,"boomhurt":"15409.09 ","movevalue":"103.50 ","movestome":"7.00 ","speed":"108.41 "},{"def":"326.20 ","boom":"921.21 ","hp":"2844.00 ","matk":"0.00 ","atk":"209.70 ","M_Def":"371.87 ","id":16,"boomhurt":"15545.45 ","movevalue":"103.50 ","movestome":"7.00 ","speed":"108.41 "},{"def":"350.26 ","boom":"929.29 ","hp":"3043.67 ","matk":"0.00 ","atk":"225.17 ","M_Def":"399.30 ","id":17,"boomhurt":"15681.82 ","movevalue":"103.50 ","movestome":"7.00 ","speed":"108.41 "},{"def":"374.83 ","boom":"937.37 ","hp":"3246.62 ","matk":"0.00 ","atk":"240.96 ","M_Def":"427.31 ","id":18,"boomhurt":"15818.18 ","movevalue":"103.50 ","movestome":"7.00 ","speed":"108.41 "},{"def":"399.89 ","boom":"945.45 ","hp":"3452.74 ","matk":"0.00 ","atk":"257.07 ","M_Def":"455.88 ","id":19,"boomhurt":"15954.55 ","movevalue":"103.50 ","movestome":"7.00 ","speed":"108.41 "},{"def":"425.44 ","boom":"953.54 ","hp":"3661.97 ","matk":"0.00 ","atk":"273.50 ","M_Def":"485.00 ","id":20,"boomhurt":"16090.91 ","movevalue":"103.50 ","movestome":"7.00 ","speed":"108.41 "},{"def":"451.46 ","boom":"961.62 ","hp":"3874.21 ","matk":"0.00 ","atk":"290.22 ","M_Def":"514.66 ","id":21,"boomhurt":"16227.27 ","movevalue":"103.50 ","movestome":"7.00 ","speed":"108.41 "},{"def":"477.93 ","boom":"969.70 ","hp":"4089.40 ","matk":"0.00 ","atk":"307.24 ","M_Def":"544.84 ","id":22,"boomhurt":"16363.64 ","movevalue":"103.50 ","movestome":"7.00 ","speed":"108.41 "},{"def":"504.85 ","boom":"977.78 ","hp":"4307.47 ","matk":"0.00 ","atk":"324.55 ","M_Def":"575.53 ","id":23,"boomhurt":"16500.00 ","movevalue":"103.50 ","movestome":"7.00 ","speed":"108.41 "},{"def":"532.21 ","boom":"985.86 ","hp":"4528.36 ","matk":"0.00 ","atk":"342.14 ","M_Def":"606.72 ","id":24,"boomhurt":"16636.36 ","movevalue":"103.50 ","movestome":"7.00 ","speed":"108.41 "},{"def":"560.00 ","boom":"993.94 ","hp":"4752.00 ","matk":"0.00 ","atk":"360.00 ","M_Def":"638.40 ","id":25,"boomhurt":"16772.73 ","movevalue":"103.50 ","movestome":"7.00 ","speed":"108.41 "},{"def":"588.21 ","boom":"1002.02 ","hp":"4978.34 ","matk":"0.00 ","atk":"378.13 ","M_Def":"670.56 ","id":26,"boomhurt":"16909.09 ","movevalue":"103.50 ","movestome":"7.00 ","speed":"108.41 "},{"def":"616.83 ","boom":"1010.10 ","hp":"5207.33 ","matk":"0.00 ","atk":"396.53 ","M_Def":"703.19 ","id":27,"boomhurt":"17045.45 ","movevalue":"103.50 ","movestome":"7.00 ","speed":"108.41 "},{"def":"645.85 ","boom":"1018.18 ","hp":"5438.92 ","matk":"0.00 ","atk":"415.19 ","M_Def":"736.27 ","id":28,"boomhurt":"17181.82 ","movevalue":"103.50 ","movestome":"7.00 ","speed":"108.41 "},{"def":"675.28 ","boom":"1026.26 ","hp":"5673.06 ","matk":"0.00 ","atk":"434.11 ","M_Def":"769.81 ","id":29,"boomhurt":"17318.18 ","movevalue":"103.50 ","movestome":"7.00 ","speed":"108.41 "},{"def":"705.09 ","boom":"1034.34 ","hp":"5909.70 ","matk":"0.00 ","atk":"453.27 ","M_Def":"803.80 ","id":30,"boomhurt":"17454.55 ","movevalue":"103.50 ","movestome":"7.00 ","speed":"108.41 "},{"def":"735.28 ","boom":"1042.42 ","hp":"6148.81 ","matk":"0.00 ","atk":"472.68 ","M_Def":"838.22 ","id":31,"boomhurt":"17590.91 ","movevalue":"103.50 ","movestome":"7.00 ","speed":"108.41 "},{"def":"765.85 ","boom":"1050.51 ","hp":"6390.35 ","matk":"0.00 ","atk":"492.33 ","M_Def":"873.07 ","id":32,"boomhurt":"17727.27 ","movevalue":"103.50 ","movestome":"7.00 ","speed":"108.41 "},{"def":"796.80 ","boom":"1058.59 ","hp":"6634.27 ","matk":"0.00 ","atk":"512.23 ","M_Def":"908.35 ","id":33,"boomhurt":"17863.64 ","movevalue":"103.50 ","movestome":"7.00 ","speed":"108.41 "},{"def":"828.11 ","boom":"1066.67 ","hp":"6880.54 ","matk":"0.00 ","atk":"532.35 ","M_Def":"944.04 ","id":34,"boomhurt":"18000.00 ","movevalue":"103.50 ","movestome":"7.00 ","speed":"108.41 "},{"def":"859.78 ","boom":"1074.75 ","hp":"7129.13 ","matk":"0.00 ","atk":"552.71 ","M_Def":"980.14 ","id":35,"boomhurt":"18136.36 ","movevalue":"103.50 ","movestome":"7.00 ","speed":"108.41 "},{"def":"891.80 ","boom":"1082.83 ","hp":"7380.00 ","matk":"0.00 ","atk":"573.30 ","M_Def":"1016.65 ","id":36,"boomhurt":"18272.73 ","movevalue":"103.50 ","movestome":"7.00 ","speed":"108.41 "},{"def":"924.17 ","boom":"1090.91 ","hp":"7633.12 ","matk":"0.00 ","atk":"594.11 ","M_Def":"1053.56 ","id":37,"boomhurt":"18409.09 ","movevalue":"103.50 ","movestome":"7.00 ","speed":"108.41 "},{"def":"956.89 ","boom":"1098.99 ","hp":"7888.46 ","matk":"0.00 ","atk":"615.15 ","M_Def":"1090.86 ","id":38,"boomhurt":"18545.45 ","movevalue":"103.50 ","movestome":"7.00 ","speed":"108.41 "},{"def":"989.95 ","boom":"1107.07 ","hp":"8145.99 ","matk":"0.00 ","atk":"636.40 ","M_Def":"1128.55 ","id":39,"boomhurt":"18681.82 ","movevalue":"103.50 ","movestome":"7.00 ","speed":"108.41 "},{"def":"1023.35 ","boom":"1115.15 ","hp":"8405.68 ","matk":"0.00 ","atk":"657.87 ","M_Def":"1166.62 ","id":40,"boomhurt":"18818.18 ","movevalue":"103.50 ","movestome":"7.00 ","speed":"108.41 "},{"def":"1057.08 ","boom":"1123.23 ","hp":"8667.51 ","matk":"0.00 ","atk":"679.55 ","M_Def":"1205.07 ","id":41,"boomhurt":"18954.55 ","movevalue":"103.50 ","movestome":"7.00 ","speed":"108.41 "},{"def":"1091.14 ","boom":"1131.31 ","hp":"8931.44 ","matk":"0.00 ","atk":"701.44 ","M_Def":"1243.89 ","id":42,"boomhurt":"19090.91 ","movevalue":"103.50 ","movestome":"7.00 ","speed":"108.41 "},{"def":"1125.52 ","boom":"1139.39 ","hp":"9197.46 ","matk":"0.00 ","atk":"723.55 ","M_Def":"1283.09 ","id":43,"boomhurt":"19227.27 ","movevalue":"103.50 ","movestome":"7.00 ","speed":"108.41 "},{"def":"1160.22 ","boom":"1147.47 ","hp":"9465.53 ","matk":"0.00 ","atk":"745.85 ","M_Def":"1322.65 ","id":44,"boomhurt":"19363.64 ","movevalue":"103.50 ","movestome":"7.00 ","speed":"108.41 "},{"def":"1195.23 ","boom":"1155.56 ","hp":"9735.65 ","matk":"0.00 ","atk":"768.36 ","M_Def":"1362.57 ","id":45,"boomhurt":"19500.00 ","movevalue":"103.50 ","movestome":"7.00 ","speed":"108.41 "},{"def":"1230.56 ","boom":"1163.64 ","hp":"10007.77 ","matk":"0.00 ","atk":"791.08 ","M_Def":"1402.84 ","id":46,"boomhurt":"19636.36 ","movevalue":"103.50 ","movestome":"7.00 ","speed":"108.41 "},{"def":"1266.20 ","boom":"1171.72 ","hp":"10281.88 ","matk":"0.00 ","atk":"813.99 ","M_Def":"1443.47 ","id":47,"boomhurt":"19772.73 ","movevalue":"103.50 ","movestome":"7.00 ","speed":"108.41 "},{"def":"1302.15 ","boom":"1179.80 ","hp":"10557.97 ","matk":"0.00 ","atk":"837.10 ","M_Def":"1484.45 ","id":48,"boomhurt":"19909.09 ","movevalue":"103.50 ","movestome":"7.00 ","speed":"108.41 "},{"def":"1338.40 ","boom":"1187.88 ","hp":"10836.00 ","matk":"0.00 ","atk":"860.40 ","M_Def":"1525.78 ","id":49,"boomhurt":"20045.45 ","movevalue":"103.50 ","movestome":"7.00 ","speed":"108.41 "},{"def":"1374.95 ","boom":"1195.96 ","hp":"11115.96 ","matk":"0.00 ","atk":"883.90 ","M_Def":"1567.44 ","id":50,"boomhurt":"20181.82 ","movevalue":"103.50 ","movestome":"7.00 ","speed":"108.41 "},{"def":"1411.80 ","boom":"1204.04 ","hp":"11397.83 ","matk":"0.00 ","atk":"907.58 ","M_Def":"1609.45 ","id":51,"boomhurt":"20318.18 ","movevalue":"103.50 ","movestome":"7.00 ","speed":"108.41 "},{"def":"1448.94 ","boom":"1212.12 ","hp":"11681.59 ","matk":"0.00 ","atk":"931.46 ","M_Def":"1651.79 ","id":52,"boomhurt":"20454.55 ","movevalue":"103.50 ","movestome":"7.00 ","speed":"108.41 "},{"def":"1486.37 ","boom":"1220.20 ","hp":"11967.22 ","matk":"0.00 ","atk":"955.52 ","M_Def":"1694.46 ","id":53,"boomhurt":"20590.91 ","movevalue":"103.50 ","movestome":"7.00 ","speed":"108.41 "},{"def":"1524.09 ","boom":"1228.28 ","hp":"12254.71 ","matk":"0.00 ","atk":"979.77 ","M_Def":"1737.46 ","id":54,"boomhurt":"20727.27 ","movevalue":"103.50 ","movestome":"7.00 ","speed":"108.41 "},{"def":"1562.09 ","boom":"1236.36 ","hp":"12544.04 ","matk":"0.00 ","atk":"1004.20 ","M_Def":"1780.79 ","id":55,"boomhurt":"20863.64 ","movevalue":"103.50 ","movestome":"7.00 ","speed":"108.41 "},{"def":"1600.38 ","boom":"1244.44 ","hp":"12835.18 ","matk":"0.00 ","atk":"1028.82 ","M_Def":"1824.44 ","id":56,"boomhurt":"21000.00 ","movevalue":"103.50 ","movestome":"7.00 ","speed":"108.41 "},{"def":"1638.95 ","boom":"1252.53 ","hp":"13128.13 ","matk":"0.00 ","atk":"1053.61 ","M_Def":"1868.41 ","id":57,"boomhurt":"21136.36 ","movevalue":"103.50 ","movestome":"7.00 ","speed":"108.41 "},{"def":"1677.80 ","boom":"1260.61 ","hp":"13422.87 ","matk":"0.00 ","atk":"1078.59 ","M_Def":"1912.69 ","id":58,"boomhurt":"21272.73 ","movevalue":"103.50 ","movestome":"7.00 ","speed":"108.41 "},{"def":"1716.93 ","boom":"1268.69 ","hp":"13719.38 ","matk":"0.00 ","atk":"1103.74 ","M_Def":"1957.29 ","id":59,"boomhurt":"21409.09 ","movevalue":"103.50 ","movestome":"7.00 ","speed":"108.41 "},{"def":"1756.32 ","boom":"1276.77 ","hp":"14017.64 ","matk":"0.00 ","atk":"1129.06 ","M_Def":"2002.21 ","id":60,"boomhurt":"21545.45 ","movevalue":"103.50 ","movestome":"7.00 ","speed":"108.41 "}]