[{"def":"27.66 ","boom":"2185.00 ","hp":"266.00 ","matk":"46.08 ","atk":"0.00 ","M_Def":"64.92 ","id":1,"boomhurt":"15000.00 ","movevalue":"79.90 ","movestome":"20.00 ","speed":"84.60 "},{"def":"35.15 ","boom":"2207.07 ","hp":"356.82 ","matk":"58.55 ","atk":"0.00 ","M_Def":"82.48 ","id":2,"boomhurt":"15151.52 ","movevalue":"79.90 ","movestome":"20.00 ","speed":"84.60 "},{"def":"43.56 ","boom":"2229.14 ","hp":"454.81 ","matk":"72.56 ","atk":"0.00 ","M_Def":"102.23 ","id":3,"boomhurt":"15303.03 ","movevalue":"79.90 ","movestome":"20.00 ","speed":"84.60 "},{"def":"52.73 ","boom":"2251.21 ","hp":"558.60 ","matk":"87.84 ","atk":"0.00 ","M_Def":"123.74 ","id":4,"boomhurt":"15454.55 ","movevalue":"79.90 ","movestome":"20.00 ","speed":"84.60 "},{"def":"62.56 ","boom":"2273.28 ","hp":"667.40 ","matk":"104.20 ","atk":"0.00 ","M_Def":"146.79 ","id":5,"boomhurt":"15606.06 ","movevalue":"79.90 ","movestome":"20.00 ","speed":"84.60 "},{"def":"72.96 ","boom":"2295.35 ","hp":"780.67 ","matk":"121.53 ","atk":"0.00 ","M_Def":"171.20 ","id":6,"boomhurt":"15757.58 ","movevalue":"79.90 ","movestome":"20.00 ","speed":"84.60 "},{"def":"83.89 ","boom":"2317.42 ","hp":"898.02 ","matk":"139.74 ","atk":"0.00 ","M_Def":"196.86 ","id":7,"boomhurt":"15909.09 ","movevalue":"79.90 ","movestome":"20.00 ","speed":"84.60 "},{"def":"95.32 ","boom":"2339.49 ","hp":"1019.14 ","matk":"158.77 ","atk":"0.00 ","M_Def":"223.66 ","id":8,"boomhurt":"16060.61 ","movevalue":"79.90 ","movestome":"20.00 ","speed":"84.60 "},{"def":"107.20 ","boom":"2361.57 ","hp":"1143.80 ","matk":"178.56 ","atk":"0.00 ","M_Def":"251.55 ","id":9,"boomhurt":"16212.12 ","movevalue":"79.90 ","movestome":"20.00 ","speed":"84.60 "},{"def":"119.51 ","boom":"2383.64 ","hp":"1271.78 ","matk":"199.07 ","atk":"0.00 ","M_Def":"280.44 ","id":10,"boomhurt":"16363.64 ","movevalue":"79.90 ","movestome":"20.00 ","speed":"84.60 "},{"def":"132.24 ","boom":"2405.71 ","hp":"1402.92 ","matk":"220.27 ","atk":"0.00 ","M_Def":"310.31 ","id":11,"boomhurt":"16515.15 ","movevalue":"79.90 ","movestome":"20.00 ","speed":"84.60 "},{"def":"145.36 ","boom":"2427.78 ","hp":"1537.07 ","matk":"242.12 ","atk":"0.00 ","M_Def":"341.09 ","id":12,"boomhurt":"16666.67 ","movevalue":"79.90 ","movestome":"20.00 ","speed":"84.60 "},{"def":"158.85 ","boom":"2449.85 ","hp":"1674.10 ","matk":"264.59 ","atk":"0.00 ","M_Def":"372.74 ","id":13,"boomhurt":"16818.18 ","movevalue":"79.90 ","movestome":"20.00 ","speed":"84.60 "},{"def":"172.70 ","boom":"2471.92 ","hp":"1813.90 ","matk":"287.66 ","atk":"0.00 ","M_Def":"405.25 ","id":14,"boomhurt":"16969.70 ","movevalue":"79.90 ","movestome":"20.00 ","speed":"84.60 "},{"def":"186.90 ","boom":"2493.99 ","hp":"1956.36 ","matk":"311.31 ","atk":"0.00 ","M_Def":"438.56 ","id":15,"boomhurt":"17121.21 ","movevalue":"79.90 ","movestome":"20.00 ","speed":"84.60 "},{"def":"201.43 ","boom":"2516.06 ","hp":"2101.40 ","matk":"335.52 ","atk":"0.00 ","M_Def":"472.66 ","id":16,"boomhurt":"17272.73 ","movevalue":"79.90 ","movestome":"20.00 ","speed":"84.60 "},{"def":"216.29 ","boom":"2538.13 ","hp":"2248.93 ","matk":"360.27 ","atk":"0.00 ","M_Def":"507.53 ","id":17,"boomhurt":"17424.24 ","movevalue":"79.90 ","movestome":"20.00 ","speed":"84.60 "},{"def":"231.46 ","boom":"2560.20 ","hp":"2398.89 ","matk":"385.54 ","atk":"0.00 ","M_Def":"543.13 ","id":18,"boomhurt":"17575.76 ","movevalue":"79.90 ","movestome":"20.00 ","speed":"84.60 "},{"def":"246.93 ","boom":"2582.27 ","hp":"2551.19 ","matk":"411.32 ","atk":"0.00 ","M_Def":"579.45 ","id":19,"boomhurt":"17727.27 ","movevalue":"79.90 ","movestome":"20.00 ","speed":"84.60 "},{"def":"262.71 ","boom":"2604.34 ","hp":"2705.79 ","matk":"437.60 ","atk":"0.00 ","M_Def":"616.46 ","id":20,"boomhurt":"17878.79 ","movevalue":"79.90 ","movestome":"20.00 ","speed":"84.60 "},{"def":"278.77 ","boom":"2626.41 ","hp":"2862.61 ","matk":"464.35 ","atk":"0.00 ","M_Def":"654.16 ","id":21,"boomhurt":"18030.30 ","movevalue":"79.90 ","movestome":"20.00 ","speed":"84.60 "},{"def":"295.12 ","boom":"2648.48 ","hp":"3021.62 ","matk":"491.58 ","atk":"0.00 ","M_Def":"692.52 ","id":22,"boomhurt":"18181.82 ","movevalue":"79.90 ","movestome":"20.00 ","speed":"84.60 "},{"def":"311.75 ","boom":"2670.56 ","hp":"3182.74 ","matk":"519.28 ","atk":"0.00 ","M_Def":"731.53 ","id":23,"boomhurt":"18333.33 ","movevalue":"79.90 ","movestome":"20.00 ","speed":"84.60 "},{"def":"328.64 ","boom":"2692.63 ","hp":"3345.95 ","matk":"547.42 ","atk":"0.00 ","M_Def":"771.17 ","id":24,"boomhurt":"18484.85 ","movevalue":"79.90 ","movestome":"20.00 ","speed":"84.60 "},{"def":"345.80 ","boom":"2714.70 ","hp":"3511.20 ","matk":"576.00 ","atk":"0.00 ","M_Def":"811.44 ","id":25,"boomhurt":"18636.36 ","movevalue":"79.90 ","movestome":"20.00 ","speed":"84.60 "},{"def":"363.22 ","boom":"2736.77 ","hp":"3678.44 ","matk":"605.01 ","atk":"0.00 ","M_Def":"852.31 ","id":26,"boomhurt":"18787.88 ","movevalue":"79.90 ","movestome":"20.00 ","speed":"84.60 "},{"def":"380.89 ","boom":"2758.84 ","hp":"3847.64 ","matk":"634.45 ","atk":"0.00 ","M_Def":"893.79 ","id":27,"boomhurt":"18939.39 ","movevalue":"79.90 ","movestome":"20.00 ","speed":"84.60 "},{"def":"398.81 ","boom":"2780.91 ","hp":"4018.76 ","matk":"664.31 ","atk":"0.00 ","M_Def":"935.84 ","id":28,"boomhurt":"19090.91 ","movevalue":"79.90 ","movestome":"20.00 ","speed":"84.60 "},{"def":"416.98 ","boom":"2802.98 ","hp":"4191.76 ","matk":"694.57 ","atk":"0.00 ","M_Def":"978.47 ","id":29,"boomhurt":"19242.42 ","movevalue":"79.90 ","movestome":"20.00 ","speed":"84.60 "},{"def":"435.39 ","boom":"2825.05 ","hp":"4366.61 ","matk":"725.23 ","atk":"0.00 ","M_Def":"1021.67 ","id":30,"boomhurt":"19393.94 ","movevalue":"79.90 ","movestome":"20.00 ","speed":"84.60 "},{"def":"454.04 ","boom":"2847.12 ","hp":"4543.29 ","matk":"756.29 ","atk":"0.00 ","M_Def":"1065.42 ","id":31,"boomhurt":"19545.45 ","movevalue":"79.90 ","movestome":"20.00 ","speed":"84.60 "},{"def":"472.91 ","boom":"2869.19 ","hp":"4721.76 ","matk":"787.74 ","atk":"0.00 ","M_Def":"1109.72 ","id":32,"boomhurt":"19696.97 ","movevalue":"79.90 ","movestome":"20.00 ","speed":"84.60 "},{"def":"492.02 ","boom":"2891.26 ","hp":"4901.99 ","matk":"819.56 ","atk":"0.00 ","M_Def":"1154.56 ","id":33,"boomhurt":"19848.48 ","movevalue":"79.90 ","movestome":"20.00 ","speed":"84.60 "},{"def":"511.36 ","boom":"2913.33 ","hp":"5083.96 ","matk":"851.77 ","atk":"0.00 ","M_Def":"1199.93 ","id":34,"boomhurt":"20000.00 ","movevalue":"79.90 ","movestome":"20.00 ","speed":"84.60 "},{"def":"530.91 ","boom":"2935.40 ","hp":"5267.64 ","matk":"884.34 ","atk":"0.00 ","M_Def":"1245.82 ","id":35,"boomhurt":"20151.52 ","movevalue":"79.90 ","movestome":"20.00 ","speed":"84.60 "},{"def":"550.69 ","boom":"2957.47 ","hp":"5453.00 ","matk":"917.28 ","atk":"0.00 ","M_Def":"1292.22 ","id":36,"boomhurt":"20303.03 ","movevalue":"79.90 ","movestome":"20.00 ","speed":"84.60 "},{"def":"570.68 ","boom":"2979.55 ","hp":"5640.03 ","matk":"950.58 ","atk":"0.00 ","M_Def":"1339.13 ","id":37,"boomhurt":"20454.55 ","movevalue":"79.90 ","movestome":"20.00 ","speed":"84.60 "},{"def":"590.88 ","boom":"3001.62 ","hp":"5828.69 ","matk":"984.23 ","atk":"0.00 ","M_Def":"1386.54 ","id":38,"boomhurt":"20606.06 ","movevalue":"79.90 ","movestome":"20.00 ","speed":"84.60 "},{"def":"611.30 ","boom":"3023.69 ","hp":"6018.98 ","matk":"1018.24 ","atk":"0.00 ","M_Def":"1434.44 ","id":39,"boomhurt":"20757.58 ","movevalue":"79.90 ","movestome":"20.00 ","speed":"84.60 "},{"def":"631.92 ","boom":"3045.76 ","hp":"6210.86 ","matk":"1052.59 ","atk":"0.00 ","M_Def":"1482.83 ","id":40,"boomhurt":"20909.09 ","movevalue":"79.90 ","movestome":"20.00 ","speed":"84.60 "},{"def":"652.75 ","boom":"3067.83 ","hp":"6404.32 ","matk":"1087.28 ","atk":"0.00 ","M_Def":"1531.71 ","id":41,"boomhurt":"21060.61 ","movevalue":"79.90 ","movestome":"20.00 ","speed":"84.60 "},{"def":"673.78 ","boom":"3089.90 ","hp":"6599.34 ","matk":"1122.31 ","atk":"0.00 ","M_Def":"1581.05 ","id":42,"boomhurt":"21212.12 ","movevalue":"79.90 ","movestome":"20.00 ","speed":"84.60 "},{"def":"695.01 ","boom":"3111.97 ","hp":"6795.90 ","matk":"1157.67 ","atk":"0.00 ","M_Def":"1630.87 ","id":43,"boomhurt":"21363.64 ","movevalue":"79.90 ","movestome":"20.00 ","speed":"84.60 "},{"def":"716.43 ","boom":"3134.04 ","hp":"6993.98 ","matk":"1193.37 ","atk":"0.00 ","M_Def":"1681.15 ","id":44,"boomhurt":"21515.15 ","movevalue":"79.90 ","movestome":"20.00 ","speed":"84.60 "},{"def":"738.06 ","boom":"3156.11 ","hp":"7193.56 ","matk":"1229.38 ","atk":"0.00 ","M_Def":"1731.89 ","id":45,"boomhurt":"21666.67 ","movevalue":"79.90 ","movestome":"20.00 ","speed":"84.60 "},{"def":"759.87 ","boom":"3178.18 ","hp":"7394.63 ","matk":"1265.72 ","atk":"0.00 ","M_Def":"1783.09 ","id":46,"boomhurt":"21818.18 ","movevalue":"79.90 ","movestome":"20.00 ","speed":"84.60 "},{"def":"781.88 ","boom":"3200.25 ","hp":"7597.17 ","matk":"1302.38 ","atk":"0.00 ","M_Def":"1834.73 ","id":47,"boomhurt":"21969.70 ","movevalue":"79.90 ","movestome":"20.00 ","speed":"84.60 "},{"def":"804.08 ","boom":"3222.32 ","hp":"7801.16 ","matk":"1339.35 ","atk":"0.00 ","M_Def":"1886.82 ","id":48,"boomhurt":"22121.21 ","movevalue":"79.90 ","movestome":"20.00 ","speed":"84.60 "},{"def":"826.46 ","boom":"3244.39 ","hp":"8006.60 ","matk":"1376.64 ","atk":"0.00 ","M_Def":"1939.34 ","id":49,"boomhurt":"22272.73 ","movevalue":"79.90 ","movestome":"20.00 ","speed":"84.60 "},{"def":"849.03 ","boom":"3266.46 ","hp":"8213.46 ","matk":"1414.23 ","atk":"0.00 ","M_Def":"1992.30 ","id":50,"boomhurt":"22424.24 ","movevalue":"79.90 ","movestome":"20.00 ","speed":"84.60 "},{"def":"871.78 ","boom":"3288.54 ","hp":"8421.73 ","matk":"1452.13 ","atk":"0.00 ","M_Def":"2045.69 ","id":51,"boomhurt":"22575.76 ","movevalue":"79.90 ","movestome":"20.00 ","speed":"84.60 "},{"def":"894.72 ","boom":"3310.61 ","hp":"8631.40 ","matk":"1490.33 ","atk":"0.00 ","M_Def":"2099.51 ","id":52,"boomhurt":"22727.27 ","movevalue":"79.90 ","movestome":"20.00 ","speed":"84.60 "},{"def":"917.83 ","boom":"3332.68 ","hp":"8842.45 ","matk":"1528.84 ","atk":"0.00 ","M_Def":"2153.75 ","id":53,"boomhurt":"22878.79 ","movevalue":"79.90 ","movestome":"20.00 ","speed":"84.60 "},{"def":"941.12 ","boom":"3354.75 ","hp":"9054.87 ","matk":"1567.63 ","atk":"0.00 ","M_Def":"2208.40 ","id":54,"boomhurt":"23030.30 ","movevalue":"79.90 ","movestome":"20.00 ","speed":"84.60 "},{"def":"964.59 ","boom":"3376.82 ","hp":"9268.65 ","matk":"1606.73 ","atk":"0.00 ","M_Def":"2263.48 ","id":55,"boomhurt":"23181.82 ","movevalue":"79.90 ","movestome":"20.00 ","speed":"84.60 "},{"def":"988.24 ","boom":"3398.89 ","hp":"9483.77 ","matk":"1646.11 ","atk":"0.00 ","M_Def":"2318.96 ","id":56,"boomhurt":"23333.33 ","movevalue":"79.90 ","movestome":"20.00 ","speed":"84.60 "},{"def":"1012.05 ","boom":"3420.96 ","hp":"9700.23 ","matk":"1685.78 ","atk":"0.00 ","M_Def":"2374.84 ","id":57,"boomhurt":"23484.85 ","movevalue":"79.90 ","movestome":"20.00 ","speed":"84.60 "},{"def":"1036.04 ","boom":"3443.03 ","hp":"9918.01 ","matk":"1725.74 ","atk":"0.00 ","M_Def":"2431.13 ","id":58,"boomhurt":"23636.36 ","movevalue":"79.90 ","movestome":"20.00 ","speed":"84.60 "},{"def":"1060.20 ","boom":"3465.10 ","hp":"10137.10 ","matk":"1765.98 ","atk":"0.00 ","M_Def":"2487.82 ","id":59,"boomhurt":"23787.88 ","movevalue":"79.90 ","movestome":"20.00 ","speed":"84.60 "},{"def":"1084.53 ","boom":"3487.17 ","hp":"10357.48 ","matk":"1806.50 ","atk":"0.00 ","M_Def":"2544.91 ","id":60,"boomhurt":"23939.39 ","movevalue":"79.90 ","movestome":"20.00 ","speed":"84.60 "}]