[{"def":"47.04 ","boom":"1850.00 ","hp":"540.00 ","matk":"0.00 ","atk":"35.20 ","M_Def":"34.94 ","id":1,"boomhurt":"15000.00 ","movevalue":"100.00 ","movestome":"6.00 ","speed":"105.60 "},{"def":"59.77 ","boom":"1868.69 ","hp":"724.37 ","matk":"0.00 ","atk":"44.72 ","M_Def":"44.40 ","id":2,"boomhurt":"15151.52 ","movevalue":"100.00 ","movestome":"6.00 ","speed":"105.60 "},{"def":"74.08 ","boom":"1887.37 ","hp":"923.30 ","matk":"0.00 ","atk":"55.43 ","M_Def":"55.03 ","id":3,"boomhurt":"15303.03 ","movevalue":"100.00 ","movestome":"6.00 ","speed":"105.60 "},{"def":"89.67 ","boom":"1906.06 ","hp":"1134.00 ","matk":"0.00 ","atk":"67.10 ","M_Def":"66.61 ","id":4,"boomhurt":"15454.55 ","movevalue":"100.00 ","movestome":"6.00 ","speed":"105.60 "},{"def":"106.37 ","boom":"1924.75 ","hp":"1354.87 ","matk":"0.00 ","atk":"79.60 ","M_Def":"79.02 ","id":5,"boomhurt":"15606.06 ","movevalue":"100.00 ","movestome":"6.00 ","speed":"105.60 "},{"def":"124.06 ","boom":"1943.43 ","hp":"1584.82 ","matk":"0.00 ","atk":"92.83 ","M_Def":"92.16 ","id":6,"boomhurt":"15757.58 ","movevalue":"100.00 ","movestome":"6.00 ","speed":"105.60 "},{"def":"142.65 ","boom":"1962.12 ","hp":"1823.05 ","matk":"0.00 ","atk":"106.74 ","M_Def":"105.97 ","id":7,"boomhurt":"15909.09 ","movevalue":"100.00 ","movestome":"6.00 ","speed":"105.60 "},{"def":"162.07 ","boom":"1980.81 ","hp":"2068.94 ","matk":"0.00 ","atk":"121.28 ","M_Def":"120.40 ","id":8,"boomhurt":"16060.61 ","movevalue":"100.00 ","movestome":"6.00 ","speed":"105.60 "},{"def":"182.28 ","boom":"1999.49 ","hp":"2322.00 ","matk":"0.00 ","atk":"136.40 ","M_Def":"135.41 ","id":9,"boomhurt":"16212.12 ","movevalue":"100.00 ","movestome":"6.00 ","speed":"105.60 "},{"def":"203.22 ","boom":"2018.18 ","hp":"2581.81 ","matk":"0.00 ","atk":"152.07 ","M_Def":"150.96 ","id":10,"boomhurt":"16363.64 ","movevalue":"100.00 ","movestome":"6.00 ","speed":"105.60 "},{"def":"224.86 ","boom":"2036.87 ","hp":"2848.04 ","matk":"0.00 ","atk":"168.26 ","M_Def":"167.04 ","id":11,"boomhurt":"16515.15 ","movevalue":"100.00 ","movestome":"6.00 ","speed":"105.60 "},{"def":"247.16 ","boom":"2055.56 ","hp":"3120.37 ","matk":"0.00 ","atk":"184.95 ","M_Def":"183.61 ","id":12,"boomhurt":"16666.67 ","movevalue":"100.00 ","movestome":"6.00 ","speed":"105.60 "},{"def":"270.10 ","boom":"2074.24 ","hp":"3398.55 ","matk":"0.00 ","atk":"202.12 ","M_Def":"200.65 ","id":13,"boomhurt":"16818.18 ","movevalue":"100.00 ","movestome":"6.00 ","speed":"105.60 "},{"def":"293.66 ","boom":"2092.93 ","hp":"3682.35 ","matk":"0.00 ","atk":"219.74 ","M_Def":"218.14 ","id":14,"boomhurt":"16969.70 ","movevalue":"100.00 ","movestome":"6.00 ","speed":"105.60 "},{"def":"317.80 ","boom":"2111.62 ","hp":"3971.56 ","matk":"0.00 ","atk":"237.81 ","M_Def":"236.08 ","id":15,"boomhurt":"17121.21 ","movevalue":"100.00 ","movestome":"6.00 ","speed":"105.60 "},{"def":"342.51 ","boom":"2130.30 ","hp":"4266.00 ","matk":"0.00 ","atk":"256.30 ","M_Def":"254.44 ","id":16,"boomhurt":"17272.73 ","movevalue":"100.00 ","movestome":"6.00 ","speed":"105.60 "},{"def":"367.77 ","boom":"2148.99 ","hp":"4565.51 ","matk":"0.00 ","atk":"275.20 ","M_Def":"273.20 ","id":17,"boomhurt":"17424.24 ","movevalue":"100.00 ","movestome":"6.00 ","speed":"105.60 "},{"def":"393.57 ","boom":"2167.68 ","hp":"4869.92 ","matk":"0.00 ","atk":"294.51 ","M_Def":"292.37 ","id":18,"boomhurt":"17575.76 ","movevalue":"100.00 ","movestome":"6.00 ","speed":"105.60 "},{"def":"419.89 ","boom":"2186.36 ","hp":"5179.12 ","matk":"0.00 ","atk":"314.20 ","M_Def":"311.92 ","id":19,"boomhurt":"17727.27 ","movevalue":"100.00 ","movestome":"6.00 ","speed":"105.60 "},{"def":"446.71 ","boom":"2205.05 ","hp":"5492.95 ","matk":"0.00 ","atk":"334.27 ","M_Def":"331.84 ","id":20,"boomhurt":"17878.79 ","movevalue":"100.00 ","movestome":"6.00 ","speed":"105.60 "},{"def":"474.03 ","boom":"2223.74 ","hp":"5811.32 ","matk":"0.00 ","atk":"354.71 ","M_Def":"352.14 ","id":21,"boomhurt":"18030.30 ","movevalue":"100.00 ","movestome":"6.00 ","speed":"105.60 "},{"def":"501.83 ","boom":"2242.42 ","hp":"6134.11 ","matk":"0.00 ","atk":"375.52 ","M_Def":"372.79 ","id":22,"boomhurt":"18181.82 ","movevalue":"100.00 ","movestome":"6.00 ","speed":"105.60 "},{"def":"530.09 ","boom":"2261.11 ","hp":"6461.21 ","matk":"0.00 ","atk":"396.67 ","M_Def":"393.78 ","id":23,"boomhurt":"18333.33 ","movevalue":"100.00 ","movestome":"6.00 ","speed":"105.60 "},{"def":"558.82 ","boom":"2279.80 ","hp":"6792.54 ","matk":"0.00 ","atk":"418.17 ","M_Def":"415.12 ","id":24,"boomhurt":"18484.85 ","movevalue":"100.00 ","movestome":"6.00 ","speed":"105.60 "},{"def":"588.00 ","boom":"2298.48 ","hp":"7128.00 ","matk":"0.00 ","atk":"440.00 ","M_Def":"436.80 ","id":25,"boomhurt":"18636.36 ","movevalue":"100.00 ","movestome":"6.00 ","speed":"105.60 "},{"def":"617.62 ","boom":"2317.17 ","hp":"7467.51 ","matk":"0.00 ","atk":"462.16 ","M_Def":"458.80 ","id":26,"boomhurt":"18787.88 ","movevalue":"100.00 ","movestome":"6.00 ","speed":"105.60 "},{"def":"647.67 ","boom":"2335.86 ","hp":"7811.00 ","matk":"0.00 ","atk":"484.65 ","M_Def":"481.13 ","id":27,"boomhurt":"18939.39 ","movevalue":"100.00 ","movestome":"6.00 ","speed":"105.60 "},{"def":"678.15 ","boom":"2354.55 ","hp":"8158.38 ","matk":"0.00 ","atk":"507.46 ","M_Def":"503.77 ","id":28,"boomhurt":"19090.91 ","movevalue":"100.00 ","movestome":"6.00 ","speed":"105.60 "},{"def":"709.04 ","boom":"2373.23 ","hp":"8509.58 ","matk":"0.00 ","atk":"530.57 ","M_Def":"526.71 ","id":29,"boomhurt":"19242.42 ","movevalue":"100.00 ","movestome":"6.00 ","speed":"105.60 "},{"def":"740.34 ","boom":"2391.92 ","hp":"8864.55 ","matk":"0.00 ","atk":"554.00 ","M_Def":"549.97 ","id":30,"boomhurt":"19393.94 ","movevalue":"100.00 ","movestome":"6.00 ","speed":"105.60 "},{"def":"772.05 ","boom":"2410.61 ","hp":"9223.22 ","matk":"0.00 ","atk":"577.72 ","M_Def":"573.52 ","id":31,"boomhurt":"19545.45 ","movevalue":"100.00 ","movestome":"6.00 ","speed":"105.60 "},{"def":"804.15 ","boom":"2429.29 ","hp":"9585.52 ","matk":"0.00 ","atk":"601.74 ","M_Def":"597.37 ","id":32,"boomhurt":"19696.97 ","movevalue":"100.00 ","movestome":"6.00 ","speed":"105.60 "},{"def":"836.64 ","boom":"2447.98 ","hp":"9951.41 ","matk":"0.00 ","atk":"626.06 ","M_Def":"621.50 ","id":33,"boomhurt":"19848.48 ","movevalue":"100.00 ","movestome":"6.00 ","speed":"105.60 "},{"def":"869.51 ","boom":"2466.67 ","hp":"10320.81 ","matk":"0.00 ","atk":"650.66 ","M_Def":"645.92 ","id":34,"boomhurt":"20000.00 ","movevalue":"100.00 ","movestome":"6.00 ","speed":"105.60 "},{"def":"902.76 ","boom":"2485.35 ","hp":"10693.70 ","matk":"0.00 ","atk":"675.54 ","M_Def":"670.63 ","id":35,"boomhurt":"20151.52 ","movevalue":"100.00 ","movestome":"6.00 ","speed":"105.60 "},{"def":"936.39 ","boom":"2504.04 ","hp":"11070.00 ","matk":"0.00 ","atk":"700.70 ","M_Def":"695.60 ","id":36,"boomhurt":"20303.03 ","movevalue":"100.00 ","movestome":"6.00 ","speed":"105.60 "},{"def":"970.38 ","boom":"2522.73 ","hp":"11449.68 ","matk":"0.00 ","atk":"726.14 ","M_Def":"720.86 ","id":37,"boomhurt":"20454.55 ","movevalue":"100.00 ","movestome":"6.00 ","speed":"105.60 "},{"def":"1004.74 ","boom":"2541.41 ","hp":"11832.69 ","matk":"0.00 ","atk":"751.85 ","M_Def":"746.38 ","id":38,"boomhurt":"20606.06 ","movevalue":"100.00 ","movestome":"6.00 ","speed":"105.60 "},{"def":"1039.45 ","boom":"2560.10 ","hp":"12218.98 ","matk":"0.00 ","atk":"777.82 ","M_Def":"772.16 ","id":39,"boomhurt":"20757.58 ","movevalue":"100.00 ","movestome":"6.00 ","speed":"105.60 "},{"def":"1074.52 ","boom":"2578.79 ","hp":"12608.52 ","matk":"0.00 ","atk":"804.06 ","M_Def":"798.21 ","id":40,"boomhurt":"20909.09 ","movevalue":"100.00 ","movestome":"6.00 ","speed":"105.60 "},{"def":"1109.93 ","boom":"2597.47 ","hp":"13001.26 ","matk":"0.00 ","atk":"830.56 ","M_Def":"824.52 ","id":41,"boomhurt":"21060.61 ","movevalue":"100.00 ","movestome":"6.00 ","speed":"105.60 "},{"def":"1145.69 ","boom":"2616.16 ","hp":"13397.16 ","matk":"0.00 ","atk":"857.32 ","M_Def":"851.09 ","id":42,"boomhurt":"21212.12 ","movevalue":"100.00 ","movestome":"6.00 ","speed":"105.60 "},{"def":"1181.79 ","boom":"2634.85 ","hp":"13796.19 ","matk":"0.00 ","atk":"884.33 ","M_Def":"877.90 ","id":43,"boomhurt":"21363.64 ","movevalue":"100.00 ","movestome":"6.00 ","speed":"105.60 "},{"def":"1218.23 ","boom":"2653.54 ","hp":"14198.30 ","matk":"0.00 ","atk":"911.60 ","M_Def":"904.97 ","id":44,"boomhurt":"21515.15 ","movevalue":"100.00 ","movestome":"6.00 ","speed":"105.60 "},{"def":"1255.00 ","boom":"2672.22 ","hp":"14603.47 ","matk":"0.00 ","atk":"939.11 ","M_Def":"932.28 ","id":45,"boomhurt":"21666.67 ","movevalue":"100.00 ","movestome":"6.00 ","speed":"105.60 "},{"def":"1292.09 ","boom":"2690.91 ","hp":"15011.65 ","matk":"0.00 ","atk":"966.87 ","M_Def":"959.84 ","id":46,"boomhurt":"21818.18 ","movevalue":"100.00 ","movestome":"6.00 ","speed":"105.60 "},{"def":"1329.51 ","boom":"2709.60 ","hp":"15422.83 ","matk":"0.00 ","atk":"994.87 ","M_Def":"987.64 ","id":47,"boomhurt":"21969.70 ","movevalue":"100.00 ","movestome":"6.00 ","speed":"105.60 "},{"def":"1367.26 ","boom":"2728.28 ","hp":"15836.95 ","matk":"0.00 ","atk":"1023.12 ","M_Def":"1015.68 ","id":48,"boomhurt":"22121.21 ","movevalue":"100.00 ","movestome":"6.00 ","speed":"105.60 "},{"def":"1405.32 ","boom":"2746.97 ","hp":"16254.00 ","matk":"0.00 ","atk":"1051.60 ","M_Def":"1043.95 ","id":49,"boomhurt":"22272.73 ","movevalue":"100.00 ","movestome":"6.00 ","speed":"105.60 "},{"def":"1443.70 ","boom":"2765.66 ","hp":"16673.94 ","matk":"0.00 ","atk":"1080.32 ","M_Def":"1072.46 ","id":50,"boomhurt":"22424.24 ","movevalue":"100.00 ","movestome":"6.00 ","speed":"105.60 "},{"def":"1482.39 ","boom":"2784.34 ","hp":"17096.75 ","matk":"0.00 ","atk":"1109.27 ","M_Def":"1101.20 ","id":51,"boomhurt":"22575.76 ","movevalue":"100.00 ","movestome":"6.00 ","speed":"105.60 "},{"def":"1521.38 ","boom":"2803.03 ","hp":"17522.39 ","matk":"0.00 ","atk":"1138.45 ","M_Def":"1130.17 ","id":52,"boomhurt":"22727.27 ","movevalue":"100.00 ","movestome":"6.00 ","speed":"105.60 "},{"def":"1560.69 ","boom":"2821.72 ","hp":"17950.84 ","matk":"0.00 ","atk":"1167.86 ","M_Def":"1159.37 ","id":53,"boomhurt":"22878.79 ","movevalue":"100.00 ","movestome":"6.00 ","speed":"105.60 "},{"def":"1600.29 ","boom":"2840.40 ","hp":"18382.07 ","matk":"0.00 ","atk":"1197.50 ","M_Def":"1188.79 ","id":54,"boomhurt":"23030.30 ","movevalue":"100.00 ","movestome":"6.00 ","speed":"105.60 "},{"def":"1640.20 ","boom":"2859.09 ","hp":"18816.05 ","matk":"0.00 ","atk":"1227.36 ","M_Def":"1218.43 ","id":55,"boomhurt":"23181.82 ","movevalue":"100.00 ","movestome":"6.00 ","speed":"105.60 "},{"def":"1680.40 ","boom":"2877.78 ","hp":"19252.77 ","matk":"0.00 ","atk":"1257.44 ","M_Def":"1248.30 ","id":56,"boomhurt":"23333.33 ","movevalue":"100.00 ","movestome":"6.00 ","speed":"105.60 "},{"def":"1720.90 ","boom":"2896.46 ","hp":"19692.20 ","matk":"0.00 ","atk":"1287.75 ","M_Def":"1278.38 ","id":57,"boomhurt":"23484.85 ","movevalue":"100.00 ","movestome":"6.00 ","speed":"105.60 "},{"def":"1761.69 ","boom":"2915.15 ","hp":"20134.30 ","matk":"0.00 ","atk":"1318.27 ","M_Def":"1308.69 ","id":58,"boomhurt":"23636.36 ","movevalue":"100.00 ","movestome":"6.00 ","speed":"105.60 "},{"def":"1802.77 ","boom":"2933.84 ","hp":"20579.07 ","matk":"0.00 ","atk":"1349.01 ","M_Def":"1339.20 ","id":59,"boomhurt":"23787.88 ","movevalue":"100.00 ","movestome":"6.00 ","speed":"105.60 "},{"def":"1844.14 ","boom":"2952.53 ","hp":"21026.47 ","matk":"0.00 ","atk":"1379.97 ","M_Def":"1369.93 ","id":60,"boomhurt":"23939.39 ","movevalue":"100.00 ","movestome":"6.00 ","speed":"105.60 "}]