[{"def":"26.21 ","boom":"2300.00 ","hp":"252.00 ","matk":"48.38 ","atk":"0.00 ","M_Def":"62.09 ","id":1,"boomhurt":"15000.00 ","movevalue":"79.90 ","movestome":"20.00 ","speed":"77.40 "},{"def":"33.30 ","boom":"2323.23 ","hp":"338.04 ","matk":"61.47 ","atk":"0.00 ","M_Def":"78.89 ","id":2,"boomhurt":"15151.52 ","movevalue":"79.90 ","movestome":"20.00 ","speed":"77.40 "},{"def":"41.27 ","boom":"2346.46 ","hp":"430.87 ","matk":"76.19 ","atk":"0.00 ","M_Def":"97.78 ","id":3,"boomhurt":"15303.03 ","movevalue":"79.90 ","movestome":"20.00 ","speed":"77.40 "},{"def":"49.96 ","boom":"2369.70 ","hp":"529.20 ","matk":"92.23 ","atk":"0.00 ","M_Def":"118.36 ","id":4,"boomhurt":"15454.55 ","movevalue":"79.90 ","movestome":"20.00 ","speed":"77.40 "},{"def":"59.26 ","boom":"2392.93 ","hp":"632.27 ","matk":"109.41 ","atk":"0.00 ","M_Def":"140.41 ","id":5,"boomhurt":"15606.06 ","movevalue":"79.90 ","movestome":"20.00 ","speed":"77.40 "},{"def":"69.12 ","boom":"2416.16 ","hp":"739.58 ","matk":"127.60 ","atk":"0.00 ","M_Def":"163.76 ","id":6,"boomhurt":"15757.58 ","movevalue":"79.90 ","movestome":"20.00 ","speed":"77.40 "},{"def":"79.48 ","boom":"2439.39 ","hp":"850.76 ","matk":"146.73 ","atk":"0.00 ","M_Def":"188.30 ","id":7,"boomhurt":"15909.09 ","movevalue":"79.90 ","movestome":"20.00 ","speed":"77.40 "},{"def":"90.30 ","boom":"2462.63 ","hp":"965.51 ","matk":"166.71 ","atk":"0.00 ","M_Def":"213.94 ","id":8,"boomhurt":"16060.61 ","movevalue":"79.90 ","movestome":"20.00 ","speed":"77.40 "},{"def":"101.56 ","boom":"2485.86 ","hp":"1083.60 ","matk":"187.49 ","atk":"0.00 ","M_Def":"240.61 ","id":9,"boomhurt":"16212.12 ","movevalue":"79.90 ","movestome":"20.00 ","speed":"77.40 "},{"def":"113.22 ","boom":"2509.09 ","hp":"1204.85 ","matk":"209.03 ","atk":"0.00 ","M_Def":"268.25 ","id":10,"boomhurt":"16363.64 ","movevalue":"79.90 ","movestome":"20.00 ","speed":"77.40 "},{"def":"125.28 ","boom":"2532.32 ","hp":"1329.08 ","matk":"231.28 ","atk":"0.00 ","M_Def":"296.81 ","id":11,"boomhurt":"16515.15 ","movevalue":"79.90 ","movestome":"20.00 ","speed":"77.40 "},{"def":"137.71 ","boom":"2555.56 ","hp":"1456.17 ","matk":"254.23 ","atk":"0.00 ","M_Def":"326.26 ","id":12,"boomhurt":"16666.67 ","movevalue":"79.90 ","movestome":"20.00 ","speed":"77.40 "},{"def":"150.49 ","boom":"2578.79 ","hp":"1585.99 ","matk":"277.82 ","atk":"0.00 ","M_Def":"356.54 ","id":13,"boomhurt":"16818.18 ","movevalue":"79.90 ","movestome":"20.00 ","speed":"77.40 "},{"def":"163.61 ","boom":"2602.02 ","hp":"1718.43 ","matk":"302.05 ","atk":"0.00 ","M_Def":"387.63 ","id":14,"boomhurt":"16969.70 ","movevalue":"79.90 ","movestome":"20.00 ","speed":"77.40 "},{"def":"177.06 ","boom":"2625.25 ","hp":"1853.39 ","matk":"326.88 ","atk":"0.00 ","M_Def":"419.49 ","id":15,"boomhurt":"17121.21 ","movevalue":"79.90 ","movestome":"20.00 ","speed":"77.40 "},{"def":"190.83 ","boom":"2648.48 ","hp":"1990.80 ","matk":"352.30 ","atk":"0.00 ","M_Def":"452.11 ","id":16,"boomhurt":"17272.73 ","movevalue":"79.90 ","movestome":"20.00 ","speed":"77.40 "},{"def":"204.90 ","boom":"2671.72 ","hp":"2130.57 ","matk":"378.28 ","atk":"0.00 ","M_Def":"485.46 ","id":17,"boomhurt":"17424.24 ","movevalue":"79.90 ","movestome":"20.00 ","speed":"77.40 "},{"def":"219.28 ","boom":"2694.95 ","hp":"2272.63 ","matk":"404.82 ","atk":"0.00 ","M_Def":"519.51 ","id":18,"boomhurt":"17575.76 ","movevalue":"79.90 ","movestome":"20.00 ","speed":"77.40 "},{"def":"233.94 ","boom":"2718.18 ","hp":"2416.92 ","matk":"431.88 ","atk":"0.00 ","M_Def":"554.25 ","id":19,"boomhurt":"17727.27 ","movevalue":"79.90 ","movestome":"20.00 ","speed":"77.40 "},{"def":"248.88 ","boom":"2741.41 ","hp":"2563.38 ","matk":"459.47 ","atk":"0.00 ","M_Def":"589.66 ","id":20,"boomhurt":"17878.79 ","movevalue":"79.90 ","movestome":"20.00 ","speed":"77.40 "},{"def":"264.10 ","boom":"2764.65 ","hp":"2711.95 ","matk":"487.57 ","atk":"0.00 ","M_Def":"625.72 ","id":21,"boomhurt":"18030.30 ","movevalue":"79.90 ","movestome":"20.00 ","speed":"77.40 "},{"def":"279.59 ","boom":"2787.88 ","hp":"2862.58 ","matk":"516.16 ","atk":"0.00 ","M_Def":"662.41 ","id":22,"boomhurt":"18181.82 ","movevalue":"79.90 ","movestome":"20.00 ","speed":"77.40 "},{"def":"295.34 ","boom":"2811.11 ","hp":"3015.23 ","matk":"545.24 ","atk":"0.00 ","M_Def":"699.72 ","id":23,"boomhurt":"18333.33 ","movevalue":"79.90 ","movestome":"20.00 ","speed":"77.40 "},{"def":"311.34 ","boom":"2834.34 ","hp":"3169.85 ","matk":"574.79 ","atk":"0.00 ","M_Def":"737.65 ","id":24,"boomhurt":"18484.85 ","movevalue":"79.90 ","movestome":"20.00 ","speed":"77.40 "},{"def":"327.60 ","boom":"2857.58 ","hp":"3326.40 ","matk":"604.80 ","atk":"0.00 ","M_Def":"776.16 ","id":25,"boomhurt":"18636.36 ","movevalue":"79.90 ","movestome":"20.00 ","speed":"77.40 "},{"def":"344.10 ","boom":"2880.81 ","hp":"3484.84 ","matk":"635.27 ","atk":"0.00 ","M_Def":"815.26 ","id":26,"boomhurt":"18787.88 ","movevalue":"79.90 ","movestome":"20.00 ","speed":"77.40 "},{"def":"360.85 ","boom":"2904.04 ","hp":"3645.13 ","matk":"666.18 ","atk":"0.00 ","M_Def":"854.93 ","id":27,"boomhurt":"18939.39 ","movevalue":"79.90 ","movestome":"20.00 ","speed":"77.40 "},{"def":"377.82 ","boom":"2927.27 ","hp":"3807.24 ","matk":"697.52 ","atk":"0.00 ","M_Def":"895.15 ","id":28,"boomhurt":"19090.91 ","movevalue":"79.90 ","movestome":"20.00 ","speed":"77.40 "},{"def":"395.04 ","boom":"2950.51 ","hp":"3971.14 ","matk":"729.30 ","atk":"0.00 ","M_Def":"935.93 ","id":29,"boomhurt":"19242.42 ","movevalue":"79.90 ","movestome":"20.00 ","speed":"77.40 "},{"def":"412.48 ","boom":"2973.74 ","hp":"4136.79 ","matk":"761.49 ","atk":"0.00 ","M_Def":"977.25 ","id":30,"boomhurt":"19393.94 ","movevalue":"79.90 ","movestome":"20.00 ","speed":"77.40 "},{"def":"430.14 ","boom":"2996.97 ","hp":"4304.17 ","matk":"794.10 ","atk":"0.00 ","M_Def":"1019.10 ","id":31,"boomhurt":"19545.45 ","movevalue":"79.90 ","movestome":"20.00 ","speed":"77.40 "},{"def":"448.02 ","boom":"3020.20 ","hp":"4473.24 ","matk":"827.12 ","atk":"0.00 ","M_Def":"1061.47 ","id":32,"boomhurt":"19696.97 ","movevalue":"79.90 ","movestome":"20.00 ","speed":"77.40 "},{"def":"466.13 ","boom":"3043.43 ","hp":"4643.99 ","matk":"860.54 ","atk":"0.00 ","M_Def":"1104.36 ","id":33,"boomhurt":"19848.48 ","movevalue":"79.90 ","movestome":"20.00 ","speed":"77.40 "},{"def":"484.44 ","boom":"3066.67 ","hp":"4816.38 ","matk":"894.36 ","atk":"0.00 ","M_Def":"1147.76 ","id":34,"boomhurt":"20000.00 ","movevalue":"79.90 ","movestome":"20.00 ","speed":"77.40 "},{"def":"502.97 ","boom":"3089.90 ","hp":"4990.39 ","matk":"928.56 ","atk":"0.00 ","M_Def":"1191.65 ","id":35,"boomhurt":"20151.52 ","movevalue":"79.90 ","movestome":"20.00 ","speed":"77.40 "},{"def":"521.70 ","boom":"3113.13 ","hp":"5166.00 ","matk":"963.14 ","atk":"0.00 ","M_Def":"1236.03 ","id":36,"boomhurt":"20303.03 ","movevalue":"79.90 ","movestome":"20.00 ","speed":"77.40 "},{"def":"540.64 ","boom":"3136.36 ","hp":"5343.18 ","matk":"998.11 ","atk":"0.00 ","M_Def":"1280.91 ","id":37,"boomhurt":"20454.55 ","movevalue":"79.90 ","movestome":"20.00 ","speed":"77.40 "},{"def":"559.78 ","boom":"3159.60 ","hp":"5521.92 ","matk":"1033.45 ","atk":"0.00 ","M_Def":"1326.25 ","id":38,"boomhurt":"20606.06 ","movevalue":"79.90 ","movestome":"20.00 ","speed":"77.40 "},{"def":"579.12 ","boom":"3182.83 ","hp":"5702.19 ","matk":"1069.15 ","atk":"0.00 ","M_Def":"1372.08 ","id":39,"boomhurt":"20757.58 ","movevalue":"79.90 ","movestome":"20.00 ","speed":"77.40 "},{"def":"598.66 ","boom":"3206.06 ","hp":"5883.98 ","matk":"1105.22 ","atk":"0.00 ","M_Def":"1418.36 ","id":40,"boomhurt":"20909.09 ","movevalue":"79.90 ","movestome":"20.00 ","speed":"77.40 "},{"def":"618.39 ","boom":"3229.29 ","hp":"6067.25 ","matk":"1141.64 ","atk":"0.00 ","M_Def":"1465.11 ","id":41,"boomhurt":"21060.61 ","movevalue":"79.90 ","movestome":"20.00 ","speed":"77.40 "},{"def":"638.31 ","boom":"3252.53 ","hp":"6252.01 ","matk":"1178.43 ","atk":"0.00 ","M_Def":"1512.31 ","id":42,"boomhurt":"21212.12 ","movevalue":"79.90 ","movestome":"20.00 ","speed":"77.40 "},{"def":"658.43 ","boom":"3275.76 ","hp":"6438.22 ","matk":"1215.56 ","atk":"0.00 ","M_Def":"1559.96 ","id":43,"boomhurt":"21363.64 ","movevalue":"79.90 ","movestome":"20.00 ","speed":"77.40 "},{"def":"678.73 ","boom":"3298.99 ","hp":"6625.87 ","matk":"1253.03 ","atk":"0.00 ","M_Def":"1608.06 ","id":44,"boomhurt":"21515.15 ","movevalue":"79.90 ","movestome":"20.00 ","speed":"77.40 "},{"def":"699.21 ","boom":"3322.22 ","hp":"6814.95 ","matk":"1290.85 ","atk":"0.00 ","M_Def":"1656.59 ","id":45,"boomhurt":"21666.67 ","movevalue":"79.90 ","movestome":"20.00 ","speed":"77.40 "},{"def":"719.88 ","boom":"3345.45 ","hp":"7005.44 ","matk":"1329.01 ","atk":"0.00 ","M_Def":"1705.56 ","id":46,"boomhurt":"21818.18 ","movevalue":"79.90 ","movestome":"20.00 ","speed":"77.40 "},{"def":"740.73 ","boom":"3368.69 ","hp":"7197.32 ","matk":"1367.50 ","atk":"0.00 ","M_Def":"1754.96 ","id":47,"boomhurt":"21969.70 ","movevalue":"79.90 ","movestome":"20.00 ","speed":"77.40 "},{"def":"761.76 ","boom":"3391.92 ","hp":"7390.58 ","matk":"1406.32 ","atk":"0.00 ","M_Def":"1804.78 ","id":48,"boomhurt":"22121.21 ","movevalue":"79.90 ","movestome":"20.00 ","speed":"77.40 "},{"def":"782.96 ","boom":"3415.15 ","hp":"7585.20 ","matk":"1445.47 ","atk":"0.00 ","M_Def":"1855.02 ","id":49,"boomhurt":"22272.73 ","movevalue":"79.90 ","movestome":"20.00 ","speed":"77.40 "},{"def":"804.35 ","boom":"3438.38 ","hp":"7781.17 ","matk":"1484.95 ","atk":"0.00 ","M_Def":"1905.68 ","id":50,"boomhurt":"22424.24 ","movevalue":"79.90 ","movestome":"20.00 ","speed":"77.40 "},{"def":"825.90 ","boom":"3461.62 ","hp":"7978.48 ","matk":"1524.74 ","atk":"0.00 ","M_Def":"1956.75 ","id":51,"boomhurt":"22575.76 ","movevalue":"79.90 ","movestome":"20.00 ","speed":"77.40 "},{"def":"847.63 ","boom":"3484.85 ","hp":"8177.11 ","matk":"1564.85 ","atk":"0.00 ","M_Def":"2008.23 ","id":52,"boomhurt":"22727.27 ","movevalue":"79.90 ","movestome":"20.00 ","speed":"77.40 "},{"def":"869.53 ","boom":"3508.08 ","hp":"8377.06 ","matk":"1605.28 ","atk":"0.00 ","M_Def":"2060.11 ","id":53,"boomhurt":"22878.79 ","movevalue":"79.90 ","movestome":"20.00 ","speed":"77.40 "},{"def":"891.59 ","boom":"3531.31 ","hp":"8578.30 ","matk":"1646.02 ","atk":"0.00 ","M_Def":"2112.39 ","id":54,"boomhurt":"23030.30 ","movevalue":"79.90 ","movestome":"20.00 ","speed":"77.40 "},{"def":"913.83 ","boom":"3554.55 ","hp":"8780.83 ","matk":"1687.06 ","atk":"0.00 ","M_Def":"2165.06 ","id":55,"boomhurt":"23181.82 ","movevalue":"79.90 ","movestome":"20.00 ","speed":"77.40 "},{"def":"936.22 ","boom":"3577.78 ","hp":"8984.63 ","matk":"1728.41 ","atk":"0.00 ","M_Def":"2218.13 ","id":56,"boomhurt":"23333.33 ","movevalue":"79.90 ","movestome":"20.00 ","speed":"77.40 "},{"def":"958.79 ","boom":"3601.01 ","hp":"9189.69 ","matk":"1770.07 ","atk":"0.00 ","M_Def":"2271.59 ","id":57,"boomhurt":"23484.85 ","movevalue":"79.90 ","movestome":"20.00 ","speed":"77.40 "},{"def":"981.51 ","boom":"3624.24 ","hp":"9396.01 ","matk":"1812.03 ","atk":"0.00 ","M_Def":"2325.43 ","id":58,"boomhurt":"23636.36 ","movevalue":"79.90 ","movestome":"20.00 ","speed":"77.40 "},{"def":"1004.40 ","boom":"3647.47 ","hp":"9603.56 ","matk":"1854.28 ","atk":"0.00 ","M_Def":"2379.66 ","id":59,"boomhurt":"23787.88 ","movevalue":"79.90 ","movestome":"20.00 ","speed":"77.40 "},{"def":"1027.45 ","boom":"3670.71 ","hp":"9812.35 ","matk":"1896.83 ","atk":"0.00 ","M_Def":"2434.26 ","id":60,"boomhurt":"23939.39 ","movevalue":"79.90 ","movestome":"20.00 ","speed":"77.40 "}]