[{"def":"12.10 ","boom":"1050.00 ","hp":"266.00 ","matk":"44.35 ","atk":"0.00 ","M_Def":"96.77 ","id":1,"boomhurt":"15000.00 ","movevalue":"72.67 ","movestome":"7.00 ","speed":"76.54 "},{"def":"15.37 ","boom":"1060.61 ","hp":"356.82 ","matk":"56.35 ","atk":"0.00 ","M_Def":"122.95 ","id":2,"boomhurt":"15151.52 ","movevalue":"72.67 ","movestome":"7.00 ","speed":"76.54 "},{"def":"19.05 ","boom":"1071.21 ","hp":"454.81 ","matk":"69.84 ","atk":"0.00 ","M_Def":"152.39 ","id":3,"boomhurt":"15303.03 ","movevalue":"72.67 ","movestome":"7.00 ","speed":"76.54 "},{"def":"23.06 ","boom":"1081.82 ","hp":"558.60 ","matk":"84.55 ","atk":"0.00 ","M_Def":"184.46 ","id":4,"boomhurt":"15454.55 ","movevalue":"72.67 ","movestome":"7.00 ","speed":"76.54 "},{"def":"27.35 ","boom":"1092.42 ","hp":"667.40 ","matk":"100.29 ","atk":"0.00 ","M_Def":"218.82 ","id":5,"boomhurt":"15606.06 ","movevalue":"72.67 ","movestome":"7.00 ","speed":"76.54 "},{"def":"31.90 ","boom":"1103.03 ","hp":"780.67 ","matk":"116.97 ","atk":"0.00 ","M_Def":"255.21 ","id":6,"boomhurt":"15757.58 ","movevalue":"72.67 ","movestome":"7.00 ","speed":"76.54 "},{"def":"36.68 ","boom":"1113.64 ","hp":"898.02 ","matk":"134.50 ","atk":"0.00 ","M_Def":"293.45 ","id":7,"boomhurt":"15909.09 ","movevalue":"72.67 ","movestome":"7.00 ","speed":"76.54 "},{"def":"41.68 ","boom":"1124.24 ","hp":"1019.14 ","matk":"152.81 ","atk":"0.00 ","M_Def":"333.41 ","id":8,"boomhurt":"16060.61 ","movevalue":"72.67 ","movestome":"7.00 ","speed":"76.54 "},{"def":"46.87 ","boom":"1134.85 ","hp":"1143.80 ","matk":"171.86 ","atk":"0.00 ","M_Def":"374.98 ","id":9,"boomhurt":"16212.12 ","movevalue":"72.67 ","movestome":"7.00 ","speed":"76.54 "},{"def":"52.26 ","boom":"1145.45 ","hp":"1271.78 ","matk":"191.61 ","atk":"0.00 ","M_Def":"418.05 ","id":10,"boomhurt":"16363.64 ","movevalue":"72.67 ","movestome":"7.00 ","speed":"76.54 "},{"def":"57.82 ","boom":"1156.06 ","hp":"1402.92 ","matk":"212.01 ","atk":"0.00 ","M_Def":"462.57 ","id":11,"boomhurt":"16515.15 ","movevalue":"72.67 ","movestome":"7.00 ","speed":"76.54 "},{"def":"63.56 ","boom":"1166.67 ","hp":"1537.07 ","matk":"233.04 ","atk":"0.00 ","M_Def":"508.45 ","id":12,"boomhurt":"16666.67 ","movevalue":"72.67 ","movestome":"7.00 ","speed":"76.54 "},{"def":"69.46 ","boom":"1177.27 ","hp":"1674.10 ","matk":"254.67 ","atk":"0.00 ","M_Def":"555.64 ","id":13,"boomhurt":"16818.18 ","movevalue":"72.67 ","movestome":"7.00 ","speed":"76.54 "},{"def":"75.51 ","boom":"1187.88 ","hp":"1813.90 ","matk":"276.88 ","atk":"0.00 ","M_Def":"604.09 ","id":14,"boomhurt":"16969.70 ","movevalue":"72.67 ","movestome":"7.00 ","speed":"76.54 "},{"def":"81.72 ","boom":"1198.48 ","hp":"1956.36 ","matk":"299.64 ","atk":"0.00 ","M_Def":"653.76 ","id":15,"boomhurt":"17121.21 ","movevalue":"72.67 ","movestome":"7.00 ","speed":"76.54 "},{"def":"88.07 ","boom":"1209.09 ","hp":"2101.40 ","matk":"322.94 ","atk":"0.00 ","M_Def":"704.59 ","id":16,"boomhurt":"17272.73 ","movevalue":"72.67 ","movestome":"7.00 ","speed":"76.54 "},{"def":"94.57 ","boom":"1219.70 ","hp":"2248.93 ","matk":"346.76 ","atk":"0.00 ","M_Def":"756.56 ","id":17,"boomhurt":"17424.24 ","movevalue":"72.67 ","movestome":"7.00 ","speed":"76.54 "},{"def":"101.20 ","boom":"1230.30 ","hp":"2398.89 ","matk":"371.08 ","atk":"0.00 ","M_Def":"809.63 ","id":18,"boomhurt":"17575.76 ","movevalue":"72.67 ","movestome":"7.00 ","speed":"76.54 "},{"def":"107.97 ","boom":"1240.91 ","hp":"2551.19 ","matk":"395.89 ","atk":"0.00 ","M_Def":"863.77 ","id":19,"boomhurt":"17727.27 ","movevalue":"72.67 ","movestome":"7.00 ","speed":"76.54 "},{"def":"114.87 ","boom":"1251.52 ","hp":"2705.79 ","matk":"421.19 ","atk":"0.00 ","M_Def":"918.95 ","id":20,"boomhurt":"17878.79 ","movevalue":"72.67 ","movestome":"7.00 ","speed":"76.54 "},{"def":"121.89 ","boom":"1262.12 ","hp":"2862.61 ","matk":"446.94 ","atk":"0.00 ","M_Def":"975.14 ","id":21,"boomhurt":"18030.30 ","movevalue":"72.67 ","movestome":"7.00 ","speed":"76.54 "},{"def":"129.04 ","boom":"1272.73 ","hp":"3021.62 ","matk":"473.15 ","atk":"0.00 ","M_Def":"1032.33 ","id":22,"boomhurt":"18181.82 ","movevalue":"72.67 ","movestome":"7.00 ","speed":"76.54 "},{"def":"136.31 ","boom":"1283.33 ","hp":"3182.74 ","matk":"499.80 ","atk":"0.00 ","M_Def":"1090.48 ","id":23,"boomhurt":"18333.33 ","movevalue":"72.67 ","movestome":"7.00 ","speed":"76.54 "},{"def":"143.70 ","boom":"1293.94 ","hp":"3345.95 ","matk":"526.89 ","atk":"0.00 ","M_Def":"1149.58 ","id":24,"boomhurt":"18484.85 ","movevalue":"72.67 ","movestome":"7.00 ","speed":"76.54 "},{"def":"151.20 ","boom":"1304.55 ","hp":"3511.20 ","matk":"554.40 ","atk":"0.00 ","M_Def":"1209.60 ","id":25,"boomhurt":"18636.36 ","movevalue":"72.67 ","movestome":"7.00 ","speed":"76.54 "},{"def":"158.82 ","boom":"1315.15 ","hp":"3678.44 ","matk":"582.33 ","atk":"0.00 ","M_Def":"1270.53 ","id":26,"boomhurt":"18787.88 ","movevalue":"72.67 ","movestome":"7.00 ","speed":"76.54 "},{"def":"166.54 ","boom":"1325.76 ","hp":"3847.64 ","matk":"610.66 ","atk":"0.00 ","M_Def":"1332.35 ","id":27,"boomhurt":"18939.39 ","movevalue":"72.67 ","movestome":"7.00 ","speed":"76.54 "},{"def":"174.38 ","boom":"1336.36 ","hp":"4018.76 ","matk":"639.40 ","atk":"0.00 ","M_Def":"1395.04 ","id":28,"boomhurt":"19090.91 ","movevalue":"72.67 ","movestome":"7.00 ","speed":"76.54 "},{"def":"182.32 ","boom":"1346.97 ","hp":"4191.76 ","matk":"668.52 ","atk":"0.00 ","M_Def":"1458.59 ","id":29,"boomhurt":"19242.42 ","movevalue":"72.67 ","movestome":"7.00 ","speed":"76.54 "},{"def":"190.37 ","boom":"1357.58 ","hp":"4366.61 ","matk":"698.04 ","atk":"0.00 ","M_Def":"1522.99 ","id":30,"boomhurt":"19393.94 ","movevalue":"72.67 ","movestome":"7.00 ","speed":"76.54 "},{"def":"198.53 ","boom":"1368.18 ","hp":"4543.29 ","matk":"727.93 ","atk":"0.00 ","M_Def":"1588.21 ","id":31,"boomhurt":"19545.45 ","movevalue":"72.67 ","movestome":"7.00 ","speed":"76.54 "},{"def":"206.78 ","boom":"1378.79 ","hp":"4721.76 ","matk":"758.20 ","atk":"0.00 ","M_Def":"1654.24 ","id":32,"boomhurt":"19696.97 ","movevalue":"72.67 ","movestome":"7.00 ","speed":"76.54 "},{"def":"215.14 ","boom":"1389.39 ","hp":"4901.99 ","matk":"788.83 ","atk":"0.00 ","M_Def":"1721.08 ","id":33,"boomhurt":"19848.48 ","movevalue":"72.67 ","movestome":"7.00 ","speed":"76.54 "},{"def":"223.59 ","boom":"1400.00 ","hp":"5083.96 ","matk":"819.83 ","atk":"0.00 ","M_Def":"1788.71 ","id":34,"boomhurt":"20000.00 ","movevalue":"72.67 ","movestome":"7.00 ","speed":"76.54 "},{"def":"232.14 ","boom":"1410.61 ","hp":"5267.64 ","matk":"851.18 ","atk":"0.00 ","M_Def":"1857.12 ","id":35,"boomhurt":"20151.52 ","movevalue":"72.67 ","movestome":"7.00 ","speed":"76.54 "},{"def":"240.79 ","boom":"1421.21 ","hp":"5453.00 ","matk":"882.88 ","atk":"0.00 ","M_Def":"1926.29 ","id":36,"boomhurt":"20303.03 ","movevalue":"72.67 ","movestome":"7.00 ","speed":"76.54 "},{"def":"249.53 ","boom":"1431.82 ","hp":"5640.03 ","matk":"914.93 ","atk":"0.00 ","M_Def":"1996.22 ","id":37,"boomhurt":"20454.55 ","movevalue":"72.67 ","movestome":"7.00 ","speed":"76.54 "},{"def":"258.36 ","boom":"1442.42 ","hp":"5828.69 ","matk":"947.32 ","atk":"0.00 ","M_Def":"2066.89 ","id":38,"boomhurt":"20606.06 ","movevalue":"72.67 ","movestome":"7.00 ","speed":"76.54 "},{"def":"267.29 ","boom":"1453.03 ","hp":"6018.98 ","matk":"980.05 ","atk":"0.00 ","M_Def":"2138.30 ","id":39,"boomhurt":"20757.58 ","movevalue":"72.67 ","movestome":"7.00 ","speed":"76.54 "},{"def":"276.30 ","boom":"1463.64 ","hp":"6210.86 ","matk":"1013.12 ","atk":"0.00 ","M_Def":"2210.44 ","id":40,"boomhurt":"20909.09 ","movevalue":"72.67 ","movestome":"7.00 ","speed":"76.54 "},{"def":"285.41 ","boom":"1474.24 ","hp":"6404.32 ","matk":"1046.51 ","atk":"0.00 ","M_Def":"2283.29 ","id":41,"boomhurt":"21060.61 ","movevalue":"72.67 ","movestome":"7.00 ","speed":"76.54 "},{"def":"294.61 ","boom":"1484.85 ","hp":"6599.34 ","matk":"1080.22 ","atk":"0.00 ","M_Def":"2356.85 ","id":42,"boomhurt":"21212.12 ","movevalue":"72.67 ","movestome":"7.00 ","speed":"76.54 "},{"def":"303.89 ","boom":"1495.45 ","hp":"6795.90 ","matk":"1114.26 ","atk":"0.00 ","M_Def":"2431.11 ","id":43,"boomhurt":"21363.64 ","movevalue":"72.67 ","movestome":"7.00 ","speed":"76.54 "},{"def":"313.26 ","boom":"1506.06 ","hp":"6993.98 ","matk":"1148.61 ","atk":"0.00 ","M_Def":"2506.07 ","id":44,"boomhurt":"21515.15 ","movevalue":"72.67 ","movestome":"7.00 ","speed":"76.54 "},{"def":"322.71 ","boom":"1516.67 ","hp":"7193.56 ","matk":"1183.28 ","atk":"0.00 ","M_Def":"2581.70 ","id":45,"boomhurt":"21666.67 ","movevalue":"72.67 ","movestome":"7.00 ","speed":"76.54 "},{"def":"332.25 ","boom":"1527.27 ","hp":"7394.63 ","matk":"1218.26 ","atk":"0.00 ","M_Def":"2658.02 ","id":46,"boomhurt":"21818.18 ","movevalue":"72.67 ","movestome":"7.00 ","speed":"76.54 "},{"def":"341.88 ","boom":"1537.88 ","hp":"7597.17 ","matk":"1253.54 ","atk":"0.00 ","M_Def":"2735.00 ","id":47,"boomhurt":"21969.70 ","movevalue":"72.67 ","movestome":"7.00 ","speed":"76.54 "},{"def":"351.58 ","boom":"1548.48 ","hp":"7801.16 ","matk":"1289.13 ","atk":"0.00 ","M_Def":"2812.65 ","id":48,"boomhurt":"22121.21 ","movevalue":"72.67 ","movestome":"7.00 ","speed":"76.54 "},{"def":"361.37 ","boom":"1559.09 ","hp":"8006.60 ","matk":"1325.02 ","atk":"0.00 ","M_Def":"2890.94 ","id":49,"boomhurt":"22272.73 ","movevalue":"72.67 ","movestome":"7.00 ","speed":"76.54 "},{"def":"371.24 ","boom":"1569.70 ","hp":"8213.46 ","matk":"1361.20 ","atk":"0.00 ","M_Def":"2969.89 ","id":50,"boomhurt":"22424.24 ","movevalue":"72.67 ","movestome":"7.00 ","speed":"76.54 "},{"def":"381.18 ","boom":"1580.30 ","hp":"8421.73 ","matk":"1397.68 ","atk":"0.00 ","M_Def":"3049.48 ","id":51,"boomhurt":"22575.76 ","movevalue":"72.67 ","movestome":"7.00 ","speed":"76.54 "},{"def":"391.21 ","boom":"1590.91 ","hp":"8631.40 ","matk":"1434.45 ","atk":"0.00 ","M_Def":"3129.70 ","id":52,"boomhurt":"22727.27 ","movevalue":"72.67 ","movestome":"7.00 ","speed":"76.54 "},{"def":"401.32 ","boom":"1601.52 ","hp":"8842.45 ","matk":"1471.50 ","atk":"0.00 ","M_Def":"3210.56 ","id":53,"boomhurt":"22878.79 ","movevalue":"72.67 ","movestome":"7.00 ","speed":"76.54 "},{"def":"411.50 ","boom":"1612.12 ","hp":"9054.87 ","matk":"1508.85 ","atk":"0.00 ","M_Def":"3292.03 ","id":54,"boomhurt":"23030.30 ","movevalue":"72.67 ","movestome":"7.00 ","speed":"76.54 "},{"def":"421.77 ","boom":"1622.73 ","hp":"9268.65 ","matk":"1546.47 ","atk":"0.00 ","M_Def":"3374.12 ","id":55,"boomhurt":"23181.82 ","movevalue":"72.67 ","movestome":"7.00 ","speed":"76.54 "},{"def":"432.10 ","boom":"1633.33 ","hp":"9483.77 ","matk":"1584.38 ","atk":"0.00 ","M_Def":"3456.83 ","id":56,"boomhurt":"23333.33 ","movevalue":"72.67 ","movestome":"7.00 ","speed":"76.54 "},{"def":"442.52 ","boom":"1643.94 ","hp":"9700.23 ","matk":"1622.56 ","atk":"0.00 ","M_Def":"3540.14 ","id":57,"boomhurt":"23484.85 ","movevalue":"72.67 ","movestome":"7.00 ","speed":"76.54 "},{"def":"453.01 ","boom":"1654.55 ","hp":"9918.01 ","matk":"1661.02 ","atk":"0.00 ","M_Def":"3624.05 ","id":58,"boomhurt":"23636.36 ","movevalue":"72.67 ","movestome":"7.00 ","speed":"76.54 "},{"def":"463.57 ","boom":"1665.15 ","hp":"10137.10 ","matk":"1699.76 ","atk":"0.00 ","M_Def":"3708.56 ","id":59,"boomhurt":"23787.88 ","movevalue":"72.67 ","movestome":"7.00 ","speed":"76.54 "},{"def":"474.21 ","boom":"1675.76 ","hp":"10357.48 ","matk":"1738.76 ","atk":"0.00 ","M_Def":"3793.66 ","id":60,"boomhurt":"23939.39 ","movevalue":"72.67 ","movestome":"7.00 ","speed":"76.54 "}]