[{"def":"51.74 ","boom":"1572.50 ","hp":"396.00 ","matk":"0.00 ","atk":"33.44 ","M_Def":"31.45 ","id":1,"boomhurt":"15000.00 ","movevalue":"80.50 ","movestome":"20.00 ","speed":"126.50 "},{"def":"65.74 ","boom":"1588.38 ","hp":"531.20 ","matk":"0.00 ","atk":"42.49 ","M_Def":"39.96 ","id":2,"boomhurt":"15151.52 ","movevalue":"80.50 ","movestome":"20.00 ","speed":"126.50 "},{"def":"81.48 ","boom":"1604.27 ","hp":"677.08 ","matk":"0.00 ","atk":"52.66 ","M_Def":"49.53 ","id":3,"boomhurt":"15303.03 ","movevalue":"80.50 ","movestome":"20.00 ","speed":"126.50 "},{"def":"98.64 ","boom":"1620.15 ","hp":"831.60 ","matk":"0.00 ","atk":"63.75 ","M_Def":"59.95 ","id":4,"boomhurt":"15454.55 ","movevalue":"80.50 ","movestome":"20.00 ","speed":"126.50 "},{"def":"117.01 ","boom":"1636.04 ","hp":"993.57 ","matk":"0.00 ","atk":"75.62 ","M_Def":"71.12 ","id":5,"boomhurt":"15606.06 ","movevalue":"80.50 ","movestome":"20.00 ","speed":"126.50 "},{"def":"136.46 ","boom":"1651.92 ","hp":"1162.20 ","matk":"0.00 ","atk":"88.19 ","M_Def":"82.94 ","id":6,"boomhurt":"15757.58 ","movevalue":"80.50 ","movestome":"20.00 ","speed":"126.50 "},{"def":"156.91 ","boom":"1667.80 ","hp":"1336.90 ","matk":"0.00 ","atk":"101.41 ","M_Def":"95.37 ","id":7,"boomhurt":"15909.09 ","movevalue":"80.50 ","movestome":"20.00 ","speed":"126.50 "},{"def":"178.28 ","boom":"1683.69 ","hp":"1517.22 ","matk":"0.00 ","atk":"115.22 ","M_Def":"108.36 ","id":8,"boomhurt":"16060.61 ","movevalue":"80.50 ","movestome":"20.00 ","speed":"126.50 "},{"def":"200.51 ","boom":"1699.57 ","hp":"1702.80 ","matk":"0.00 ","atk":"129.58 ","M_Def":"121.87 ","id":9,"boomhurt":"16212.12 ","movevalue":"80.50 ","movestome":"20.00 ","speed":"126.50 "},{"def":"223.54 ","boom":"1715.45 ","hp":"1893.33 ","matk":"0.00 ","atk":"144.47 ","M_Def":"135.87 ","id":10,"boomhurt":"16363.64 ","movevalue":"80.50 ","movestome":"20.00 ","speed":"126.50 "},{"def":"247.35 ","boom":"1731.34 ","hp":"2088.56 ","matk":"0.00 ","atk":"159.85 ","M_Def":"150.33 ","id":11,"boomhurt":"16515.15 ","movevalue":"80.50 ","movestome":"20.00 ","speed":"126.50 "},{"def":"271.88 ","boom":"1747.22 ","hp":"2288.27 ","matk":"0.00 ","atk":"175.70 ","M_Def":"165.25 ","id":12,"boomhurt":"16666.67 ","movevalue":"80.50 ","movestome":"20.00 ","speed":"126.50 "},{"def":"297.11 ","boom":"1763.11 ","hp":"2492.27 ","matk":"0.00 ","atk":"192.01 ","M_Def":"180.58 ","id":13,"boomhurt":"16818.18 ","movevalue":"80.50 ","movestome":"20.00 ","speed":"126.50 "},{"def":"323.02 ","boom":"1778.99 ","hp":"2700.39 ","matk":"0.00 ","atk":"208.76 ","M_Def":"196.33 ","id":14,"boomhurt":"16969.70 ","movevalue":"80.50 ","movestome":"20.00 ","speed":"126.50 "},{"def":"349.58 ","boom":"1794.87 ","hp":"2912.48 ","matk":"0.00 ","atk":"225.92 ","M_Def":"212.47 ","id":15,"boomhurt":"17121.21 ","movevalue":"80.50 ","movestome":"20.00 ","speed":"126.50 "},{"def":"376.76 ","boom":"1810.76 ","hp":"3128.40 ","matk":"0.00 ","atk":"243.48 ","M_Def":"228.99 ","id":16,"boomhurt":"17272.73 ","movevalue":"80.50 ","movestome":"20.00 ","speed":"126.50 "},{"def":"404.55 ","boom":"1826.64 ","hp":"3348.04 ","matk":"0.00 ","atk":"261.44 ","M_Def":"245.88 ","id":17,"boomhurt":"17424.24 ","movevalue":"80.50 ","movestome":"20.00 ","speed":"126.50 "},{"def":"432.93 ","boom":"1842.53 ","hp":"3571.28 ","matk":"0.00 ","atk":"279.78 ","M_Def":"263.13 ","id":18,"boomhurt":"17575.76 ","movevalue":"80.50 ","movestome":"20.00 ","speed":"126.50 "},{"def":"461.88 ","boom":"1858.41 ","hp":"3798.02 ","matk":"0.00 ","atk":"298.49 ","M_Def":"280.73 ","id":19,"boomhurt":"17727.27 ","movevalue":"80.50 ","movestome":"20.00 ","speed":"126.50 "},{"def":"491.38 ","boom":"1874.29 ","hp":"4028.17 ","matk":"0.00 ","atk":"317.56 ","M_Def":"298.66 ","id":20,"boomhurt":"17878.79 ","movevalue":"80.50 ","movestome":"20.00 ","speed":"126.50 "},{"def":"521.43 ","boom":"1890.18 ","hp":"4261.63 ","matk":"0.00 ","atk":"336.98 ","M_Def":"316.92 ","id":21,"boomhurt":"18030.30 ","movevalue":"80.50 ","movestome":"20.00 ","speed":"126.50 "},{"def":"552.01 ","boom":"1906.06 ","hp":"4498.35 ","matk":"0.00 ","atk":"356.74 ","M_Def":"335.51 ","id":22,"boomhurt":"18181.82 ","movevalue":"80.50 ","movestome":"20.00 ","speed":"126.50 "},{"def":"583.10 ","boom":"1921.94 ","hp":"4738.22 ","matk":"0.00 ","atk":"376.84 ","M_Def":"354.41 ","id":23,"boomhurt":"18333.33 ","movevalue":"80.50 ","movestome":"20.00 ","speed":"126.50 "},{"def":"614.70 ","boom":"1937.83 ","hp":"4981.20 ","matk":"0.00 ","atk":"397.26 ","M_Def":"373.61 ","id":24,"boomhurt":"18484.85 ","movevalue":"80.50 ","movestome":"20.00 ","speed":"126.50 "},{"def":"646.80 ","boom":"1953.71 ","hp":"5227.20 ","matk":"0.00 ","atk":"418.00 ","M_Def":"393.12 ","id":25,"boomhurt":"18636.36 ","movevalue":"80.50 ","movestome":"20.00 ","speed":"126.50 "},{"def":"679.38 ","boom":"1969.60 ","hp":"5476.18 ","matk":"0.00 ","atk":"439.06 ","M_Def":"412.92 ","id":26,"boomhurt":"18787.88 ","movevalue":"80.50 ","movestome":"20.00 ","speed":"126.50 "},{"def":"712.44 ","boom":"1985.48 ","hp":"5728.06 ","matk":"0.00 ","atk":"460.42 ","M_Def":"433.01 ","id":27,"boomhurt":"18939.39 ","movevalue":"80.50 ","movestome":"20.00 ","speed":"126.50 "},{"def":"745.96 ","boom":"2001.36 ","hp":"5982.81 ","matk":"0.00 ","atk":"482.08 ","M_Def":"453.39 ","id":28,"boomhurt":"19090.91 ","movevalue":"80.50 ","movestome":"20.00 ","speed":"126.50 "},{"def":"779.94 ","boom":"2017.25 ","hp":"6240.36 ","matk":"0.00 ","atk":"504.04 ","M_Def":"474.04 ","id":29,"boomhurt":"19242.42 ","movevalue":"80.50 ","movestome":"20.00 ","speed":"126.50 "},{"def":"814.38 ","boom":"2033.13 ","hp":"6500.67 ","matk":"0.00 ","atk":"526.30 ","M_Def":"494.97 ","id":30,"boomhurt":"19393.94 ","movevalue":"80.50 ","movestome":"20.00 ","speed":"126.50 "},{"def":"849.25 ","boom":"2049.02 ","hp":"6763.69 ","matk":"0.00 ","atk":"548.84 ","M_Def":"516.17 ","id":31,"boomhurt":"19545.45 ","movevalue":"80.50 ","movestome":"20.00 ","speed":"126.50 "},{"def":"884.56 ","boom":"2064.90 ","hp":"7029.38 ","matk":"0.00 ","atk":"571.66 ","M_Def":"537.63 ","id":32,"boomhurt":"19696.97 ","movevalue":"80.50 ","movestome":"20.00 ","speed":"126.50 "},{"def":"920.30 ","boom":"2080.78 ","hp":"7297.70 ","matk":"0.00 ","atk":"594.75 ","M_Def":"559.35 ","id":33,"boomhurt":"19848.48 ","movevalue":"80.50 ","movestome":"20.00 ","speed":"126.50 "},{"def":"956.46 ","boom":"2096.67 ","hp":"7568.60 ","matk":"0.00 ","atk":"618.12 ","M_Def":"581.33 ","id":34,"boomhurt":"20000.00 ","movevalue":"80.50 ","movestome":"20.00 ","speed":"126.50 "},{"def":"993.04 ","boom":"2112.55 ","hp":"7842.04 ","matk":"0.00 ","atk":"641.76 ","M_Def":"603.56 ","id":35,"boomhurt":"20151.52 ","movevalue":"80.50 ","movestome":"20.00 ","speed":"126.50 "},{"def":"1030.03 ","boom":"2128.43 ","hp":"8118.00 ","matk":"0.00 ","atk":"665.67 ","M_Def":"626.04 ","id":36,"boomhurt":"20303.03 ","movevalue":"80.50 ","movestome":"20.00 ","speed":"126.50 "},{"def":"1067.42 ","boom":"2144.32 ","hp":"8396.43 ","matk":"0.00 ","atk":"689.83 ","M_Def":"648.77 ","id":37,"boomhurt":"20454.55 ","movevalue":"80.50 ","movestome":"20.00 ","speed":"126.50 "},{"def":"1105.21 ","boom":"2160.20 ","hp":"8677.31 ","matk":"0.00 ","atk":"714.25 ","M_Def":"671.74 ","id":38,"boomhurt":"20606.06 ","movevalue":"80.50 ","movestome":"20.00 ","speed":"126.50 "},{"def":"1143.40 ","boom":"2176.09 ","hp":"8960.59 ","matk":"0.00 ","atk":"738.93 ","M_Def":"694.95 ","id":39,"boomhurt":"20757.58 ","movevalue":"80.50 ","movestome":"20.00 ","speed":"126.50 "},{"def":"1181.97 ","boom":"2191.97 ","hp":"9246.25 ","matk":"0.00 ","atk":"763.86 ","M_Def":"718.39 ","id":40,"boomhurt":"20909.09 ","movevalue":"80.50 ","movestome":"20.00 ","speed":"126.50 "},{"def":"1220.93 ","boom":"2207.85 ","hp":"9534.26 ","matk":"0.00 ","atk":"789.03 ","M_Def":"742.07 ","id":41,"boomhurt":"21060.61 ","movevalue":"80.50 ","movestome":"20.00 ","speed":"126.50 "},{"def":"1260.26 ","boom":"2223.74 ","hp":"9824.58 ","matk":"0.00 ","atk":"814.45 ","M_Def":"765.98 ","id":42,"boomhurt":"21212.12 ","movevalue":"80.50 ","movestome":"20.00 ","speed":"126.50 "},{"def":"1299.97 ","boom":"2239.62 ","hp":"10117.20 ","matk":"0.00 ","atk":"840.12 ","M_Def":"790.11 ","id":43,"boomhurt":"21363.64 ","movevalue":"80.50 ","movestome":"20.00 ","speed":"126.50 "},{"def":"1340.05 ","boom":"2255.51 ","hp":"10412.09 ","matk":"0.00 ","atk":"866.02 ","M_Def":"814.47 ","id":44,"boomhurt":"21515.15 ","movevalue":"80.50 ","movestome":"20.00 ","speed":"126.50 "},{"def":"1380.49 ","boom":"2271.39 ","hp":"10709.21 ","matk":"0.00 ","atk":"892.16 ","M_Def":"839.05 ","id":45,"boomhurt":"21666.67 ","movevalue":"80.50 ","movestome":"20.00 ","speed":"126.50 "},{"def":"1421.30 ","boom":"2287.27 ","hp":"11008.55 ","matk":"0.00 ","atk":"918.53 ","M_Def":"863.86 ","id":46,"boomhurt":"21818.18 ","movevalue":"80.50 ","movestome":"20.00 ","speed":"126.50 "},{"def":"1462.47 ","boom":"2303.16 ","hp":"11310.07 ","matk":"0.00 ","atk":"945.13 ","M_Def":"888.88 ","id":47,"boomhurt":"21969.70 ","movevalue":"80.50 ","movestome":"20.00 ","speed":"126.50 "},{"def":"1503.98 ","boom":"2319.04 ","hp":"11613.76 ","matk":"0.00 ","atk":"971.96 ","M_Def":"914.11 ","id":48,"boomhurt":"22121.21 ","movevalue":"80.50 ","movestome":"20.00 ","speed":"126.50 "},{"def":"1545.85 ","boom":"2334.92 ","hp":"11919.60 ","matk":"0.00 ","atk":"999.02 ","M_Def":"939.56 ","id":49,"boomhurt":"22272.73 ","movevalue":"80.50 ","movestome":"20.00 ","speed":"126.50 "},{"def":"1588.07 ","boom":"2350.81 ","hp":"12227.56 ","matk":"0.00 ","atk":"1026.30 ","M_Def":"965.21 ","id":50,"boomhurt":"22424.24 ","movevalue":"80.50 ","movestome":"20.00 ","speed":"126.50 "},{"def":"1630.62 ","boom":"2366.69 ","hp":"12537.61 ","matk":"0.00 ","atk":"1053.80 ","M_Def":"991.08 ","id":51,"boomhurt":"22575.76 ","movevalue":"80.50 ","movestome":"20.00 ","speed":"126.50 "},{"def":"1673.52 ","boom":"2382.58 ","hp":"12849.75 ","matk":"0.00 ","atk":"1081.53 ","M_Def":"1017.15 ","id":52,"boomhurt":"22727.27 ","movevalue":"80.50 ","movestome":"20.00 ","speed":"126.50 "},{"def":"1716.76 ","boom":"2398.46 ","hp":"13163.95 ","matk":"0.00 ","atk":"1109.47 ","M_Def":"1043.43 ","id":53,"boomhurt":"22878.79 ","movevalue":"80.50 ","movestome":"20.00 ","speed":"126.50 "},{"def":"1760.32 ","boom":"2414.34 ","hp":"13480.18 ","matk":"0.00 ","atk":"1137.62 ","M_Def":"1069.91 ","id":54,"boomhurt":"23030.30 ","movevalue":"80.50 ","movestome":"20.00 ","speed":"126.50 "},{"def":"1804.22 ","boom":"2430.23 ","hp":"13798.44 ","matk":"0.00 ","atk":"1165.99 ","M_Def":"1096.59 ","id":55,"boomhurt":"23181.82 ","movevalue":"80.50 ","movestome":"20.00 ","speed":"126.50 "},{"def":"1848.44 ","boom":"2446.11 ","hp":"14118.70 ","matk":"0.00 ","atk":"1194.57 ","M_Def":"1123.47 ","id":56,"boomhurt":"23333.33 ","movevalue":"80.50 ","movestome":"20.00 ","speed":"126.50 "},{"def":"1892.99 ","boom":"2461.99 ","hp":"14440.94 ","matk":"0.00 ","atk":"1223.36 ","M_Def":"1150.55 ","id":57,"boomhurt":"23484.85 ","movevalue":"80.50 ","movestome":"20.00 ","speed":"126.50 "},{"def":"1937.86 ","boom":"2477.88 ","hp":"14765.15 ","matk":"0.00 ","atk":"1252.36 ","M_Def":"1177.82 ","id":58,"boomhurt":"23636.36 ","movevalue":"80.50 ","movestome":"20.00 ","speed":"126.50 "},{"def":"1983.05 ","boom":"2493.76 ","hp":"15091.31 ","matk":"0.00 ","atk":"1281.56 ","M_Def":"1205.28 ","id":59,"boomhurt":"23787.88 ","movevalue":"80.50 ","movestome":"20.00 ","speed":"126.50 "},{"def":"2028.55 ","boom":"2509.65 ","hp":"15419.41 ","matk":"0.00 ","atk":"1310.97 ","M_Def":"1232.94 ","id":60,"boomhurt":"23939.39 ","movevalue":"80.50 ","movestome":"20.00 ","speed":"126.50 "}]