[{"def":"44.80 ","boom":"760.00 ","hp":"360.00 ","matk":"0.00 ","atk":"27.36 ","M_Def":"48.38 ","id":1,"boomhurt":"13500.00 ","movevalue":"103.50 ","movestome":"7.00 ","speed":"110.59 "},{"def":"56.92 ","boom":"767.68 ","hp":"482.91 ","matk":"0.00 ","atk":"34.76 ","M_Def":"61.47 ","id":2,"boomhurt":"13636.36 ","movevalue":"103.50 ","movestome":"7.00 ","speed":"110.59 "},{"def":"70.55 ","boom":"775.35 ","hp":"615.53 ","matk":"0.00 ","atk":"43.09 ","M_Def":"76.19 ","id":3,"boomhurt":"13772.73 ","movevalue":"103.50 ","movestome":"7.00 ","speed":"110.59 "},{"def":"85.40 ","boom":"783.03 ","hp":"756.00 ","matk":"0.00 ","atk":"52.15 ","M_Def":"92.23 ","id":4,"boomhurt":"13909.09 ","movevalue":"103.50 ","movestome":"7.00 ","speed":"110.59 "},{"def":"101.30 ","boom":"790.71 ","hp":"903.25 ","matk":"0.00 ","atk":"61.87 ","M_Def":"109.41 ","id":5,"boomhurt":"14045.45 ","movevalue":"103.50 ","movestome":"7.00 ","speed":"110.59 "},{"def":"118.15 ","boom":"798.38 ","hp":"1056.54 ","matk":"0.00 ","atk":"72.16 ","M_Def":"127.60 ","id":6,"boomhurt":"14181.82 ","movevalue":"103.50 ","movestome":"7.00 ","speed":"110.59 "},{"def":"135.86 ","boom":"806.06 ","hp":"1215.36 ","matk":"0.00 ","atk":"82.97 ","M_Def":"146.73 ","id":7,"boomhurt":"14318.18 ","movevalue":"103.50 ","movestome":"7.00 ","speed":"110.59 "},{"def":"154.36 ","boom":"813.74 ","hp":"1379.29 ","matk":"0.00 ","atk":"94.27 ","M_Def":"166.71 ","id":8,"boomhurt":"14454.55 ","movevalue":"103.50 ","movestome":"7.00 ","speed":"110.59 "},{"def":"173.60 ","boom":"821.41 ","hp":"1548.00 ","matk":"0.00 ","atk":"106.02 ","M_Def":"187.49 ","id":9,"boomhurt":"14590.91 ","movevalue":"103.50 ","movestome":"7.00 ","speed":"110.59 "},{"def":"193.54 ","boom":"829.09 ","hp":"1721.21 ","matk":"0.00 ","atk":"118.20 ","M_Def":"209.03 ","id":10,"boomhurt":"14727.27 ","movevalue":"103.50 ","movestome":"7.00 ","speed":"110.59 "},{"def":"214.15 ","boom":"836.77 ","hp":"1898.69 ","matk":"0.00 ","atk":"130.79 ","M_Def":"231.28 ","id":11,"boomhurt":"14863.64 ","movevalue":"103.50 ","movestome":"7.00 ","speed":"110.59 "},{"def":"235.39 ","boom":"844.44 ","hp":"2080.25 ","matk":"0.00 ","atk":"143.76 ","M_Def":"254.23 ","id":12,"boomhurt":"15000.00 ","movevalue":"103.50 ","movestome":"7.00 ","speed":"110.59 "},{"def":"257.24 ","boom":"852.12 ","hp":"2265.70 ","matk":"0.00 ","atk":"157.10 ","M_Def":"277.82 ","id":13,"boomhurt":"15136.36 ","movevalue":"103.50 ","movestome":"7.00 ","speed":"110.59 "},{"def":"279.67 ","boom":"859.80 ","hp":"2454.90 ","matk":"0.00 ","atk":"170.80 ","M_Def":"302.05 ","id":14,"boomhurt":"15272.73 ","movevalue":"103.50 ","movestome":"7.00 ","speed":"110.59 "},{"def":"302.67 ","boom":"867.47 ","hp":"2647.71 ","matk":"0.00 ","atk":"184.84 ","M_Def":"326.88 ","id":15,"boomhurt":"15409.09 ","movevalue":"103.50 ","movestome":"7.00 ","speed":"110.59 "},{"def":"326.20 ","boom":"875.15 ","hp":"2844.00 ","matk":"0.00 ","atk":"199.21 ","M_Def":"352.30 ","id":16,"boomhurt":"15545.45 ","movevalue":"103.50 ","movestome":"7.00 ","speed":"110.59 "},{"def":"350.26 ","boom":"882.83 ","hp":"3043.67 ","matk":"0.00 ","atk":"213.91 ","M_Def":"378.28 ","id":17,"boomhurt":"15681.82 ","movevalue":"103.50 ","movestome":"7.00 ","speed":"110.59 "},{"def":"374.83 ","boom":"890.51 ","hp":"3246.62 ","matk":"0.00 ","atk":"228.91 ","M_Def":"404.82 ","id":18,"boomhurt":"15818.18 ","movevalue":"103.50 ","movestome":"7.00 ","speed":"110.59 "},{"def":"399.89 ","boom":"898.18 ","hp":"3452.74 ","matk":"0.00 ","atk":"244.22 ","M_Def":"431.88 ","id":19,"boomhurt":"15954.55 ","movevalue":"103.50 ","movestome":"7.00 ","speed":"110.59 "},{"def":"425.44 ","boom":"905.86 ","hp":"3661.97 ","matk":"0.00 ","atk":"259.82 ","M_Def":"459.47 ","id":20,"boomhurt":"16090.91 ","movevalue":"103.50 ","movestome":"7.00 ","speed":"110.59 "},{"def":"451.46 ","boom":"913.54 ","hp":"3874.21 ","matk":"0.00 ","atk":"275.71 ","M_Def":"487.57 ","id":21,"boomhurt":"16227.27 ","movevalue":"103.50 ","movestome":"7.00 ","speed":"110.59 "},{"def":"477.93 ","boom":"921.21 ","hp":"4089.40 ","matk":"0.00 ","atk":"291.88 ","M_Def":"516.16 ","id":22,"boomhurt":"16363.64 ","movevalue":"103.50 ","movestome":"7.00 ","speed":"110.59 "},{"def":"504.85 ","boom":"928.89 ","hp":"4307.47 ","matk":"0.00 ","atk":"308.32 ","M_Def":"545.24 ","id":23,"boomhurt":"16500.00 ","movevalue":"103.50 ","movestome":"7.00 ","speed":"110.59 "},{"def":"532.21 ","boom":"936.57 ","hp":"4528.36 ","matk":"0.00 ","atk":"325.03 ","M_Def":"574.79 ","id":24,"boomhurt":"16636.36 ","movevalue":"103.50 ","movestome":"7.00 ","speed":"110.59 "},{"def":"560.00 ","boom":"944.24 ","hp":"4752.00 ","matk":"0.00 ","atk":"342.00 ","M_Def":"604.80 ","id":25,"boomhurt":"16772.73 ","movevalue":"103.50 ","movestome":"7.00 ","speed":"110.59 "},{"def":"588.21 ","boom":"951.92 ","hp":"4978.34 ","matk":"0.00 ","atk":"359.23 ","M_Def":"635.27 ","id":26,"boomhurt":"16909.09 ","movevalue":"103.50 ","movestome":"7.00 ","speed":"110.59 "},{"def":"616.83 ","boom":"959.60 ","hp":"5207.33 ","matk":"0.00 ","atk":"376.71 ","M_Def":"666.18 ","id":27,"boomhurt":"17045.45 ","movevalue":"103.50 ","movestome":"7.00 ","speed":"110.59 "},{"def":"645.85 ","boom":"967.27 ","hp":"5438.92 ","matk":"0.00 ","atk":"394.43 ","M_Def":"697.52 ","id":28,"boomhurt":"17181.82 ","movevalue":"103.50 ","movestome":"7.00 ","speed":"110.59 "},{"def":"675.28 ","boom":"974.95 ","hp":"5673.06 ","matk":"0.00 ","atk":"412.40 ","M_Def":"729.30 ","id":29,"boomhurt":"17318.18 ","movevalue":"103.50 ","movestome":"7.00 ","speed":"110.59 "},{"def":"705.09 ","boom":"982.63 ","hp":"5909.70 ","matk":"0.00 ","atk":"430.61 ","M_Def":"761.49 ","id":30,"boomhurt":"17454.55 ","movevalue":"103.50 ","movestome":"7.00 ","speed":"110.59 "},{"def":"735.28 ","boom":"990.30 ","hp":"6148.81 ","matk":"0.00 ","atk":"449.05 ","M_Def":"794.10 ","id":31,"boomhurt":"17590.91 ","movevalue":"103.50 ","movestome":"7.00 ","speed":"110.59 "},{"def":"765.85 ","boom":"997.98 ","hp":"6390.35 ","matk":"0.00 ","atk":"467.72 ","M_Def":"827.12 ","id":32,"boomhurt":"17727.27 ","movevalue":"103.50 ","movestome":"7.00 ","speed":"110.59 "},{"def":"796.80 ","boom":"1005.66 ","hp":"6634.27 ","matk":"0.00 ","atk":"486.62 ","M_Def":"860.54 ","id":33,"boomhurt":"17863.64 ","movevalue":"103.50 ","movestome":"7.00 ","speed":"110.59 "},{"def":"828.11 ","boom":"1013.33 ","hp":"6880.54 ","matk":"0.00 ","atk":"505.74 ","M_Def":"894.36 ","id":34,"boomhurt":"18000.00 ","movevalue":"103.50 ","movestome":"7.00 ","speed":"110.59 "},{"def":"859.78 ","boom":"1021.01 ","hp":"7129.13 ","matk":"0.00 ","atk":"525.08 ","M_Def":"928.56 ","id":35,"boomhurt":"18136.36 ","movevalue":"103.50 ","movestome":"7.00 ","speed":"110.59 "},{"def":"891.80 ","boom":"1028.69 ","hp":"7380.00 ","matk":"0.00 ","atk":"544.63 ","M_Def":"963.14 ","id":36,"boomhurt":"18272.73 ","movevalue":"103.50 ","movestome":"7.00 ","speed":"110.59 "},{"def":"924.17 ","boom":"1036.36 ","hp":"7633.12 ","matk":"0.00 ","atk":"564.41 ","M_Def":"998.11 ","id":37,"boomhurt":"18409.09 ","movevalue":"103.50 ","movestome":"7.00 ","speed":"110.59 "},{"def":"956.89 ","boom":"1044.04 ","hp":"7888.46 ","matk":"0.00 ","atk":"584.39 ","M_Def":"1033.45 ","id":38,"boomhurt":"18545.45 ","movevalue":"103.50 ","movestome":"7.00 ","speed":"110.59 "},{"def":"989.95 ","boom":"1051.72 ","hp":"8145.99 ","matk":"0.00 ","atk":"604.58 ","M_Def":"1069.15 ","id":39,"boomhurt":"18681.82 ","movevalue":"103.50 ","movestome":"7.00 ","speed":"110.59 "},{"def":"1023.35 ","boom":"1059.39 ","hp":"8405.68 ","matk":"0.00 ","atk":"624.97 ","M_Def":"1105.22 ","id":40,"boomhurt":"18818.18 ","movevalue":"103.50 ","movestome":"7.00 ","speed":"110.59 "},{"def":"1057.08 ","boom":"1067.07 ","hp":"8667.51 ","matk":"0.00 ","atk":"645.57 ","M_Def":"1141.64 ","id":41,"boomhurt":"18954.55 ","movevalue":"103.50 ","movestome":"7.00 ","speed":"110.59 "},{"def":"1091.14 ","boom":"1074.75 ","hp":"8931.44 ","matk":"0.00 ","atk":"666.37 ","M_Def":"1178.43 ","id":42,"boomhurt":"19090.91 ","movevalue":"103.50 ","movestome":"7.00 ","speed":"110.59 "},{"def":"1125.52 ","boom":"1082.42 ","hp":"9197.46 ","matk":"0.00 ","atk":"687.37 ","M_Def":"1215.56 ","id":43,"boomhurt":"19227.27 ","movevalue":"103.50 ","movestome":"7.00 ","speed":"110.59 "},{"def":"1160.22 ","boom":"1090.10 ","hp":"9465.53 ","matk":"0.00 ","atk":"708.56 ","M_Def":"1253.03 ","id":44,"boomhurt":"19363.64 ","movevalue":"103.50 ","movestome":"7.00 ","speed":"110.59 "},{"def":"1195.23 ","boom":"1097.78 ","hp":"9735.65 ","matk":"0.00 ","atk":"729.95 ","M_Def":"1290.85 ","id":45,"boomhurt":"19500.00 ","movevalue":"103.50 ","movestome":"7.00 ","speed":"110.59 "},{"def":"1230.56 ","boom":"1105.45 ","hp":"10007.77 ","matk":"0.00 ","atk":"751.52 ","M_Def":"1329.01 ","id":46,"boomhurt":"19636.36 ","movevalue":"103.50 ","movestome":"7.00 ","speed":"110.59 "},{"def":"1266.20 ","boom":"1113.13 ","hp":"10281.88 ","matk":"0.00 ","atk":"773.29 ","M_Def":"1367.50 ","id":47,"boomhurt":"19772.73 ","movevalue":"103.50 ","movestome":"7.00 ","speed":"110.59 "},{"def":"1302.15 ","boom":"1120.81 ","hp":"10557.97 ","matk":"0.00 ","atk":"795.24 ","M_Def":"1406.32 ","id":48,"boomhurt":"19909.09 ","movevalue":"103.50 ","movestome":"7.00 ","speed":"110.59 "},{"def":"1338.40 ","boom":"1128.48 ","hp":"10836.00 ","matk":"0.00 ","atk":"817.38 ","M_Def":"1445.47 ","id":49,"boomhurt":"20045.45 ","movevalue":"103.50 ","movestome":"7.00 ","speed":"110.59 "},{"def":"1374.95 ","boom":"1136.16 ","hp":"11115.96 ","matk":"0.00 ","atk":"839.70 ","M_Def":"1484.95 ","id":50,"boomhurt":"20181.82 ","movevalue":"103.50 ","movestome":"7.00 ","speed":"110.59 "},{"def":"1411.80 ","boom":"1143.84 ","hp":"11397.83 ","matk":"0.00 ","atk":"862.20 ","M_Def":"1524.74 ","id":51,"boomhurt":"20318.18 ","movevalue":"103.50 ","movestome":"7.00 ","speed":"110.59 "},{"def":"1448.94 ","boom":"1151.52 ","hp":"11681.59 ","matk":"0.00 ","atk":"884.89 ","M_Def":"1564.85 ","id":52,"boomhurt":"20454.55 ","movevalue":"103.50 ","movestome":"7.00 ","speed":"110.59 "},{"def":"1486.37 ","boom":"1159.19 ","hp":"11967.22 ","matk":"0.00 ","atk":"907.75 ","M_Def":"1605.28 ","id":53,"boomhurt":"20590.91 ","movevalue":"103.50 ","movestome":"7.00 ","speed":"110.59 "},{"def":"1524.09 ","boom":"1166.87 ","hp":"12254.71 ","matk":"0.00 ","atk":"930.78 ","M_Def":"1646.02 ","id":54,"boomhurt":"20727.27 ","movevalue":"103.50 ","movestome":"7.00 ","speed":"110.59 "},{"def":"1562.09 ","boom":"1174.55 ","hp":"12544.04 ","matk":"0.00 ","atk":"953.99 ","M_Def":"1687.06 ","id":55,"boomhurt":"20863.64 ","movevalue":"103.50 ","movestome":"7.00 ","speed":"110.59 "},{"def":"1600.38 ","boom":"1182.22 ","hp":"12835.18 ","matk":"0.00 ","atk":"977.38 ","M_Def":"1728.41 ","id":56,"boomhurt":"21000.00 ","movevalue":"103.50 ","movestome":"7.00 ","speed":"110.59 "},{"def":"1638.95 ","boom":"1189.90 ","hp":"13128.13 ","matk":"0.00 ","atk":"1000.93 ","M_Def":"1770.07 ","id":57,"boomhurt":"21136.36 ","movevalue":"103.50 ","movestome":"7.00 ","speed":"110.59 "},{"def":"1677.80 ","boom":"1197.58 ","hp":"13422.87 ","matk":"0.00 ","atk":"1024.66 ","M_Def":"1812.03 ","id":58,"boomhurt":"21272.73 ","movevalue":"103.50 ","movestome":"7.00 ","speed":"110.59 "},{"def":"1716.93 ","boom":"1205.25 ","hp":"13719.38 ","matk":"0.00 ","atk":"1048.55 ","M_Def":"1854.28 ","id":59,"boomhurt":"21409.09 ","movevalue":"103.50 ","movestome":"7.00 ","speed":"110.59 "},{"def":"1756.32 ","boom":"1212.93 ","hp":"14017.64 ","matk":"0.00 ","atk":"1072.61 ","M_Def":"1896.83 ","id":60,"boomhurt":"21545.45 ","movevalue":"103.50 ","movestome":"7.00 ","speed":"110.59 "}]