[{"def":"44.69 ","boom":"1850.00 ","hp":"342.00 ","matk":"0.00 ","atk":"38.72 ","M_Def":"33.20 ","id":1,"boomhurt":"15000.00 ","movevalue":"100.05 ","movestome":"4.00 ","speed":"115.50 "},{"def":"56.78 ","boom":"1868.69 ","hp":"458.77 ","matk":"0.00 ","atk":"49.19 ","M_Def":"42.18 ","id":2,"boomhurt":"15151.52 ","movevalue":"100.05 ","movestome":"4.00 ","speed":"115.50 "},{"def":"70.37 ","boom":"1887.37 ","hp":"584.75 ","matk":"0.00 ","atk":"60.97 ","M_Def":"52.28 ","id":3,"boomhurt":"15303.03 ","movevalue":"100.05 ","movestome":"4.00 ","speed":"115.50 "},{"def":"85.19 ","boom":"1906.06 ","hp":"718.20 ","matk":"0.00 ","atk":"73.81 ","M_Def":"63.28 ","id":4,"boomhurt":"15454.55 ","movevalue":"100.05 ","movestome":"4.00 ","speed":"115.50 "},{"def":"101.05 ","boom":"1924.75 ","hp":"858.08 ","matk":"0.00 ","atk":"87.56 ","M_Def":"75.07 ","id":5,"boomhurt":"15606.06 ","movevalue":"100.05 ","movestome":"4.00 ","speed":"115.50 "},{"def":"117.86 ","boom":"1943.43 ","hp":"1003.72 ","matk":"0.00 ","atk":"102.12 ","M_Def":"87.55 ","id":6,"boomhurt":"15757.58 ","movevalue":"100.05 ","movestome":"4.00 ","speed":"115.50 "},{"def":"135.52 ","boom":"1962.12 ","hp":"1154.60 ","matk":"0.00 ","atk":"117.42 ","M_Def":"100.67 ","id":7,"boomhurt":"15909.09 ","movevalue":"100.05 ","movestome":"4.00 ","speed":"115.50 "},{"def":"153.97 ","boom":"1980.81 ","hp":"1310.33 ","matk":"0.00 ","atk":"133.41 ","M_Def":"114.38 ","id":8,"boomhurt":"16060.61 ","movevalue":"100.05 ","movestome":"4.00 ","speed":"115.50 "},{"def":"173.17 ","boom":"1999.49 ","hp":"1470.60 ","matk":"0.00 ","atk":"150.04 ","M_Def":"128.64 ","id":9,"boomhurt":"16212.12 ","movevalue":"100.05 ","movestome":"4.00 ","speed":"115.50 "},{"def":"193.06 ","boom":"2018.18 ","hp":"1635.15 ","matk":"0.00 ","atk":"167.28 ","M_Def":"143.42 ","id":10,"boomhurt":"16363.64 ","movevalue":"100.05 ","movestome":"4.00 ","speed":"115.50 "},{"def":"213.62 ","boom":"2036.87 ","hp":"1803.76 ","matk":"0.00 ","atk":"185.09 ","M_Def":"158.69 ","id":11,"boomhurt":"16515.15 ","movevalue":"100.05 ","movestome":"4.00 ","speed":"115.50 "},{"def":"234.81 ","boom":"2055.56 ","hp":"1976.23 ","matk":"0.00 ","atk":"203.45 ","M_Def":"174.43 ","id":12,"boomhurt":"16666.67 ","movevalue":"100.05 ","movestome":"4.00 ","speed":"115.50 "},{"def":"256.60 ","boom":"2074.24 ","hp":"2152.41 ","matk":"0.00 ","atk":"222.33 ","M_Def":"190.62 ","id":13,"boomhurt":"16818.18 ","movevalue":"100.05 ","movestome":"4.00 ","speed":"115.50 "},{"def":"278.97 ","boom":"2092.93 ","hp":"2332.15 ","matk":"0.00 ","atk":"241.72 ","M_Def":"207.24 ","id":14,"boomhurt":"16969.70 ","movevalue":"100.05 ","movestome":"4.00 ","speed":"115.50 "},{"def":"301.91 ","boom":"2111.62 ","hp":"2515.32 ","matk":"0.00 ","atk":"261.59 ","M_Def":"224.27 ","id":15,"boomhurt":"17121.21 ","movevalue":"100.05 ","movestome":"4.00 ","speed":"115.50 "},{"def":"325.38 ","boom":"2130.30 ","hp":"2701.80 ","matk":"0.00 ","atk":"281.93 ","M_Def":"241.71 ","id":16,"boomhurt":"17272.73 ","movevalue":"100.05 ","movestome":"4.00 ","speed":"115.50 "},{"def":"349.38 ","boom":"2148.99 ","hp":"2891.49 ","matk":"0.00 ","atk":"302.72 ","M_Def":"259.54 ","id":17,"boomhurt":"17424.24 ","movevalue":"100.05 ","movestome":"4.00 ","speed":"115.50 "},{"def":"373.89 ","boom":"2167.68 ","hp":"3084.28 ","matk":"0.00 ","atk":"323.96 ","M_Def":"277.75 ","id":18,"boomhurt":"17575.76 ","movevalue":"100.05 ","movestome":"4.00 ","speed":"115.50 "},{"def":"398.89 ","boom":"2186.36 ","hp":"3280.11 ","matk":"0.00 ","atk":"345.62 ","M_Def":"296.32 ","id":19,"boomhurt":"17727.27 ","movevalue":"100.05 ","movestome":"4.00 ","speed":"115.50 "},{"def":"424.38 ","boom":"2205.05 ","hp":"3478.87 ","matk":"0.00 ","atk":"367.70 ","M_Def":"315.25 ","id":20,"boomhurt":"17878.79 ","movevalue":"100.05 ","movestome":"4.00 ","speed":"115.50 "},{"def":"450.33 ","boom":"2223.74 ","hp":"3680.50 ","matk":"0.00 ","atk":"390.19 ","M_Def":"334.53 ","id":21,"boomhurt":"18030.30 ","movevalue":"100.05 ","movestome":"4.00 ","speed":"115.50 "},{"def":"476.73 ","boom":"2242.42 ","hp":"3884.93 ","matk":"0.00 ","atk":"413.07 ","M_Def":"354.15 ","id":22,"boomhurt":"18181.82 ","movevalue":"100.05 ","movestome":"4.00 ","speed":"115.50 "},{"def":"503.59 ","boom":"2261.11 ","hp":"4092.10 ","matk":"0.00 ","atk":"436.34 ","M_Def":"374.09 ","id":23,"boomhurt":"18333.33 ","movevalue":"100.05 ","movestome":"4.00 ","speed":"115.50 "},{"def":"530.88 ","boom":"2279.80 ","hp":"4301.94 ","matk":"0.00 ","atk":"459.98 ","M_Def":"394.37 ","id":24,"boomhurt":"18484.85 ","movevalue":"100.05 ","movestome":"4.00 ","speed":"115.50 "},{"def":"558.60 ","boom":"2298.48 ","hp":"4514.40 ","matk":"0.00 ","atk":"484.00 ","M_Def":"414.96 ","id":25,"boomhurt":"18636.36 ","movevalue":"100.05 ","movestome":"4.00 ","speed":"115.50 "},{"def":"586.74 ","boom":"2317.17 ","hp":"4729.42 ","matk":"0.00 ","atk":"508.38 ","M_Def":"435.86 ","id":26,"boomhurt":"18787.88 ","movevalue":"100.05 ","movestome":"4.00 ","speed":"115.50 "},{"def":"615.29 ","boom":"2335.86 ","hp":"4946.96 ","matk":"0.00 ","atk":"533.12 ","M_Def":"457.07 ","id":27,"boomhurt":"18939.39 ","movevalue":"100.05 ","movestome":"4.00 ","speed":"115.50 "},{"def":"644.24 ","boom":"2354.55 ","hp":"5166.97 ","matk":"0.00 ","atk":"558.20 ","M_Def":"478.58 ","id":28,"boomhurt":"19090.91 ","movevalue":"100.05 ","movestome":"4.00 ","speed":"115.50 "},{"def":"673.59 ","boom":"2373.23 ","hp":"5389.40 ","matk":"0.00 ","atk":"583.63 ","M_Def":"500.38 ","id":29,"boomhurt":"19242.42 ","movevalue":"100.05 ","movestome":"4.00 ","speed":"115.50 "},{"def":"703.32 ","boom":"2391.92 ","hp":"5614.22 ","matk":"0.00 ","atk":"609.40 ","M_Def":"522.47 ","id":30,"boomhurt":"19393.94 ","movevalue":"100.05 ","movestome":"4.00 ","speed":"115.50 "},{"def":"733.44 ","boom":"2410.61 ","hp":"5841.37 ","matk":"0.00 ","atk":"635.49 ","M_Def":"544.84 ","id":31,"boomhurt":"19545.45 ","movevalue":"100.05 ","movestome":"4.00 ","speed":"115.50 "},{"def":"763.94 ","boom":"2429.29 ","hp":"6070.83 ","matk":"0.00 ","atk":"661.92 ","M_Def":"567.50 ","id":32,"boomhurt":"19696.97 ","movevalue":"100.05 ","movestome":"4.00 ","speed":"115.50 "},{"def":"794.81 ","boom":"2447.98 ","hp":"6302.56 ","matk":"0.00 ","atk":"688.66 ","M_Def":"590.43 ","id":33,"boomhurt":"19848.48 ","movevalue":"100.05 ","movestome":"4.00 ","speed":"115.50 "},{"def":"826.04 ","boom":"2466.67 ","hp":"6536.52 ","matk":"0.00 ","atk":"715.72 ","M_Def":"613.63 ","id":34,"boomhurt":"20000.00 ","movevalue":"100.05 ","movestome":"4.00 ","speed":"115.50 "},{"def":"857.63 ","boom":"2485.35 ","hp":"6772.67 ","matk":"0.00 ","atk":"743.09 ","M_Def":"637.09 ","id":35,"boomhurt":"20151.52 ","movevalue":"100.05 ","movestome":"4.00 ","speed":"115.50 "},{"def":"889.57 ","boom":"2504.04 ","hp":"7011.00 ","matk":"0.00 ","atk":"770.77 ","M_Def":"660.82 ","id":36,"boomhurt":"20303.03 ","movevalue":"100.05 ","movestome":"4.00 ","speed":"115.50 "},{"def":"921.86 ","boom":"2522.73 ","hp":"7251.46 ","matk":"0.00 ","atk":"798.75 ","M_Def":"684.81 ","id":37,"boomhurt":"20454.55 ","movevalue":"100.05 ","movestome":"4.00 ","speed":"115.50 "},{"def":"954.50 ","boom":"2541.41 ","hp":"7494.04 ","matk":"0.00 ","atk":"827.03 ","M_Def":"709.06 ","id":38,"boomhurt":"20606.06 ","movevalue":"100.05 ","movestome":"4.00 ","speed":"115.50 "},{"def":"987.48 ","boom":"2560.10 ","hp":"7738.69 ","matk":"0.00 ","atk":"855.60 ","M_Def":"733.56 ","id":39,"boomhurt":"20757.58 ","movevalue":"100.05 ","movestome":"4.00 ","speed":"115.50 "},{"def":"1020.79 ","boom":"2578.79 ","hp":"7985.40 ","matk":"0.00 ","atk":"884.47 ","M_Def":"758.30 ","id":40,"boomhurt":"20909.09 ","movevalue":"100.05 ","movestome":"4.00 ","speed":"115.50 "},{"def":"1054.44 ","boom":"2597.47 ","hp":"8234.13 ","matk":"0.00 ","atk":"913.62 ","M_Def":"783.30 ","id":41,"boomhurt":"21060.61 ","movevalue":"100.05 ","movestome":"4.00 ","speed":"115.50 "},{"def":"1088.41 ","boom":"2616.16 ","hp":"8484.87 ","matk":"0.00 ","atk":"943.05 ","M_Def":"808.53 ","id":42,"boomhurt":"21212.12 ","movevalue":"100.05 ","movestome":"4.00 ","speed":"115.50 "},{"def":"1122.70 ","boom":"2634.85 ","hp":"8737.58 ","matk":"0.00 ","atk":"972.77 ","M_Def":"834.01 ","id":43,"boomhurt":"21363.64 ","movevalue":"100.05 ","movestome":"4.00 ","speed":"115.50 "},{"def":"1157.32 ","boom":"2653.54 ","hp":"8992.26 ","matk":"0.00 ","atk":"1002.76 ","M_Def":"859.72 ","id":44,"boomhurt":"21515.15 ","movevalue":"100.05 ","movestome":"4.00 ","speed":"115.50 "},{"def":"1192.25 ","boom":"2672.22 ","hp":"9248.86 ","matk":"0.00 ","atk":"1033.02 ","M_Def":"885.67 ","id":45,"boomhurt":"21666.67 ","movevalue":"100.05 ","movestome":"4.00 ","speed":"115.50 "},{"def":"1227.49 ","boom":"2690.91 ","hp":"9507.38 ","matk":"0.00 ","atk":"1063.56 ","M_Def":"911.85 ","id":46,"boomhurt":"21818.18 ","movevalue":"100.05 ","movestome":"4.00 ","speed":"115.50 "},{"def":"1263.04 ","boom":"2709.60 ","hp":"9767.79 ","matk":"0.00 ","atk":"1094.36 ","M_Def":"938.26 ","id":47,"boomhurt":"21969.70 ","movevalue":"100.05 ","movestome":"4.00 ","speed":"115.50 "},{"def":"1298.90 ","boom":"2728.28 ","hp":"10030.07 ","matk":"0.00 ","atk":"1125.43 ","M_Def":"964.89 ","id":48,"boomhurt":"22121.21 ","movevalue":"100.05 ","movestome":"4.00 ","speed":"115.50 "},{"def":"1335.05 ","boom":"2746.97 ","hp":"10294.20 ","matk":"0.00 ","atk":"1156.76 ","M_Def":"991.75 ","id":49,"boomhurt":"22272.73 ","movevalue":"100.05 ","movestome":"4.00 ","speed":"115.50 "},{"def":"1371.51 ","boom":"2765.66 ","hp":"10560.16 ","matk":"0.00 ","atk":"1188.35 ","M_Def":"1018.84 ","id":50,"boomhurt":"22424.24 ","movevalue":"100.05 ","movestome":"4.00 ","speed":"115.50 "},{"def":"1408.27 ","boom":"2784.34 ","hp":"10827.94 ","matk":"0.00 ","atk":"1220.20 ","M_Def":"1046.14 ","id":51,"boomhurt":"22575.76 ","movevalue":"100.05 ","movestome":"4.00 ","speed":"115.50 "},{"def":"1445.31 ","boom":"2803.03 ","hp":"11097.51 ","matk":"0.00 ","atk":"1252.30 ","M_Def":"1073.66 ","id":52,"boomhurt":"22727.27 ","movevalue":"100.05 ","movestome":"4.00 ","speed":"115.50 "},{"def":"1482.65 ","boom":"2821.72 ","hp":"11368.86 ","matk":"0.00 ","atk":"1284.65 ","M_Def":"1101.40 ","id":53,"boomhurt":"22878.79 ","movevalue":"100.05 ","movestome":"4.00 ","speed":"115.50 "},{"def":"1520.28 ","boom":"2840.40 ","hp":"11641.98 ","matk":"0.00 ","atk":"1317.25 ","M_Def":"1129.35 ","id":54,"boomhurt":"23030.30 ","movevalue":"100.05 ","movestome":"4.00 ","speed":"115.50 "},{"def":"1558.19 ","boom":"2859.09 ","hp":"11916.83 ","matk":"0.00 ","atk":"1350.10 ","M_Def":"1157.51 ","id":55,"boomhurt":"23181.82 ","movevalue":"100.05 ","movestome":"4.00 ","speed":"115.50 "},{"def":"1596.38 ","boom":"2877.78 ","hp":"12193.42 ","matk":"0.00 ","atk":"1383.19 ","M_Def":"1185.88 ","id":56,"boomhurt":"23333.33 ","movevalue":"100.05 ","movestome":"4.00 ","speed":"115.50 "},{"def":"1634.86 ","boom":"2896.46 ","hp":"12471.72 ","matk":"0.00 ","atk":"1416.52 ","M_Def":"1214.46 ","id":57,"boomhurt":"23484.85 ","movevalue":"100.05 ","movestome":"4.00 ","speed":"115.50 "},{"def":"1673.61 ","boom":"2915.15 ","hp":"12751.72 ","matk":"0.00 ","atk":"1450.10 ","M_Def":"1243.25 ","id":58,"boomhurt":"23636.36 ","movevalue":"100.05 ","movestome":"4.00 ","speed":"115.50 "},{"def":"1712.63 ","boom":"2933.84 ","hp":"13033.41 ","matk":"0.00 ","atk":"1483.91 ","M_Def":"1272.24 ","id":59,"boomhurt":"23787.88 ","movevalue":"100.05 ","movestome":"4.00 ","speed":"115.50 "},{"def":"1751.93 ","boom":"2952.53 ","hp":"13316.76 ","matk":"0.00 ","atk":"1517.96 ","M_Def":"1301.43 ","id":60,"boomhurt":"23939.39 ","movevalue":"100.05 ","movestome":"4.00 ","speed":"115.50 "}]