[{"def":"47.04 ","boom":"1665.00 ","hp":"414.00 ","matk":"0.00 ","atk":"36.96 ","M_Def":"29.70 ","id":1,"boomhurt":"15000.00 ","movevalue":"100.05 ","movestome":"20.00 ","speed":"110.00 "},{"def":"59.77 ","boom":"1681.82 ","hp":"555.35 ","matk":"0.00 ","atk":"46.96 ","M_Def":"37.74 ","id":2,"boomhurt":"15151.52 ","movevalue":"100.05 ","movestome":"20.00 ","speed":"110.00 "},{"def":"74.08 ","boom":"1698.64 ","hp":"707.86 ","matk":"0.00 ","atk":"58.20 ","M_Def":"46.77 ","id":3,"boomhurt":"15303.03 ","movevalue":"100.05 ","movestome":"20.00 ","speed":"110.00 "},{"def":"89.67 ","boom":"1715.45 ","hp":"869.40 ","matk":"0.00 ","atk":"70.46 ","M_Def":"56.62 ","id":4,"boomhurt":"15454.55 ","movevalue":"100.05 ","movestome":"20.00 ","speed":"110.00 "},{"def":"106.37 ","boom":"1732.27 ","hp":"1038.73 ","matk":"0.00 ","atk":"83.58 ","M_Def":"67.17 ","id":5,"boomhurt":"15606.06 ","movevalue":"100.05 ","movestome":"20.00 ","speed":"110.00 "},{"def":"124.06 ","boom":"1749.09 ","hp":"1215.03 ","matk":"0.00 ","atk":"97.47 ","M_Def":"78.33 ","id":6,"boomhurt":"15757.58 ","movevalue":"100.05 ","movestome":"20.00 ","speed":"110.00 "},{"def":"142.65 ","boom":"1765.91 ","hp":"1397.67 ","matk":"0.00 ","atk":"112.08 ","M_Def":"90.07 ","id":7,"boomhurt":"15909.09 ","movevalue":"100.05 ","movestome":"20.00 ","speed":"110.00 "},{"def":"162.07 ","boom":"1782.73 ","hp":"1586.19 ","matk":"0.00 ","atk":"127.34 ","M_Def":"102.34 ","id":8,"boomhurt":"16060.61 ","movevalue":"100.05 ","movestome":"20.00 ","speed":"110.00 "},{"def":"182.28 ","boom":"1799.55 ","hp":"1780.20 ","matk":"0.00 ","atk":"143.22 ","M_Def":"115.10 ","id":9,"boomhurt":"16212.12 ","movevalue":"100.05 ","movestome":"20.00 ","speed":"110.00 "},{"def":"203.22 ","boom":"1816.36 ","hp":"1979.39 ","matk":"0.00 ","atk":"159.67 ","M_Def":"128.32 ","id":10,"boomhurt":"16363.64 ","movevalue":"100.05 ","movestome":"20.00 ","speed":"110.00 "},{"def":"224.86 ","boom":"1833.18 ","hp":"2183.50 ","matk":"0.00 ","atk":"176.68 ","M_Def":"141.98 ","id":11,"boomhurt":"16515.15 ","movevalue":"100.05 ","movestome":"20.00 ","speed":"110.00 "},{"def":"247.16 ","boom":"1850.00 ","hp":"2392.28 ","matk":"0.00 ","atk":"194.20 ","M_Def":"156.07 ","id":12,"boomhurt":"16666.67 ","movevalue":"100.05 ","movestome":"20.00 ","speed":"110.00 "},{"def":"270.10 ","boom":"1866.82 ","hp":"2605.55 ","matk":"0.00 ","atk":"212.22 ","M_Def":"170.55 ","id":13,"boomhurt":"16818.18 ","movevalue":"100.05 ","movestome":"20.00 ","speed":"110.00 "},{"def":"293.66 ","boom":"1883.64 ","hp":"2823.13 ","matk":"0.00 ","atk":"230.73 ","M_Def":"185.42 ","id":14,"boomhurt":"16969.70 ","movevalue":"100.05 ","movestome":"20.00 ","speed":"110.00 "},{"def":"317.80 ","boom":"1900.45 ","hp":"3044.86 ","matk":"0.00 ","atk":"249.70 ","M_Def":"200.67 ","id":15,"boomhurt":"17121.21 ","movevalue":"100.05 ","movestome":"20.00 ","speed":"110.00 "},{"def":"342.51 ","boom":"1917.27 ","hp":"3270.60 ","matk":"0.00 ","atk":"269.11 ","M_Def":"216.27 ","id":16,"boomhurt":"17272.73 ","movevalue":"100.05 ","movestome":"20.00 ","speed":"110.00 "},{"def":"367.77 ","boom":"1934.09 ","hp":"3500.22 ","matk":"0.00 ","atk":"288.96 ","M_Def":"232.22 ","id":17,"boomhurt":"17424.24 ","movevalue":"100.05 ","movestome":"20.00 ","speed":"110.00 "},{"def":"393.57 ","boom":"1950.91 ","hp":"3733.61 ","matk":"0.00 ","atk":"309.23 ","M_Def":"248.51 ","id":18,"boomhurt":"17575.76 ","movevalue":"100.05 ","movestome":"20.00 ","speed":"110.00 "},{"def":"419.89 ","boom":"1967.73 ","hp":"3970.65 ","matk":"0.00 ","atk":"329.91 ","M_Def":"265.13 ","id":19,"boomhurt":"17727.27 ","movevalue":"100.05 ","movestome":"20.00 ","speed":"110.00 "},{"def":"446.71 ","boom":"1984.55 ","hp":"4211.26 ","matk":"0.00 ","atk":"350.99 ","M_Def":"282.07 ","id":20,"boomhurt":"17878.79 ","movevalue":"100.05 ","movestome":"20.00 ","speed":"110.00 "},{"def":"474.03 ","boom":"2001.36 ","hp":"4455.35 ","matk":"0.00 ","atk":"372.45 ","M_Def":"299.31 ","id":21,"boomhurt":"18030.30 ","movevalue":"100.05 ","movestome":"20.00 ","speed":"110.00 "},{"def":"501.83 ","boom":"2018.18 ","hp":"4702.82 ","matk":"0.00 ","atk":"394.29 ","M_Def":"316.87 ","id":22,"boomhurt":"18181.82 ","movevalue":"100.05 ","movestome":"20.00 ","speed":"110.00 "},{"def":"530.09 ","boom":"2035.00 ","hp":"4953.60 ","matk":"0.00 ","atk":"416.50 ","M_Def":"334.72 ","id":23,"boomhurt":"18333.33 ","movevalue":"100.05 ","movestome":"20.00 ","speed":"110.00 "},{"def":"558.82 ","boom":"2051.82 ","hp":"5207.61 ","matk":"0.00 ","atk":"439.07 ","M_Def":"352.86 ","id":24,"boomhurt":"18484.85 ","movevalue":"100.05 ","movestome":"20.00 ","speed":"110.00 "},{"def":"588.00 ","boom":"2068.64 ","hp":"5464.80 ","matk":"0.00 ","atk":"462.00 ","M_Def":"371.28 ","id":25,"boomhurt":"18636.36 ","movevalue":"100.05 ","movestome":"20.00 ","speed":"110.00 "},{"def":"617.62 ","boom":"2085.45 ","hp":"5725.09 ","matk":"0.00 ","atk":"485.27 ","M_Def":"389.98 ","id":26,"boomhurt":"18787.88 ","movevalue":"100.05 ","movestome":"20.00 ","speed":"110.00 "},{"def":"647.67 ","boom":"2102.27 ","hp":"5988.43 ","matk":"0.00 ","atk":"508.88 ","M_Def":"408.96 ","id":27,"boomhurt":"18939.39 ","movevalue":"100.05 ","movestome":"20.00 ","speed":"110.00 "},{"def":"678.15 ","boom":"2119.09 ","hp":"6254.75 ","matk":"0.00 ","atk":"532.83 ","M_Def":"428.20 ","id":28,"boomhurt":"19090.91 ","movevalue":"100.05 ","movestome":"20.00 ","speed":"110.00 "},{"def":"709.04 ","boom":"2135.91 ","hp":"6524.01 ","matk":"0.00 ","atk":"557.10 ","M_Def":"447.71 ","id":29,"boomhurt":"19242.42 ","movevalue":"100.05 ","movestome":"20.00 ","speed":"110.00 "},{"def":"740.34 ","boom":"2152.73 ","hp":"6796.16 ","matk":"0.00 ","atk":"581.70 ","M_Def":"467.47 ","id":30,"boomhurt":"19393.94 ","movevalue":"100.05 ","movestome":"20.00 ","speed":"110.00 "},{"def":"772.05 ","boom":"2169.55 ","hp":"7071.13 ","matk":"0.00 ","atk":"606.61 ","M_Def":"487.49 ","id":31,"boomhurt":"19545.45 ","movevalue":"100.05 ","movestome":"20.00 ","speed":"110.00 "},{"def":"804.15 ","boom":"2186.36 ","hp":"7348.90 ","matk":"0.00 ","atk":"631.83 ","M_Def":"507.76 ","id":32,"boomhurt":"19696.97 ","movevalue":"100.05 ","movestome":"20.00 ","speed":"110.00 "},{"def":"836.64 ","boom":"2203.18 ","hp":"7629.41 ","matk":"0.00 ","atk":"657.36 ","M_Def":"528.28 ","id":33,"boomhurt":"19848.48 ","movevalue":"100.05 ","movestome":"20.00 ","speed":"110.00 "},{"def":"869.51 ","boom":"2220.00 ","hp":"7912.62 ","matk":"0.00 ","atk":"683.19 ","M_Def":"549.03 ","id":34,"boomhurt":"20000.00 ","movevalue":"100.05 ","movestome":"20.00 ","speed":"110.00 "},{"def":"902.76 ","boom":"2236.82 ","hp":"8198.50 ","matk":"0.00 ","atk":"709.32 ","M_Def":"570.03 ","id":35,"boomhurt":"20151.52 ","movevalue":"100.05 ","movestome":"20.00 ","speed":"110.00 "},{"def":"936.39 ","boom":"2253.64 ","hp":"8487.00 ","matk":"0.00 ","atk":"735.74 ","M_Def":"591.26 ","id":36,"boomhurt":"20303.03 ","movevalue":"100.05 ","movestome":"20.00 ","speed":"110.00 "},{"def":"970.38 ","boom":"2270.45 ","hp":"8778.09 ","matk":"0.00 ","atk":"762.44 ","M_Def":"612.73 ","id":37,"boomhurt":"20454.55 ","movevalue":"100.05 ","movestome":"20.00 ","speed":"110.00 "},{"def":"1004.74 ","boom":"2287.27 ","hp":"9071.73 ","matk":"0.00 ","atk":"789.44 ","M_Def":"634.42 ","id":38,"boomhurt":"20606.06 ","movevalue":"100.05 ","movestome":"20.00 ","speed":"110.00 "},{"def":"1039.45 ","boom":"2304.09 ","hp":"9367.89 ","matk":"0.00 ","atk":"816.71 ","M_Def":"656.34 ","id":39,"boomhurt":"20757.58 ","movevalue":"100.05 ","movestome":"20.00 ","speed":"110.00 "},{"def":"1074.52 ","boom":"2320.91 ","hp":"9666.53 ","matk":"0.00 ","atk":"844.26 ","M_Def":"678.48 ","id":40,"boomhurt":"20909.09 ","movevalue":"100.05 ","movestome":"20.00 ","speed":"110.00 "},{"def":"1109.93 ","boom":"2337.73 ","hp":"9967.63 ","matk":"0.00 ","atk":"872.09 ","M_Def":"700.84 ","id":41,"boomhurt":"21060.61 ","movevalue":"100.05 ","movestome":"20.00 ","speed":"110.00 "},{"def":"1145.69 ","boom":"2354.55 ","hp":"10271.16 ","matk":"0.00 ","atk":"900.19 ","M_Def":"723.42 ","id":42,"boomhurt":"21212.12 ","movevalue":"100.05 ","movestome":"20.00 ","speed":"110.00 "},{"def":"1181.79 ","boom":"2371.36 ","hp":"10577.08 ","matk":"0.00 ","atk":"928.55 ","M_Def":"746.22 ","id":43,"boomhurt":"21363.64 ","movevalue":"100.05 ","movestome":"20.00 ","speed":"110.00 "},{"def":"1218.23 ","boom":"2388.18 ","hp":"10885.36 ","matk":"0.00 ","atk":"957.18 ","M_Def":"769.22 ","id":44,"boomhurt":"21515.15 ","movevalue":"100.05 ","movestome":"20.00 ","speed":"110.00 "},{"def":"1255.00 ","boom":"2405.00 ","hp":"11195.99 ","matk":"0.00 ","atk":"986.07 ","M_Def":"792.44 ","id":45,"boomhurt":"21666.67 ","movevalue":"100.05 ","movestome":"20.00 ","speed":"110.00 "},{"def":"1292.09 ","boom":"2421.82 ","hp":"11508.93 ","matk":"0.00 ","atk":"1015.22 ","M_Def":"815.86 ","id":46,"boomhurt":"21818.18 ","movevalue":"100.05 ","movestome":"20.00 ","speed":"110.00 "},{"def":"1329.51 ","boom":"2438.64 ","hp":"11824.17 ","matk":"0.00 ","atk":"1044.62 ","M_Def":"839.49 ","id":47,"boomhurt":"21969.70 ","movevalue":"100.05 ","movestome":"20.00 ","speed":"110.00 "},{"def":"1367.26 ","boom":"2455.45 ","hp":"12141.66 ","matk":"0.00 ","atk":"1074.27 ","M_Def":"863.33 ","id":48,"boomhurt":"22121.21 ","movevalue":"100.05 ","movestome":"20.00 ","speed":"110.00 "},{"def":"1405.32 ","boom":"2472.27 ","hp":"12461.40 ","matk":"0.00 ","atk":"1104.18 ","M_Def":"887.36 ","id":49,"boomhurt":"22272.73 ","movevalue":"100.05 ","movestome":"20.00 ","speed":"110.00 "},{"def":"1443.70 ","boom":"2489.09 ","hp":"12783.36 ","matk":"0.00 ","atk":"1134.33 ","M_Def":"911.59 ","id":50,"boomhurt":"22424.24 ","movevalue":"100.05 ","movestome":"20.00 ","speed":"110.00 "},{"def":"1482.39 ","boom":"2505.91 ","hp":"13107.51 ","matk":"0.00 ","atk":"1164.73 ","M_Def":"936.02 ","id":51,"boomhurt":"22575.76 ","movevalue":"100.05 ","movestome":"20.00 ","speed":"110.00 "},{"def":"1521.38 ","boom":"2522.73 ","hp":"13433.83 ","matk":"0.00 ","atk":"1195.37 ","M_Def":"960.64 ","id":52,"boomhurt":"22727.27 ","movevalue":"100.05 ","movestome":"20.00 ","speed":"110.00 "},{"def":"1560.69 ","boom":"2539.55 ","hp":"13762.31 ","matk":"0.00 ","atk":"1226.25 ","M_Def":"985.46 ","id":53,"boomhurt":"22878.79 ","movevalue":"100.05 ","movestome":"20.00 ","speed":"110.00 "},{"def":"1600.29 ","boom":"2556.36 ","hp":"14092.92 ","matk":"0.00 ","atk":"1257.37 ","M_Def":"1010.47 ","id":54,"boomhurt":"23030.30 ","movevalue":"100.05 ","movestome":"20.00 ","speed":"110.00 "},{"def":"1640.20 ","boom":"2573.18 ","hp":"14425.64 ","matk":"0.00 ","atk":"1288.73 ","M_Def":"1035.67 ","id":55,"boomhurt":"23181.82 ","movevalue":"100.05 ","movestome":"20.00 ","speed":"110.00 "},{"def":"1680.40 ","boom":"2590.00 ","hp":"14760.46 ","matk":"0.00 ","atk":"1320.32 ","M_Def":"1061.05 ","id":56,"boomhurt":"23333.33 ","movevalue":"100.05 ","movestome":"20.00 ","speed":"110.00 "},{"def":"1720.90 ","boom":"2606.82 ","hp":"15097.35 ","matk":"0.00 ","atk":"1352.14 ","M_Def":"1086.63 ","id":57,"boomhurt":"23484.85 ","movevalue":"100.05 ","movestome":"20.00 ","speed":"110.00 "},{"def":"1761.69 ","boom":"2623.64 ","hp":"15436.30 ","matk":"0.00 ","atk":"1384.19 ","M_Def":"1112.38 ","id":58,"boomhurt":"23636.36 ","movevalue":"100.05 ","movestome":"20.00 ","speed":"110.00 "},{"def":"1802.77 ","boom":"2640.45 ","hp":"15777.28 ","matk":"0.00 ","atk":"1416.46 ","M_Def":"1138.32 ","id":59,"boomhurt":"23787.88 ","movevalue":"100.05 ","movestome":"20.00 ","speed":"110.00 "},{"def":"1844.14 ","boom":"2657.27 ","hp":"16120.29 ","matk":"0.00 ","atk":"1448.97 ","M_Def":"1164.44 ","id":60,"boomhurt":"23939.39 ","movevalue":"100.05 ","movestome":"20.00 ","speed":"110.00 "}]