[{"def":"29.12 ","boom":"1840.00 ","hp":"294.00 ","matk":"46.08 ","atk":"0.00 ","M_Def":"59.27 ","id":1,"boomhurt":"15000.00 ","movevalue":"119.85 ","movestome":"8.00 ","speed":"79.20 "},{"def":"37.00 ","boom":"1858.59 ","hp":"394.38 ","matk":"58.55 ","atk":"0.00 ","M_Def":"75.30 ","id":2,"boomhurt":"15151.52 ","movevalue":"119.85 ","movestome":"8.00 ","speed":"79.20 "},{"def":"45.86 ","boom":"1877.17 ","hp":"502.68 ","matk":"72.56 ","atk":"0.00 ","M_Def":"93.34 ","id":3,"boomhurt":"15303.03 ","movevalue":"119.85 ","movestome":"8.00 ","speed":"79.20 "},{"def":"55.51 ","boom":"1895.76 ","hp":"617.40 ","matk":"87.84 ","atk":"0.00 ","M_Def":"112.98 ","id":4,"boomhurt":"15454.55 ","movevalue":"119.85 ","movestome":"8.00 ","speed":"79.20 "},{"def":"65.85 ","boom":"1914.34 ","hp":"737.65 ","matk":"104.20 ","atk":"0.00 ","M_Def":"134.03 ","id":5,"boomhurt":"15606.06 ","movevalue":"119.85 ","movestome":"8.00 ","speed":"79.20 "},{"def":"76.80 ","boom":"1932.93 ","hp":"862.84 ","matk":"121.53 ","atk":"0.00 ","M_Def":"156.31 ","id":6,"boomhurt":"15757.58 ","movevalue":"119.85 ","movestome":"8.00 ","speed":"79.20 "},{"def":"88.31 ","boom":"1951.52 ","hp":"992.55 ","matk":"139.74 ","atk":"0.00 ","M_Def":"179.74 ","id":7,"boomhurt":"15909.09 ","movevalue":"119.85 ","movestome":"8.00 ","speed":"79.20 "},{"def":"100.33 ","boom":"1970.10 ","hp":"1126.42 ","matk":"158.77 ","atk":"0.00 ","M_Def":"204.21 ","id":8,"boomhurt":"16060.61 ","movevalue":"119.85 ","movestome":"8.00 ","speed":"79.20 "},{"def":"112.84 ","boom":"1988.69 ","hp":"1264.20 ","matk":"178.56 ","atk":"0.00 ","M_Def":"229.67 ","id":9,"boomhurt":"16212.12 ","movevalue":"119.85 ","movestome":"8.00 ","speed":"79.20 "},{"def":"125.80 ","boom":"2007.27 ","hp":"1405.65 ","matk":"199.07 ","atk":"0.00 ","M_Def":"256.06 ","id":10,"boomhurt":"16363.64 ","movevalue":"119.85 ","movestome":"8.00 ","speed":"79.20 "},{"def":"139.20 ","boom":"2025.86 ","hp":"1550.60 ","matk":"220.27 ","atk":"0.00 ","M_Def":"283.32 ","id":11,"boomhurt":"16515.15 ","movevalue":"119.85 ","movestome":"8.00 ","speed":"79.20 "},{"def":"153.01 ","boom":"2044.44 ","hp":"1698.87 ","matk":"242.12 ","atk":"0.00 ","M_Def":"311.43 ","id":12,"boomhurt":"16666.67 ","movevalue":"119.85 ","movestome":"8.00 ","speed":"79.20 "},{"def":"167.21 ","boom":"2063.03 ","hp":"1850.32 ","matk":"264.59 ","atk":"0.00 ","M_Def":"340.33 ","id":13,"boomhurt":"16818.18 ","movevalue":"119.85 ","movestome":"8.00 ","speed":"79.20 "},{"def":"181.79 ","boom":"2081.62 ","hp":"2004.83 ","matk":"287.66 ","atk":"0.00 ","M_Def":"370.01 ","id":14,"boomhurt":"16969.70 ","movevalue":"119.85 ","movestome":"8.00 ","speed":"79.20 "},{"def":"196.73 ","boom":"2100.20 ","hp":"2162.29 ","matk":"311.31 ","atk":"0.00 ","M_Def":"400.43 ","id":15,"boomhurt":"17121.21 ","movevalue":"119.85 ","movestome":"8.00 ","speed":"79.20 "},{"def":"212.03 ","boom":"2118.79 ","hp":"2322.60 ","matk":"335.52 ","atk":"0.00 ","M_Def":"431.56 ","id":16,"boomhurt":"17272.73 ","movevalue":"119.85 ","movestome":"8.00 ","speed":"79.20 "},{"def":"227.67 ","boom":"2137.37 ","hp":"2485.66 ","matk":"360.27 ","atk":"0.00 ","M_Def":"463.39 ","id":17,"boomhurt":"17424.24 ","movevalue":"119.85 ","movestome":"8.00 ","speed":"79.20 "},{"def":"243.64 ","boom":"2155.96 ","hp":"2651.40 ","matk":"385.54 ","atk":"0.00 ","M_Def":"495.90 ","id":18,"boomhurt":"17575.76 ","movevalue":"119.85 ","movestome":"8.00 ","speed":"79.20 "},{"def":"259.93 ","boom":"2174.55 ","hp":"2819.74 ","matk":"411.32 ","atk":"0.00 ","M_Def":"529.06 ","id":19,"boomhurt":"17727.27 ","movevalue":"119.85 ","movestome":"8.00 ","speed":"79.20 "},{"def":"276.54 ","boom":"2193.13 ","hp":"2990.61 ","matk":"437.60 ","atk":"0.00 ","M_Def":"562.86 ","id":20,"boomhurt":"17878.79 ","movevalue":"119.85 ","movestome":"8.00 ","speed":"79.20 "},{"def":"293.45 ","boom":"2211.72 ","hp":"3163.94 ","matk":"464.35 ","atk":"0.00 ","M_Def":"597.28 ","id":21,"boomhurt":"18030.30 ","movevalue":"119.85 ","movestome":"8.00 ","speed":"79.20 "},{"def":"310.65 ","boom":"2230.30 ","hp":"3339.68 ","matk":"491.58 ","atk":"0.00 ","M_Def":"632.30 ","id":22,"boomhurt":"18181.82 ","movevalue":"119.85 ","movestome":"8.00 ","speed":"79.20 "},{"def":"328.15 ","boom":"2248.89 ","hp":"3517.77 ","matk":"519.28 ","atk":"0.00 ","M_Def":"667.92 ","id":23,"boomhurt":"18333.33 ","movevalue":"119.85 ","movestome":"8.00 ","speed":"79.20 "},{"def":"345.94 ","boom":"2267.47 ","hp":"3698.16 ","matk":"547.42 ","atk":"0.00 ","M_Def":"704.12 ","id":24,"boomhurt":"18484.85 ","movevalue":"119.85 ","movestome":"8.00 ","speed":"79.20 "},{"def":"364.00 ","boom":"2286.06 ","hp":"3880.80 ","matk":"576.00 ","atk":"0.00 ","M_Def":"740.88 ","id":25,"boomhurt":"18636.36 ","movevalue":"119.85 ","movestome":"8.00 ","speed":"79.20 "},{"def":"382.34 ","boom":"2304.65 ","hp":"4065.65 ","matk":"605.01 ","atk":"0.00 ","M_Def":"778.20 ","id":26,"boomhurt":"18787.88 ","movevalue":"119.85 ","movestome":"8.00 ","speed":"79.20 "},{"def":"400.94 ","boom":"2323.23 ","hp":"4252.65 ","matk":"634.45 ","atk":"0.00 ","M_Def":"816.06 ","id":27,"boomhurt":"18939.39 ","movevalue":"119.85 ","movestome":"8.00 ","speed":"79.20 "},{"def":"419.80 ","boom":"2341.82 ","hp":"4441.78 ","matk":"664.31 ","atk":"0.00 ","M_Def":"854.46 ","id":28,"boomhurt":"19090.91 ","movevalue":"119.85 ","movestome":"8.00 ","speed":"79.20 "},{"def":"438.93 ","boom":"2360.40 ","hp":"4633.00 ","matk":"694.57 ","atk":"0.00 ","M_Def":"893.39 ","id":29,"boomhurt":"19242.42 ","movevalue":"119.85 ","movestome":"8.00 ","speed":"79.20 "},{"def":"458.31 ","boom":"2378.99 ","hp":"4826.26 ","matk":"725.23 ","atk":"0.00 ","M_Def":"932.83 ","id":30,"boomhurt":"19393.94 ","movevalue":"119.85 ","movestome":"8.00 ","speed":"79.20 "},{"def":"477.93 ","boom":"2397.58 ","hp":"5021.53 ","matk":"756.29 ","atk":"0.00 ","M_Def":"972.78 ","id":31,"boomhurt":"19545.45 ","movevalue":"119.85 ","movestome":"8.00 ","speed":"79.20 "},{"def":"497.81 ","boom":"2416.16 ","hp":"5218.78 ","matk":"787.74 ","atk":"0.00 ","M_Def":"1013.23 ","id":32,"boomhurt":"19696.97 ","movevalue":"119.85 ","movestome":"8.00 ","speed":"79.20 "},{"def":"517.92 ","boom":"2434.75 ","hp":"5417.99 ","matk":"819.56 ","atk":"0.00 ","M_Def":"1054.16 ","id":33,"boomhurt":"19848.48 ","movevalue":"119.85 ","movestome":"8.00 ","speed":"79.20 "},{"def":"538.27 ","boom":"2453.33 ","hp":"5619.11 ","matk":"851.77 ","atk":"0.00 ","M_Def":"1095.59 ","id":34,"boomhurt":"20000.00 ","movevalue":"119.85 ","movestome":"8.00 ","speed":"79.20 "},{"def":"558.85 ","boom":"2471.92 ","hp":"5822.12 ","matk":"884.34 ","atk":"0.00 ","M_Def":"1137.48 ","id":35,"boomhurt":"20151.52 ","movevalue":"119.85 ","movestome":"8.00 ","speed":"79.20 "},{"def":"579.67 ","boom":"2490.51 ","hp":"6027.00 ","matk":"917.28 ","atk":"0.00 ","M_Def":"1179.85 ","id":36,"boomhurt":"20303.03 ","movevalue":"119.85 ","movestome":"8.00 ","speed":"79.20 "},{"def":"600.71 ","boom":"2509.09 ","hp":"6233.71 ","matk":"950.58 ","atk":"0.00 ","M_Def":"1222.68 ","id":37,"boomhurt":"20454.55 ","movevalue":"119.85 ","movestome":"8.00 ","speed":"79.20 "},{"def":"621.98 ","boom":"2527.68 ","hp":"6442.24 ","matk":"984.23 ","atk":"0.00 ","M_Def":"1265.97 ","id":38,"boomhurt":"20606.06 ","movevalue":"119.85 ","movestome":"8.00 ","speed":"79.20 "},{"def":"643.47 ","boom":"2546.26 ","hp":"6652.56 ","matk":"1018.24 ","atk":"0.00 ","M_Def":"1309.71 ","id":39,"boomhurt":"20757.58 ","movevalue":"119.85 ","movestome":"8.00 ","speed":"79.20 "},{"def":"665.18 ","boom":"2564.85 ","hp":"6864.64 ","matk":"1052.59 ","atk":"0.00 ","M_Def":"1353.89 ","id":40,"boomhurt":"20909.09 ","movevalue":"119.85 ","movestome":"8.00 ","speed":"79.20 "},{"def":"687.10 ","boom":"2583.43 ","hp":"7078.46 ","matk":"1087.28 ","atk":"0.00 ","M_Def":"1398.52 ","id":41,"boomhurt":"21060.61 ","movevalue":"119.85 ","movestome":"8.00 ","speed":"79.20 "},{"def":"709.24 ","boom":"2602.02 ","hp":"7294.01 ","matk":"1122.31 ","atk":"0.00 ","M_Def":"1443.57 ","id":42,"boomhurt":"21212.12 ","movevalue":"119.85 ","movestome":"8.00 ","speed":"79.20 "},{"def":"731.59 ","boom":"2620.61 ","hp":"7511.26 ","matk":"1157.67 ","atk":"0.00 ","M_Def":"1489.06 ","id":43,"boomhurt":"21363.64 ","movevalue":"119.85 ","movestome":"8.00 ","speed":"79.20 "},{"def":"754.14 ","boom":"2639.19 ","hp":"7730.19 ","matk":"1193.37 ","atk":"0.00 ","M_Def":"1534.97 ","id":44,"boomhurt":"21515.15 ","movevalue":"119.85 ","movestome":"8.00 ","speed":"79.20 "},{"def":"776.90 ","boom":"2657.78 ","hp":"7950.78 ","matk":"1229.38 ","atk":"0.00 ","M_Def":"1581.29 ","id":45,"boomhurt":"21666.67 ","movevalue":"119.85 ","movestome":"8.00 ","speed":"79.20 "},{"def":"799.87 ","boom":"2676.36 ","hp":"8173.01 ","matk":"1265.72 ","atk":"0.00 ","M_Def":"1628.04 ","id":46,"boomhurt":"21818.18 ","movevalue":"119.85 ","movestome":"8.00 ","speed":"79.20 "},{"def":"823.03 ","boom":"2694.95 ","hp":"8396.87 ","matk":"1302.38 ","atk":"0.00 ","M_Def":"1675.19 ","id":47,"boomhurt":"21969.70 ","movevalue":"119.85 ","movestome":"8.00 ","speed":"79.20 "},{"def":"846.40 ","boom":"2713.54 ","hp":"8622.34 ","matk":"1339.35 ","atk":"0.00 ","M_Def":"1722.75 ","id":48,"boomhurt":"22121.21 ","movevalue":"119.85 ","movestome":"8.00 ","speed":"79.20 "},{"def":"869.96 ","boom":"2732.12 ","hp":"8849.40 ","matk":"1376.64 ","atk":"0.00 ","M_Def":"1770.70 ","id":49,"boomhurt":"22272.73 ","movevalue":"119.85 ","movestome":"8.00 ","speed":"79.20 "},{"def":"893.72 ","boom":"2750.71 ","hp":"9078.03 ","matk":"1414.23 ","atk":"0.00 ","M_Def":"1819.06 ","id":50,"boomhurt":"22424.24 ","movevalue":"119.85 ","movestome":"8.00 ","speed":"79.20 "},{"def":"917.67 ","boom":"2769.29 ","hp":"9308.23 ","matk":"1452.13 ","atk":"0.00 ","M_Def":"1867.81 ","id":51,"boomhurt":"22575.76 ","movevalue":"119.85 ","movestome":"8.00 ","speed":"79.20 "},{"def":"941.81 ","boom":"2787.88 ","hp":"9539.97 ","matk":"1490.33 ","atk":"0.00 ","M_Def":"1916.94 ","id":52,"boomhurt":"22727.27 ","movevalue":"119.85 ","movestome":"8.00 ","speed":"79.20 "},{"def":"966.14 ","boom":"2806.46 ","hp":"9773.23 ","matk":"1528.84 ","atk":"0.00 ","M_Def":"1966.47 ","id":53,"boomhurt":"22878.79 ","movevalue":"119.85 ","movestome":"8.00 ","speed":"79.20 "},{"def":"990.66 ","boom":"2825.05 ","hp":"10008.01 ","matk":"1567.63 ","atk":"0.00 ","M_Def":"2016.37 ","id":54,"boomhurt":"23030.30 ","movevalue":"119.85 ","movestome":"8.00 ","speed":"79.20 "},{"def":"1015.36 ","boom":"2843.64 ","hp":"10244.30 ","matk":"1606.73 ","atk":"0.00 ","M_Def":"2066.65 ","id":55,"boomhurt":"23181.82 ","movevalue":"119.85 ","movestome":"8.00 ","speed":"79.20 "},{"def":"1040.25 ","boom":"2862.22 ","hp":"10482.06 ","matk":"1646.11 ","atk":"0.00 ","M_Def":"2117.31 ","id":56,"boomhurt":"23333.33 ","movevalue":"119.85 ","movestome":"8.00 ","speed":"79.20 "},{"def":"1065.32 ","boom":"2880.81 ","hp":"10721.31 ","matk":"1685.78 ","atk":"0.00 ","M_Def":"2168.34 ","id":57,"boomhurt":"23484.85 ","movevalue":"119.85 ","movestome":"8.00 ","speed":"79.20 "},{"def":"1090.57 ","boom":"2899.39 ","hp":"10962.01 ","matk":"1725.74 ","atk":"0.00 ","M_Def":"2219.73 ","id":58,"boomhurt":"23636.36 ","movevalue":"119.85 ","movestome":"8.00 ","speed":"79.20 "},{"def":"1116.00 ","boom":"2917.98 ","hp":"11204.16 ","matk":"1765.98 ","atk":"0.00 ","M_Def":"2271.49 ","id":59,"boomhurt":"23787.88 ","movevalue":"119.85 ","movestome":"8.00 ","speed":"79.20 "},{"def":"1141.61 ","boom":"2936.57 ","hp":"11447.74 ","matk":"1806.50 ","atk":"0.00 ","M_Def":"2323.61 ","id":60,"boomhurt":"23939.39 ","movevalue":"119.85 ","movestome":"8.00 ","speed":"79.20 "}]