[{"def":"32.37 ","boom":"2100.00 ","hp":"170.00 ","matk":"0.00 ","atk":"43.68 ","M_Def":"45.70 ","id":1,"boomhurt":"22500.00 ","movevalue":"80.00 ","movestome":"20.00 ","speed":"100.00 "},{"def":"41.12 ","boom":"2121.21 ","hp":"228.04 ","matk":"0.00 ","atk":"55.50 ","M_Def":"58.06 ","id":2,"boomhurt":"22727.27 ","movevalue":"80.00 ","movestome":"20.00 ","speed":"100.00 "},{"def":"50.97 ","boom":"2142.42 ","hp":"290.67 ","matk":"0.00 ","atk":"68.79 ","M_Def":"71.96 ","id":3,"boomhurt":"22954.55 ","movevalue":"80.00 ","movestome":"20.00 ","speed":"100.00 "},{"def":"61.70 ","boom":"2163.64 ","hp":"357.00 ","matk":"0.00 ","atk":"83.27 ","M_Def":"87.11 ","id":4,"boomhurt":"23181.82 ","movevalue":"80.00 ","movestome":"20.00 ","speed":"100.00 "},{"def":"73.19 ","boom":"2184.85 ","hp":"426.53 ","matk":"0.00 ","atk":"98.77 ","M_Def":"103.33 ","id":5,"boomhurt":"23409.09 ","movevalue":"80.00 ","movestome":"20.00 ","speed":"100.00 "},{"def":"85.36 ","boom":"2206.06 ","hp":"498.92 ","matk":"0.00 ","atk":"115.20 ","M_Def":"120.51 ","id":6,"boomhurt":"23636.36 ","movevalue":"80.00 ","movestome":"20.00 ","speed":"100.00 "},{"def":"98.16 ","boom":"2227.27 ","hp":"573.92 ","matk":"0.00 ","atk":"132.46 ","M_Def":"138.57 ","id":7,"boomhurt":"23863.64 ","movevalue":"80.00 ","movestome":"20.00 ","speed":"100.00 "},{"def":"111.52 ","boom":"2248.48 ","hp":"651.33 ","matk":"0.00 ","atk":"150.50 ","M_Def":"157.44 ","id":8,"boomhurt":"24090.91 ","movevalue":"80.00 ","movestome":"20.00 ","speed":"100.00 "},{"def":"125.43 ","boom":"2269.70 ","hp":"731.00 ","matk":"0.00 ","atk":"169.26 ","M_Def":"177.07 ","id":9,"boomhurt":"24318.18 ","movevalue":"80.00 ","movestome":"20.00 ","speed":"100.00 "},{"def":"139.84 ","boom":"2290.91 ","hp":"812.79 ","matk":"0.00 ","atk":"188.71 ","M_Def":"197.41 ","id":10,"boomhurt":"24545.45 ","movevalue":"80.00 ","movestome":"20.00 ","speed":"100.00 "},{"def":"154.72 ","boom":"2312.12 ","hp":"896.60 ","matk":"0.00 ","atk":"208.80 ","M_Def":"218.44 ","id":11,"boomhurt":"24772.73 ","movevalue":"80.00 ","movestome":"20.00 ","speed":"100.00 "},{"def":"170.07 ","boom":"2333.33 ","hp":"982.34 ","matk":"0.00 ","atk":"229.51 ","M_Def":"240.10 ","id":12,"boomhurt":"25000.00 ","movevalue":"80.00 ","movestome":"20.00 ","speed":"100.00 "},{"def":"185.86 ","boom":"2354.55 ","hp":"1069.91 ","matk":"0.00 ","atk":"250.81 ","M_Def":"262.39 ","id":13,"boomhurt":"25227.27 ","movevalue":"80.00 ","movestome":"20.00 ","speed":"100.00 "},{"def":"202.06 ","boom":"2375.76 ","hp":"1159.26 ","matk":"0.00 ","atk":"272.68 ","M_Def":"285.27 ","id":14,"boomhurt":"25454.55 ","movevalue":"80.00 ","movestome":"20.00 ","speed":"100.00 "},{"def":"218.68 ","boom":"2396.97 ","hp":"1250.31 ","matk":"0.00 ","atk":"295.10 ","M_Def":"308.72 ","id":15,"boomhurt":"25681.82 ","movevalue":"80.00 ","movestome":"20.00 ","speed":"100.00 "},{"def":"235.68 ","boom":"2418.18 ","hp":"1343.00 ","matk":"0.00 ","atk":"318.04 ","M_Def":"332.72 ","id":16,"boomhurt":"25909.09 ","movevalue":"80.00 ","movestome":"20.00 ","speed":"100.00 "},{"def":"253.06 ","boom":"2439.39 ","hp":"1437.29 ","matk":"0.00 ","atk":"341.50 ","M_Def":"357.27 ","id":17,"boomhurt":"26136.36 ","movevalue":"80.00 ","movestome":"20.00 ","speed":"100.00 "},{"def":"270.81 ","boom":"2460.61 ","hp":"1533.12 ","matk":"0.00 ","atk":"365.46 ","M_Def":"382.33 ","id":18,"boomhurt":"26363.64 ","movevalue":"80.00 ","movestome":"20.00 ","speed":"100.00 "},{"def":"288.92 ","boom":"2481.82 ","hp":"1630.46 ","matk":"0.00 ","atk":"389.90 ","M_Def":"407.89 ","id":19,"boomhurt":"26590.91 ","movevalue":"80.00 ","movestome":"20.00 ","speed":"100.00 "},{"def":"307.38 ","boom":"2503.03 ","hp":"1729.26 ","matk":"0.00 ","atk":"414.80 ","M_Def":"433.95 ","id":20,"boomhurt":"26818.18 ","movevalue":"80.00 ","movestome":"20.00 ","speed":"100.00 "},{"def":"326.18 ","boom":"2524.24 ","hp":"1829.49 ","matk":"0.00 ","atk":"440.17 ","M_Def":"460.48 ","id":21,"boomhurt":"27045.45 ","movevalue":"80.00 ","movestome":"20.00 ","speed":"100.00 "},{"def":"345.30 ","boom":"2545.45 ","hp":"1931.11 ","matk":"0.00 ","atk":"465.98 ","M_Def":"487.49 ","id":22,"boomhurt":"27272.73 ","movevalue":"80.00 ","movestome":"20.00 ","speed":"100.00 "},{"def":"364.76 ","boom":"2566.67 ","hp":"2034.09 ","matk":"0.00 ","atk":"492.23 ","M_Def":"514.95 ","id":23,"boomhurt":"27500.00 ","movevalue":"80.00 ","movestome":"20.00 ","speed":"100.00 "},{"def":"384.52 ","boom":"2587.88 ","hp":"2138.39 ","matk":"0.00 ","atk":"518.91 ","M_Def":"542.86 ","id":24,"boomhurt":"27727.27 ","movevalue":"80.00 ","movestome":"20.00 ","speed":"100.00 "},{"def":"404.60 ","boom":"2609.09 ","hp":"2244.00 ","matk":"0.00 ","atk":"546.00 ","M_Def":"571.20 ","id":25,"boomhurt":"27954.55 ","movevalue":"80.00 ","movestome":"20.00 ","speed":"100.00 "},{"def":"424.98 ","boom":"2630.30 ","hp":"2350.88 ","matk":"0.00 ","atk":"573.50 ","M_Def":"599.97 ","id":26,"boomhurt":"28181.82 ","movevalue":"80.00 ","movestome":"20.00 ","speed":"100.00 "},{"def":"445.66 ","boom":"2651.52 ","hp":"2459.02 ","matk":"0.00 ","atk":"601.41 ","M_Def":"629.17 ","id":27,"boomhurt":"28409.09 ","movevalue":"80.00 ","movestome":"20.00 ","speed":"100.00 "},{"def":"466.63 ","boom":"2672.73 ","hp":"2568.38 ","matk":"0.00 ","atk":"629.71 ","M_Def":"658.77 ","id":28,"boomhurt":"28636.36 ","movevalue":"80.00 ","movestome":"20.00 ","speed":"100.00 "},{"def":"487.89 ","boom":"2693.94 ","hp":"2678.94 ","matk":"0.00 ","atk":"658.39 ","M_Def":"688.78 ","id":29,"boomhurt":"28863.64 ","movevalue":"80.00 ","movestome":"20.00 ","speed":"100.00 "},{"def":"509.43 ","boom":"2715.15 ","hp":"2790.69 ","matk":"0.00 ","atk":"687.46 ","M_Def":"719.19 ","id":30,"boomhurt":"29090.91 ","movevalue":"80.00 ","movestome":"20.00 ","speed":"100.00 "},{"def":"531.24 ","boom":"2736.36 ","hp":"2903.61 ","matk":"0.00 ","atk":"716.90 ","M_Def":"749.99 ","id":31,"boomhurt":"29318.18 ","movevalue":"80.00 ","movestome":"20.00 ","speed":"100.00 "},{"def":"553.33 ","boom":"2757.58 ","hp":"3017.66 ","matk":"0.00 ","atk":"746.71 ","M_Def":"781.17 ","id":32,"boomhurt":"29545.45 ","movevalue":"80.00 ","movestome":"20.00 ","speed":"100.00 "},{"def":"575.69 ","boom":"2778.79 ","hp":"3132.85 ","matk":"0.00 ","atk":"776.88 ","M_Def":"812.73 ","id":33,"boomhurt":"29772.73 ","movevalue":"80.00 ","movestome":"20.00 ","speed":"100.00 "},{"def":"598.31 ","boom":"2800.00 ","hp":"3249.15 ","matk":"0.00 ","atk":"807.40 ","M_Def":"844.67 ","id":34,"boomhurt":"30000.00 ","movevalue":"80.00 ","movestome":"20.00 ","speed":"100.00 "},{"def":"621.19 ","boom":"2821.21 ","hp":"3366.53 ","matk":"0.00 ","atk":"838.28 ","M_Def":"876.97 ","id":35,"boomhurt":"30227.27 ","movevalue":"80.00 ","movestome":"20.00 ","speed":"100.00 "},{"def":"644.33 ","boom":"2842.42 ","hp":"3485.00 ","matk":"0.00 ","atk":"869.51 ","M_Def":"909.64 ","id":36,"boomhurt":"30454.55 ","movevalue":"80.00 ","movestome":"20.00 ","speed":"100.00 "},{"def":"667.72 ","boom":"2863.64 ","hp":"3604.53 ","matk":"0.00 ","atk":"901.07 ","M_Def":"942.66 ","id":37,"boomhurt":"30681.82 ","movevalue":"80.00 ","movestome":"20.00 ","speed":"100.00 "},{"def":"691.36 ","boom":"2884.85 ","hp":"3725.11 ","matk":"0.00 ","atk":"932.97 ","M_Def":"976.03 ","id":38,"boomhurt":"30909.09 ","movevalue":"80.00 ","movestome":"20.00 ","speed":"100.00 "},{"def":"715.24 ","boom":"2906.06 ","hp":"3846.72 ","matk":"0.00 ","atk":"965.20 ","M_Def":"1009.75 ","id":39,"boomhurt":"31136.36 ","movevalue":"80.00 ","movestome":"20.00 ","speed":"100.00 "},{"def":"739.37 ","boom":"2927.27 ","hp":"3969.35 ","matk":"0.00 ","atk":"997.77 ","M_Def":"1043.82 ","id":40,"boomhurt":"31363.64 ","movevalue":"80.00 ","movestome":"20.00 ","speed":"100.00 "},{"def":"763.74 ","boom":"2948.48 ","hp":"4092.99 ","matk":"0.00 ","atk":"1030.65 ","M_Def":"1078.22 ","id":41,"boomhurt":"31590.91 ","movevalue":"80.00 ","movestome":"20.00 ","speed":"100.00 "},{"def":"788.35 ","boom":"2969.70 ","hp":"4217.62 ","matk":"0.00 ","atk":"1063.86 ","M_Def":"1112.96 ","id":42,"boomhurt":"31818.18 ","movevalue":"80.00 ","movestome":"20.00 ","speed":"100.00 "},{"def":"813.19 ","boom":"2990.91 ","hp":"4343.24 ","matk":"0.00 ","atk":"1097.38 ","M_Def":"1148.03 ","id":43,"boomhurt":"32045.45 ","movevalue":"80.00 ","movestome":"20.00 ","speed":"100.00 "},{"def":"838.26 ","boom":"3012.12 ","hp":"4469.84 ","matk":"0.00 ","atk":"1131.21 ","M_Def":"1183.42 ","id":44,"boomhurt":"32272.73 ","movevalue":"80.00 ","movestome":"20.00 ","speed":"100.00 "},{"def":"863.56 ","boom":"3033.33 ","hp":"4597.39 ","matk":"0.00 ","atk":"1165.35 ","M_Def":"1219.14 ","id":45,"boomhurt":"32500.00 ","movevalue":"80.00 ","movestome":"20.00 ","speed":"100.00 "},{"def":"889.08 ","boom":"3054.55 ","hp":"4725.89 ","matk":"0.00 ","atk":"1199.80 ","M_Def":"1255.18 ","id":46,"boomhurt":"32727.27 ","movevalue":"80.00 ","movestome":"20.00 ","speed":"100.00 "},{"def":"914.83 ","boom":"3075.76 ","hp":"4855.33 ","matk":"0.00 ","atk":"1234.55 ","M_Def":"1291.53 ","id":47,"boomhurt":"32954.55 ","movevalue":"80.00 ","movestome":"20.00 ","speed":"100.00 "},{"def":"940.80 ","boom":"3096.97 ","hp":"4985.71 ","matk":"0.00 ","atk":"1269.60 ","M_Def":"1328.19 ","id":48,"boomhurt":"33181.82 ","movevalue":"80.00 ","movestome":"20.00 ","speed":"100.00 "},{"def":"966.99 ","boom":"3118.18 ","hp":"5117.00 ","matk":"0.00 ","atk":"1304.94 ","M_Def":"1365.17 ","id":49,"boomhurt":"33409.09 ","movevalue":"80.00 ","movestome":"20.00 ","speed":"100.00 "},{"def":"993.40 ","boom":"3139.39 ","hp":"5249.20 ","matk":"0.00 ","atk":"1340.58 ","M_Def":"1402.45 ","id":50,"boomhurt":"33636.36 ","movevalue":"80.00 ","movestome":"20.00 ","speed":"100.00 "},{"def":"1020.02 ","boom":"3160.61 ","hp":"5382.31 ","matk":"0.00 ","atk":"1376.50 ","M_Def":"1440.03 ","id":51,"boomhurt":"33863.64 ","movevalue":"80.00 ","movestome":"20.00 ","speed":"100.00 "},{"def":"1046.86 ","boom":"3181.82 ","hp":"5516.31 ","matk":"0.00 ","atk":"1412.71 ","M_Def":"1477.92 ","id":52,"boomhurt":"34090.91 ","movevalue":"80.00 ","movestome":"20.00 ","speed":"100.00 "},{"def":"1073.90 ","boom":"3203.03 ","hp":"5651.19 ","matk":"0.00 ","atk":"1449.21 ","M_Def":"1516.10 ","id":53,"boomhurt":"34318.18 ","movevalue":"80.00 ","movestome":"20.00 ","speed":"100.00 "},{"def":"1101.15 ","boom":"3224.24 ","hp":"5786.95 ","matk":"0.00 ","atk":"1485.99 ","M_Def":"1554.57 ","id":54,"boomhurt":"34545.45 ","movevalue":"80.00 ","movestome":"20.00 ","speed":"100.00 "},{"def":"1128.61 ","boom":"3245.45 ","hp":"5923.57 ","matk":"0.00 ","atk":"1523.04 ","M_Def":"1593.34 ","id":55,"boomhurt":"34772.73 ","movevalue":"80.00 ","movestome":"20.00 ","speed":"100.00 "},{"def":"1156.28 ","boom":"3266.67 ","hp":"6061.06 ","matk":"0.00 ","atk":"1560.37 ","M_Def":"1632.39 ","id":56,"boomhurt":"35000.00 ","movevalue":"80.00 ","movestome":"20.00 ","speed":"100.00 "},{"def":"1184.14 ","boom":"3287.88 ","hp":"6199.39 ","matk":"0.00 ","atk":"1597.98 ","M_Def":"1671.73 ","id":57,"boomhurt":"35227.27 ","movevalue":"80.00 ","movestome":"20.00 ","speed":"100.00 "},{"def":"1212.21 ","boom":"3309.09 ","hp":"6338.58 ","matk":"0.00 ","atk":"1635.86 ","M_Def":"1711.36 ","id":58,"boomhurt":"35454.55 ","movevalue":"80.00 ","movestome":"20.00 ","speed":"100.00 "},{"def":"1240.48 ","boom":"3330.30 ","hp":"6478.59 ","matk":"0.00 ","atk":"1674.00 ","M_Def":"1751.26 ","id":59,"boomhurt":"35681.82 ","movevalue":"80.00 ","movestome":"20.00 ","speed":"100.00 "},{"def":"1268.94 ","boom":"3351.52 ","hp":"6619.44 ","matk":"0.00 ","atk":"1712.41 ","M_Def":"1791.45 ","id":60,"boomhurt":"35909.09 ","movevalue":"80.00 ","movestome":"20.00 ","speed":"100.00 "}]