[{"def":"49.39 ","boom":"1757.50 ","hp":"378.00 ","matk":"0.00 ","atk":"40.48 ","M_Def":"34.94 ","id":1,"boomhurt":"15000.00 ","movevalue":"100.05 ","movestome":"20.00 ","speed":"101.20 "},{"def":"62.75 ","boom":"1775.25 ","hp":"507.06 ","matk":"0.00 ","atk":"51.43 ","M_Def":"44.40 ","id":2,"boomhurt":"15151.52 ","movevalue":"100.05 ","movestome":"20.00 ","speed":"101.20 "},{"def":"77.78 ","boom":"1793.01 ","hp":"646.31 ","matk":"0.00 ","atk":"63.75 ","M_Def":"55.03 ","id":3,"boomhurt":"15303.03 ","movevalue":"100.05 ","movestome":"20.00 ","speed":"101.20 "},{"def":"94.15 ","boom":"1810.76 ","hp":"793.80 ","matk":"0.00 ","atk":"77.17 ","M_Def":"66.61 ","id":4,"boomhurt":"15454.55 ","movevalue":"100.05 ","movestome":"20.00 ","speed":"101.20 "},{"def":"111.69 ","boom":"1828.51 ","hp":"948.41 ","matk":"0.00 ","atk":"91.54 ","M_Def":"79.02 ","id":5,"boomhurt":"15606.06 ","movevalue":"100.05 ","movestome":"20.00 ","speed":"101.20 "},{"def":"130.26 ","boom":"1846.26 ","hp":"1109.37 ","matk":"0.00 ","atk":"106.76 ","M_Def":"92.16 ","id":6,"boomhurt":"15757.58 ","movevalue":"100.05 ","movestome":"20.00 ","speed":"101.20 "},{"def":"149.78 ","boom":"1864.02 ","hp":"1276.13 ","matk":"0.00 ","atk":"122.76 ","M_Def":"105.97 ","id":7,"boomhurt":"15909.09 ","movevalue":"100.05 ","movestome":"20.00 ","speed":"101.20 "},{"def":"170.18 ","boom":"1881.77 ","hp":"1448.26 ","matk":"0.00 ","atk":"139.47 ","M_Def":"120.40 ","id":8,"boomhurt":"16060.61 ","movevalue":"100.05 ","movestome":"20.00 ","speed":"101.20 "},{"def":"191.39 ","boom":"1899.52 ","hp":"1625.40 ","matk":"0.00 ","atk":"156.86 ","M_Def":"135.41 ","id":9,"boomhurt":"16212.12 ","movevalue":"100.05 ","movestome":"20.00 ","speed":"101.20 "},{"def":"213.38 ","boom":"1917.27 ","hp":"1807.27 ","matk":"0.00 ","atk":"174.88 ","M_Def":"150.96 ","id":10,"boomhurt":"16363.64 ","movevalue":"100.05 ","movestome":"20.00 ","speed":"101.20 "},{"def":"236.10 ","boom":"1935.03 ","hp":"1993.63 ","matk":"0.00 ","atk":"193.50 ","M_Def":"167.04 ","id":11,"boomhurt":"16515.15 ","movevalue":"100.05 ","movestome":"20.00 ","speed":"101.20 "},{"def":"259.52 ","boom":"1952.78 ","hp":"2184.26 ","matk":"0.00 ","atk":"212.70 ","M_Def":"183.61 ","id":12,"boomhurt":"16666.67 ","movevalue":"100.05 ","movestome":"20.00 ","speed":"101.20 "},{"def":"283.61 ","boom":"1970.53 ","hp":"2378.98 ","matk":"0.00 ","atk":"232.44 ","M_Def":"200.65 ","id":13,"boomhurt":"16818.18 ","movevalue":"100.05 ","movestome":"20.00 ","speed":"101.20 "},{"def":"308.34 ","boom":"1988.28 ","hp":"2577.64 ","matk":"0.00 ","atk":"252.70 ","M_Def":"218.14 ","id":14,"boomhurt":"16969.70 ","movevalue":"100.05 ","movestome":"20.00 ","speed":"101.20 "},{"def":"333.69 ","boom":"2006.04 ","hp":"2780.09 ","matk":"0.00 ","atk":"273.48 ","M_Def":"236.08 ","id":15,"boomhurt":"17121.21 ","movevalue":"100.05 ","movestome":"20.00 ","speed":"101.20 "},{"def":"359.64 ","boom":"2023.79 ","hp":"2986.20 ","matk":"0.00 ","atk":"294.74 ","M_Def":"254.44 ","id":16,"boomhurt":"17272.73 ","movevalue":"100.05 ","movestome":"20.00 ","speed":"101.20 "},{"def":"386.16 ","boom":"2041.54 ","hp":"3195.85 ","matk":"0.00 ","atk":"316.48 ","M_Def":"273.20 ","id":17,"boomhurt":"17424.24 ","movevalue":"100.05 ","movestome":"20.00 ","speed":"101.20 "},{"def":"413.25 ","boom":"2059.29 ","hp":"3408.95 ","matk":"0.00 ","atk":"338.68 ","M_Def":"292.37 ","id":18,"boomhurt":"17575.76 ","movevalue":"100.05 ","movestome":"20.00 ","speed":"101.20 "},{"def":"440.88 ","boom":"2077.05 ","hp":"3625.38 ","matk":"0.00 ","atk":"361.33 ","M_Def":"311.92 ","id":19,"boomhurt":"17727.27 ","movevalue":"100.05 ","movestome":"20.00 ","speed":"101.20 "},{"def":"469.05 ","boom":"2094.80 ","hp":"3845.07 ","matk":"0.00 ","atk":"384.42 ","M_Def":"331.84 ","id":20,"boomhurt":"17878.79 ","movevalue":"100.05 ","movestome":"20.00 ","speed":"101.20 "},{"def":"497.73 ","boom":"2112.55 ","hp":"4067.92 ","matk":"0.00 ","atk":"407.92 ","M_Def":"352.14 ","id":21,"boomhurt":"18030.30 ","movevalue":"100.05 ","movestome":"20.00 ","speed":"101.20 "},{"def":"526.92 ","boom":"2130.30 ","hp":"4293.87 ","matk":"0.00 ","atk":"431.84 ","M_Def":"372.79 ","id":22,"boomhurt":"18181.82 ","movevalue":"100.05 ","movestome":"20.00 ","speed":"101.20 "},{"def":"556.60 ","boom":"2148.06 ","hp":"4522.85 ","matk":"0.00 ","atk":"456.17 ","M_Def":"393.78 ","id":23,"boomhurt":"18333.33 ","movevalue":"100.05 ","movestome":"20.00 ","speed":"101.20 "},{"def":"586.76 ","boom":"2165.81 ","hp":"4754.78 ","matk":"0.00 ","atk":"480.89 ","M_Def":"415.12 ","id":24,"boomhurt":"18484.85 ","movevalue":"100.05 ","movestome":"20.00 ","speed":"101.20 "},{"def":"617.40 ","boom":"2183.56 ","hp":"4989.60 ","matk":"0.00 ","atk":"506.00 ","M_Def":"436.80 ","id":25,"boomhurt":"18636.36 ","movevalue":"100.05 ","movestome":"20.00 ","speed":"101.20 "},{"def":"648.50 ","boom":"2201.31 ","hp":"5227.26 ","matk":"0.00 ","atk":"531.49 ","M_Def":"458.80 ","id":26,"boomhurt":"18787.88 ","movevalue":"100.05 ","movestome":"20.00 ","speed":"101.20 "},{"def":"680.05 ","boom":"2219.07 ","hp":"5467.70 ","matk":"0.00 ","atk":"557.35 ","M_Def":"481.13 ","id":27,"boomhurt":"18939.39 ","movevalue":"100.05 ","movestome":"20.00 ","speed":"101.20 "},{"def":"712.05 ","boom":"2236.82 ","hp":"5710.86 ","matk":"0.00 ","atk":"583.58 ","M_Def":"503.77 ","id":28,"boomhurt":"19090.91 ","movevalue":"100.05 ","movestome":"20.00 ","speed":"101.20 "},{"def":"744.49 ","boom":"2254.57 ","hp":"5956.71 ","matk":"0.00 ","atk":"610.16 ","M_Def":"526.71 ","id":29,"boomhurt":"19242.42 ","movevalue":"100.05 ","movestome":"20.00 ","speed":"101.20 "},{"def":"777.36 ","boom":"2272.32 ","hp":"6205.19 ","matk":"0.00 ","atk":"637.10 ","M_Def":"549.97 ","id":30,"boomhurt":"19393.94 ","movevalue":"100.05 ","movestome":"20.00 ","speed":"101.20 "},{"def":"810.65 ","boom":"2290.08 ","hp":"6456.25 ","matk":"0.00 ","atk":"664.38 ","M_Def":"573.52 ","id":31,"boomhurt":"19545.45 ","movevalue":"100.05 ","movestome":"20.00 ","speed":"101.20 "},{"def":"844.35 ","boom":"2307.83 ","hp":"6709.87 ","matk":"0.00 ","atk":"692.00 ","M_Def":"597.37 ","id":32,"boomhurt":"19696.97 ","movevalue":"100.05 ","movestome":"20.00 ","speed":"101.20 "},{"def":"878.47 ","boom":"2325.58 ","hp":"6965.98 ","matk":"0.00 ","atk":"719.96 ","M_Def":"621.50 ","id":33,"boomhurt":"19848.48 ","movevalue":"100.05 ","movestome":"20.00 ","speed":"101.20 "},{"def":"912.99 ","boom":"2343.33 ","hp":"7224.57 ","matk":"0.00 ","atk":"748.25 ","M_Def":"645.92 ","id":34,"boomhurt":"20000.00 ","movevalue":"100.05 ","movestome":"20.00 ","speed":"101.20 "},{"def":"947.90 ","boom":"2361.09 ","hp":"7485.59 ","matk":"0.00 ","atk":"776.87 ","M_Def":"670.63 ","id":35,"boomhurt":"20151.52 ","movevalue":"100.05 ","movestome":"20.00 ","speed":"101.20 "},{"def":"983.21 ","boom":"2378.84 ","hp":"7749.00 ","matk":"0.00 ","atk":"805.81 ","M_Def":"695.60 ","id":36,"boomhurt":"20303.03 ","movevalue":"100.05 ","movestome":"20.00 ","speed":"101.20 "},{"def":"1018.90 ","boom":"2396.59 ","hp":"8014.78 ","matk":"0.00 ","atk":"835.06 ","M_Def":"720.86 ","id":37,"boomhurt":"20454.55 ","movevalue":"100.05 ","movestome":"20.00 ","speed":"101.20 "},{"def":"1054.98 ","boom":"2414.34 ","hp":"8282.88 ","matk":"0.00 ","atk":"864.62 ","M_Def":"746.38 ","id":38,"boomhurt":"20606.06 ","movevalue":"100.05 ","movestome":"20.00 ","speed":"101.20 "},{"def":"1091.42 ","boom":"2432.10 ","hp":"8553.29 ","matk":"0.00 ","atk":"894.49 ","M_Def":"772.16 ","id":39,"boomhurt":"20757.58 ","movevalue":"100.05 ","movestome":"20.00 ","speed":"101.20 "},{"def":"1128.24 ","boom":"2449.85 ","hp":"8825.96 ","matk":"0.00 ","atk":"924.67 ","M_Def":"798.21 ","id":40,"boomhurt":"20909.09 ","movevalue":"100.05 ","movestome":"20.00 ","speed":"101.20 "},{"def":"1165.43 ","boom":"2467.60 ","hp":"9100.88 ","matk":"0.00 ","atk":"955.15 ","M_Def":"824.52 ","id":41,"boomhurt":"21060.61 ","movevalue":"100.05 ","movestome":"20.00 ","speed":"101.20 "},{"def":"1202.98 ","boom":"2485.35 ","hp":"9378.01 ","matk":"0.00 ","atk":"985.92 ","M_Def":"851.09 ","id":42,"boomhurt":"21212.12 ","movevalue":"100.05 ","movestome":"20.00 ","speed":"101.20 "},{"def":"1240.88 ","boom":"2503.11 ","hp":"9657.33 ","matk":"0.00 ","atk":"1016.98 ","M_Def":"877.90 ","id":43,"boomhurt":"21363.64 ","movevalue":"100.05 ","movestome":"20.00 ","speed":"101.20 "},{"def":"1279.14 ","boom":"2520.86 ","hp":"9938.81 ","matk":"0.00 ","atk":"1048.34 ","M_Def":"904.97 ","id":44,"boomhurt":"21515.15 ","movevalue":"100.05 ","movestome":"20.00 ","speed":"101.20 "},{"def":"1317.75 ","boom":"2538.61 ","hp":"10222.43 ","matk":"0.00 ","atk":"1079.98 ","M_Def":"932.28 ","id":45,"boomhurt":"21666.67 ","movevalue":"100.05 ","movestome":"20.00 ","speed":"101.20 "},{"def":"1356.70 ","boom":"2556.36 ","hp":"10508.16 ","matk":"0.00 ","atk":"1111.90 ","M_Def":"959.84 ","id":46,"boomhurt":"21818.18 ","movevalue":"100.05 ","movestome":"20.00 ","speed":"101.20 "},{"def":"1395.99 ","boom":"2574.12 ","hp":"10795.98 ","matk":"0.00 ","atk":"1144.11 ","M_Def":"987.64 ","id":47,"boomhurt":"21969.70 ","movevalue":"100.05 ","movestome":"20.00 ","speed":"101.20 "},{"def":"1435.62 ","boom":"2591.87 ","hp":"11085.87 ","matk":"0.00 ","atk":"1176.59 ","M_Def":"1015.68 ","id":48,"boomhurt":"22121.21 ","movevalue":"100.05 ","movestome":"20.00 ","speed":"101.20 "},{"def":"1475.59 ","boom":"2609.62 ","hp":"11377.80 ","matk":"0.00 ","atk":"1209.34 ","M_Def":"1043.95 ","id":49,"boomhurt":"22272.73 ","movevalue":"100.05 ","movestome":"20.00 ","speed":"101.20 "},{"def":"1515.88 ","boom":"2627.37 ","hp":"11671.76 ","matk":"0.00 ","atk":"1242.37 ","M_Def":"1072.46 ","id":50,"boomhurt":"22424.24 ","movevalue":"100.05 ","movestome":"20.00 ","speed":"101.20 "},{"def":"1556.51 ","boom":"2645.13 ","hp":"11967.72 ","matk":"0.00 ","atk":"1275.66 ","M_Def":"1101.20 ","id":51,"boomhurt":"22575.76 ","movevalue":"100.05 ","movestome":"20.00 ","speed":"101.20 "},{"def":"1597.45 ","boom":"2662.88 ","hp":"12265.67 ","matk":"0.00 ","atk":"1309.22 ","M_Def":"1130.17 ","id":52,"boomhurt":"22727.27 ","movevalue":"100.05 ","movestome":"20.00 ","speed":"101.20 "},{"def":"1638.72 ","boom":"2680.63 ","hp":"12565.59 ","matk":"0.00 ","atk":"1343.04 ","M_Def":"1159.37 ","id":53,"boomhurt":"22878.79 ","movevalue":"100.05 ","movestome":"20.00 ","speed":"101.20 "},{"def":"1680.31 ","boom":"2698.38 ","hp":"12867.45 ","matk":"0.00 ","atk":"1377.12 ","M_Def":"1188.79 ","id":54,"boomhurt":"23030.30 ","movevalue":"100.05 ","movestome":"20.00 ","speed":"101.20 "},{"def":"1722.21 ","boom":"2716.14 ","hp":"13171.24 ","matk":"0.00 ","atk":"1411.46 ","M_Def":"1218.43 ","id":55,"boomhurt":"23181.82 ","movevalue":"100.05 ","movestome":"20.00 ","speed":"101.20 "},{"def":"1764.42 ","boom":"2733.89 ","hp":"13476.94 ","matk":"0.00 ","atk":"1446.06 ","M_Def":"1248.30 ","id":56,"boomhurt":"23333.33 ","movevalue":"100.05 ","movestome":"20.00 ","speed":"101.20 "},{"def":"1806.95 ","boom":"2751.64 ","hp":"13784.54 ","matk":"0.00 ","atk":"1480.91 ","M_Def":"1278.38 ","id":57,"boomhurt":"23484.85 ","movevalue":"100.05 ","movestome":"20.00 ","speed":"101.20 "},{"def":"1849.78 ","boom":"2769.39 ","hp":"14094.01 ","matk":"0.00 ","atk":"1516.01 ","M_Def":"1308.69 ","id":58,"boomhurt":"23636.36 ","movevalue":"100.05 ","movestome":"20.00 ","speed":"101.20 "},{"def":"1892.91 ","boom":"2787.15 ","hp":"14405.35 ","matk":"0.00 ","atk":"1551.36 ","M_Def":"1339.20 ","id":59,"boomhurt":"23787.88 ","movevalue":"100.05 ","movestome":"20.00 ","speed":"101.20 "},{"def":"1936.35 ","boom":"2804.90 ","hp":"14718.53 ","matk":"0.00 ","atk":"1586.96 ","M_Def":"1369.93 ","id":60,"boomhurt":"23939.39 ","movevalue":"100.05 ","movestome":"20.00 ","speed":"101.20 "}]