[{"def":"41.89 ","boom":"2300.00 ","hp":"180.00 ","matk":"0.00 ","atk":"37.44 ","M_Def":"45.70 ","id":1,"boomhurt":"22500.00 ","movevalue":"160.00 ","movestome":"20.00 ","speed":"110.00 "},{"def":"53.22 ","boom":"2323.23 ","hp":"241.46 ","matk":"0.00 ","atk":"47.57 ","M_Def":"58.06 ","id":2,"boomhurt":"22727.27 ","movevalue":"160.00 ","movestome":"20.00 ","speed":"110.00 "},{"def":"65.96 ","boom":"2346.46 ","hp":"307.77 ","matk":"0.00 ","atk":"58.96 ","M_Def":"71.96 ","id":3,"boomhurt":"22954.55 ","movevalue":"160.00 ","movestome":"20.00 ","speed":"110.00 "},{"def":"79.85 ","boom":"2369.70 ","hp":"378.00 ","matk":"0.00 ","atk":"71.37 ","M_Def":"87.11 ","id":4,"boomhurt":"23181.82 ","movevalue":"160.00 ","movestome":"20.00 ","speed":"110.00 "},{"def":"94.72 ","boom":"2392.93 ","hp":"451.62 ","matk":"0.00 ","atk":"84.66 ","M_Def":"103.33 ","id":5,"boomhurt":"23409.09 ","movevalue":"160.00 ","movestome":"20.00 ","speed":"110.00 "},{"def":"110.47 ","boom":"2416.16 ","hp":"528.27 ","matk":"0.00 ","atk":"98.74 ","M_Def":"120.51 ","id":6,"boomhurt":"23636.36 ","movevalue":"160.00 ","movestome":"20.00 ","speed":"110.00 "},{"def":"127.03 ","boom":"2439.39 ","hp":"607.68 ","matk":"0.00 ","atk":"113.54 ","M_Def":"138.57 ","id":7,"boomhurt":"23863.64 ","movevalue":"160.00 ","movestome":"20.00 ","speed":"110.00 "},{"def":"144.32 ","boom":"2462.63 ","hp":"689.65 ","matk":"0.00 ","atk":"129.00 ","M_Def":"157.44 ","id":8,"boomhurt":"24090.91 ","movevalue":"160.00 ","movestome":"20.00 ","speed":"110.00 "},{"def":"162.32 ","boom":"2485.86 ","hp":"774.00 ","matk":"0.00 ","atk":"145.08 ","M_Def":"177.07 ","id":9,"boomhurt":"24318.18 ","movevalue":"160.00 ","movestome":"20.00 ","speed":"110.00 "},{"def":"180.96 ","boom":"2509.09 ","hp":"860.60 ","matk":"0.00 ","atk":"161.75 ","M_Def":"197.41 ","id":10,"boomhurt":"24545.45 ","movevalue":"160.00 ","movestome":"20.00 ","speed":"110.00 "},{"def":"200.23 ","boom":"2532.32 ","hp":"949.35 ","matk":"0.00 ","atk":"178.97 ","M_Def":"218.44 ","id":11,"boomhurt":"24772.73 ","movevalue":"160.00 ","movestome":"20.00 ","speed":"110.00 "},{"def":"220.09 ","boom":"2555.56 ","hp":"1040.12 ","matk":"0.00 ","atk":"196.72 ","M_Def":"240.10 ","id":12,"boomhurt":"25000.00 ","movevalue":"160.00 ","movestome":"20.00 ","speed":"110.00 "},{"def":"240.52 ","boom":"2578.79 ","hp":"1132.85 ","matk":"0.00 ","atk":"214.98 ","M_Def":"262.39 ","id":13,"boomhurt":"25227.27 ","movevalue":"160.00 ","movestome":"20.00 ","speed":"110.00 "},{"def":"261.49 ","boom":"2602.02 ","hp":"1227.45 ","matk":"0.00 ","atk":"233.73 ","M_Def":"285.27 ","id":14,"boomhurt":"25454.55 ","movevalue":"160.00 ","movestome":"20.00 ","speed":"110.00 "},{"def":"282.99 ","boom":"2625.25 ","hp":"1323.85 ","matk":"0.00 ","atk":"252.94 ","M_Def":"308.72 ","id":15,"boomhurt":"25681.82 ","movevalue":"160.00 ","movestome":"20.00 ","speed":"110.00 "},{"def":"305.00 ","boom":"2648.48 ","hp":"1422.00 ","matk":"0.00 ","atk":"272.61 ","M_Def":"332.72 ","id":16,"boomhurt":"25909.09 ","movevalue":"160.00 ","movestome":"20.00 ","speed":"110.00 "},{"def":"327.49 ","boom":"2671.72 ","hp":"1521.84 ","matk":"0.00 ","atk":"292.72 ","M_Def":"357.27 ","id":17,"boomhurt":"26136.36 ","movevalue":"160.00 ","movestome":"20.00 ","speed":"110.00 "},{"def":"350.47 ","boom":"2694.95 ","hp":"1623.31 ","matk":"0.00 ","atk":"313.25 ","M_Def":"382.33 ","id":18,"boomhurt":"26363.64 ","movevalue":"160.00 ","movestome":"20.00 ","speed":"110.00 "},{"def":"373.90 ","boom":"2718.18 ","hp":"1726.37 ","matk":"0.00 ","atk":"334.20 ","M_Def":"407.89 ","id":19,"boomhurt":"26590.91 ","movevalue":"160.00 ","movestome":"20.00 ","speed":"110.00 "},{"def":"397.79 ","boom":"2741.41 ","hp":"1830.98 ","matk":"0.00 ","atk":"355.55 ","M_Def":"433.95 ","id":20,"boomhurt":"26818.18 ","movevalue":"160.00 ","movestome":"20.00 ","speed":"110.00 "},{"def":"422.11 ","boom":"2764.65 ","hp":"1937.11 ","matk":"0.00 ","atk":"377.29 ","M_Def":"460.48 ","id":21,"boomhurt":"27045.45 ","movevalue":"160.00 ","movestome":"20.00 ","speed":"110.00 "},{"def":"446.86 ","boom":"2787.88 ","hp":"2044.70 ","matk":"0.00 ","atk":"399.41 ","M_Def":"487.49 ","id":22,"boomhurt":"27272.73 ","movevalue":"160.00 ","movestome":"20.00 ","speed":"110.00 "},{"def":"472.04 ","boom":"2811.11 ","hp":"2153.74 ","matk":"0.00 ","atk":"421.91 ","M_Def":"514.95 ","id":23,"boomhurt":"27500.00 ","movevalue":"160.00 ","movestome":"20.00 ","speed":"110.00 "},{"def":"497.62 ","boom":"2834.34 ","hp":"2264.18 ","matk":"0.00 ","atk":"444.78 ","M_Def":"542.86 ","id":24,"boomhurt":"27727.27 ","movevalue":"160.00 ","movestome":"20.00 ","speed":"110.00 "},{"def":"523.60 ","boom":"2857.58 ","hp":"2376.00 ","matk":"0.00 ","atk":"468.00 ","M_Def":"571.20 ","id":25,"boomhurt":"27954.55 ","movevalue":"160.00 ","movestome":"20.00 ","speed":"110.00 "},{"def":"549.98 ","boom":"2880.81 ","hp":"2489.17 ","matk":"0.00 ","atk":"491.57 ","M_Def":"599.97 ","id":26,"boomhurt":"28181.82 ","movevalue":"160.00 ","movestome":"20.00 ","speed":"110.00 "},{"def":"576.74 ","boom":"2904.04 ","hp":"2603.67 ","matk":"0.00 ","atk":"515.49 ","M_Def":"629.17 ","id":27,"boomhurt":"28409.09 ","movevalue":"160.00 ","movestome":"20.00 ","speed":"110.00 "},{"def":"603.87 ","boom":"2927.27 ","hp":"2719.46 ","matk":"0.00 ","atk":"539.75 ","M_Def":"658.77 ","id":28,"boomhurt":"28636.36 ","movevalue":"160.00 ","movestome":"20.00 ","speed":"110.00 "},{"def":"631.38 ","boom":"2950.51 ","hp":"2836.53 ","matk":"0.00 ","atk":"564.34 ","M_Def":"688.78 ","id":29,"boomhurt":"28863.64 ","movevalue":"160.00 ","movestome":"20.00 ","speed":"110.00 "},{"def":"659.26 ","boom":"2973.74 ","hp":"2954.85 ","matk":"0.00 ","atk":"589.25 ","M_Def":"719.19 ","id":30,"boomhurt":"29090.91 ","movevalue":"160.00 ","movestome":"20.00 ","speed":"110.00 "},{"def":"687.49 ","boom":"2996.97 ","hp":"3074.41 ","matk":"0.00 ","atk":"614.49 ","M_Def":"749.99 ","id":31,"boomhurt":"29318.18 ","movevalue":"160.00 ","movestome":"20.00 ","speed":"110.00 "},{"def":"716.07 ","boom":"3020.20 ","hp":"3195.17 ","matk":"0.00 ","atk":"640.04 ","M_Def":"781.17 ","id":32,"boomhurt":"29545.45 ","movevalue":"160.00 ","movestome":"20.00 ","speed":"110.00 "},{"def":"745.01 ","boom":"3043.43 ","hp":"3317.14 ","matk":"0.00 ","atk":"665.90 ","M_Def":"812.73 ","id":33,"boomhurt":"29772.73 ","movevalue":"160.00 ","movestome":"20.00 ","speed":"110.00 "},{"def":"774.28 ","boom":"3066.67 ","hp":"3440.27 ","matk":"0.00 ","atk":"692.06 ","M_Def":"844.67 ","id":34,"boomhurt":"30000.00 ","movevalue":"160.00 ","movestome":"20.00 ","speed":"110.00 "},{"def":"803.89 ","boom":"3089.90 ","hp":"3564.57 ","matk":"0.00 ","atk":"718.53 ","M_Def":"876.97 ","id":35,"boomhurt":"30227.27 ","movevalue":"160.00 ","movestome":"20.00 ","speed":"110.00 "},{"def":"833.83 ","boom":"3113.13 ","hp":"3690.00 ","matk":"0.00 ","atk":"745.29 ","M_Def":"909.64 ","id":36,"boomhurt":"30454.55 ","movevalue":"160.00 ","movestome":"20.00 ","speed":"110.00 "},{"def":"864.10 ","boom":"3136.36 ","hp":"3816.56 ","matk":"0.00 ","atk":"772.35 ","M_Def":"942.66 ","id":37,"boomhurt":"30681.82 ","movevalue":"160.00 ","movestome":"20.00 ","speed":"110.00 "},{"def":"894.70 ","boom":"3159.60 ","hp":"3944.23 ","matk":"0.00 ","atk":"799.69 ","M_Def":"976.03 ","id":38,"boomhurt":"30909.09 ","movevalue":"160.00 ","movestome":"20.00 ","speed":"110.00 "},{"def":"925.61 ","boom":"3182.83 ","hp":"4072.99 ","matk":"0.00 ","atk":"827.32 ","M_Def":"1009.75 ","id":39,"boomhurt":"31136.36 ","movevalue":"160.00 ","movestome":"20.00 ","speed":"110.00 "},{"def":"956.83 ","boom":"3206.06 ","hp":"4202.84 ","matk":"0.00 ","atk":"855.23 ","M_Def":"1043.82 ","id":40,"boomhurt":"31363.64 ","movevalue":"160.00 ","movestome":"20.00 ","speed":"110.00 "},{"def":"988.37 ","boom":"3229.29 ","hp":"4333.75 ","matk":"0.00 ","atk":"883.42 ","M_Def":"1078.22 ","id":41,"boomhurt":"31590.91 ","movevalue":"160.00 ","movestome":"20.00 ","speed":"110.00 "},{"def":"1020.21 ","boom":"3252.53 ","hp":"4465.72 ","matk":"0.00 ","atk":"911.88 ","M_Def":"1112.96 ","id":42,"boomhurt":"31818.18 ","movevalue":"160.00 ","movestome":"20.00 ","speed":"110.00 "},{"def":"1052.36 ","boom":"3275.76 ","hp":"4598.73 ","matk":"0.00 ","atk":"940.61 ","M_Def":"1148.03 ","id":43,"boomhurt":"32045.45 ","movevalue":"160.00 ","movestome":"20.00 ","speed":"110.00 "},{"def":"1084.80 ","boom":"3298.99 ","hp":"4732.77 ","matk":"0.00 ","atk":"969.61 ","M_Def":"1183.42 ","id":44,"boomhurt":"32272.73 ","movevalue":"160.00 ","movestome":"20.00 ","speed":"110.00 "},{"def":"1117.54 ","boom":"3322.22 ","hp":"4867.82 ","matk":"0.00 ","atk":"998.87 ","M_Def":"1219.14 ","id":45,"boomhurt":"32500.00 ","movevalue":"160.00 ","movestome":"20.00 ","speed":"110.00 "},{"def":"1150.58 ","boom":"3345.45 ","hp":"5003.88 ","matk":"0.00 ","atk":"1028.40 ","M_Def":"1255.18 ","id":46,"boomhurt":"32727.27 ","movevalue":"160.00 ","movestome":"20.00 ","speed":"110.00 "},{"def":"1183.90 ","boom":"3368.69 ","hp":"5140.94 ","matk":"0.00 ","atk":"1058.18 ","M_Def":"1291.53 ","id":47,"boomhurt":"32954.55 ","movevalue":"160.00 ","movestome":"20.00 ","speed":"110.00 "},{"def":"1217.51 ","boom":"3391.92 ","hp":"5278.98 ","matk":"0.00 ","atk":"1088.23 ","M_Def":"1328.19 ","id":48,"boomhurt":"33181.82 ","movevalue":"160.00 ","movestome":"20.00 ","speed":"110.00 "},{"def":"1251.40 ","boom":"3415.15 ","hp":"5418.00 ","matk":"0.00 ","atk":"1118.52 ","M_Def":"1365.17 ","id":49,"boomhurt":"33409.09 ","movevalue":"160.00 ","movestome":"20.00 ","speed":"110.00 "},{"def":"1285.58 ","boom":"3438.38 ","hp":"5557.98 ","matk":"0.00 ","atk":"1149.06 ","M_Def":"1402.45 ","id":50,"boomhurt":"33636.36 ","movevalue":"160.00 ","movestome":"20.00 ","speed":"110.00 "},{"def":"1320.03 ","boom":"3461.62 ","hp":"5698.92 ","matk":"0.00 ","atk":"1179.86 ","M_Def":"1440.03 ","id":51,"boomhurt":"33863.64 ","movevalue":"160.00 ","movestome":"20.00 ","speed":"110.00 "},{"def":"1354.76 ","boom":"3484.85 ","hp":"5840.80 ","matk":"0.00 ","atk":"1210.90 ","M_Def":"1477.92 ","id":52,"boomhurt":"34090.91 ","movevalue":"160.00 ","movestome":"20.00 ","speed":"110.00 "},{"def":"1389.75 ","boom":"3508.08 ","hp":"5983.61 ","matk":"0.00 ","atk":"1242.18 ","M_Def":"1516.10 ","id":53,"boomhurt":"34318.18 ","movevalue":"160.00 ","movestome":"20.00 ","speed":"110.00 "},{"def":"1425.02 ","boom":"3531.31 ","hp":"6127.36 ","matk":"0.00 ","atk":"1273.70 ","M_Def":"1554.57 ","id":54,"boomhurt":"34545.45 ","movevalue":"160.00 ","movestome":"20.00 ","speed":"110.00 "},{"def":"1460.56 ","boom":"3554.55 ","hp":"6272.02 ","matk":"0.00 ","atk":"1305.46 ","M_Def":"1593.34 ","id":55,"boomhurt":"34772.73 ","movevalue":"160.00 ","movestome":"20.00 ","speed":"110.00 "},{"def":"1496.36 ","boom":"3577.78 ","hp":"6417.59 ","matk":"0.00 ","atk":"1337.46 ","M_Def":"1632.39 ","id":56,"boomhurt":"35000.00 ","movevalue":"160.00 ","movestome":"20.00 ","speed":"110.00 "},{"def":"1532.42 ","boom":"3601.01 ","hp":"6564.07 ","matk":"0.00 ","atk":"1369.70 ","M_Def":"1671.73 ","id":57,"boomhurt":"35227.27 ","movevalue":"160.00 ","movestome":"20.00 ","speed":"110.00 "},{"def":"1568.74 ","boom":"3624.24 ","hp":"6711.43 ","matk":"0.00 ","atk":"1402.16 ","M_Def":"1711.36 ","id":58,"boomhurt":"35454.55 ","movevalue":"160.00 ","movestome":"20.00 ","speed":"110.00 "},{"def":"1605.33 ","boom":"3647.47 ","hp":"6859.69 ","matk":"0.00 ","atk":"1434.86 ","M_Def":"1751.26 ","id":59,"boomhurt":"35681.82 ","movevalue":"160.00 ","movestome":"20.00 ","speed":"110.00 "},{"def":"1642.16 ","boom":"3670.71 ","hp":"7008.82 ","matk":"0.00 ","atk":"1467.78 ","M_Def":"1791.45 ","id":60,"boomhurt":"35909.09 ","movevalue":"160.00 ","movestome":"20.00 ","speed":"110.00 "}]