[{"def":"26.21 ","boom":"2530.00 ","hp":"252.00 ","matk":"52.99 ","atk":"0.00 ","M_Def":"56.45 ","id":1,"boomhurt":"15000.00 ","movevalue":"79.90 ","movestome":"20.00 ","speed":"90.00 "},{"def":"33.30 ","boom":"2555.56 ","hp":"338.04 ","matk":"67.33 ","atk":"0.00 ","M_Def":"71.72 ","id":2,"boomhurt":"15151.52 ","movevalue":"79.90 ","movestome":"20.00 ","speed":"90.00 "},{"def":"41.27 ","boom":"2581.11 ","hp":"430.87 ","matk":"83.45 ","atk":"0.00 ","M_Def":"88.89 ","id":3,"boomhurt":"15303.03 ","movevalue":"79.90 ","movestome":"20.00 ","speed":"90.00 "},{"def":"49.96 ","boom":"2606.67 ","hp":"529.20 ","matk":"101.02 ","atk":"0.00 ","M_Def":"107.60 ","id":4,"boomhurt":"15454.55 ","movevalue":"79.90 ","movestome":"20.00 ","speed":"90.00 "},{"def":"59.26 ","boom":"2632.22 ","hp":"632.27 ","matk":"119.83 ","atk":"0.00 ","M_Def":"127.64 ","id":5,"boomhurt":"15606.06 ","movevalue":"79.90 ","movestome":"20.00 ","speed":"90.00 "},{"def":"69.12 ","boom":"2657.78 ","hp":"739.58 ","matk":"139.76 ","atk":"0.00 ","M_Def":"148.87 ","id":6,"boomhurt":"15757.58 ","movevalue":"79.90 ","movestome":"20.00 ","speed":"90.00 "},{"def":"79.48 ","boom":"2683.33 ","hp":"850.76 ","matk":"160.70 ","atk":"0.00 ","M_Def":"171.18 ","id":7,"boomhurt":"15909.09 ","movevalue":"79.90 ","movestome":"20.00 ","speed":"90.00 "},{"def":"90.30 ","boom":"2708.89 ","hp":"965.51 ","matk":"182.58 ","atk":"0.00 ","M_Def":"194.49 ","id":8,"boomhurt":"16060.61 ","movevalue":"79.90 ","movestome":"20.00 ","speed":"90.00 "},{"def":"101.56 ","boom":"2734.44 ","hp":"1083.60 ","matk":"205.34 ","atk":"0.00 ","M_Def":"218.74 ","id":9,"boomhurt":"16212.12 ","movevalue":"79.90 ","movestome":"20.00 ","speed":"90.00 "},{"def":"113.22 ","boom":"2760.00 ","hp":"1204.85 ","matk":"228.93 ","atk":"0.00 ","M_Def":"243.87 ","id":10,"boomhurt":"16363.64 ","movevalue":"79.90 ","movestome":"20.00 ","speed":"90.00 "},{"def":"125.28 ","boom":"2785.56 ","hp":"1329.08 ","matk":"253.31 ","atk":"0.00 ","M_Def":"269.83 ","id":11,"boomhurt":"16515.15 ","movevalue":"79.90 ","movestome":"20.00 ","speed":"90.00 "},{"def":"137.71 ","boom":"2811.11 ","hp":"1456.17 ","matk":"278.44 ","atk":"0.00 ","M_Def":"296.60 ","id":12,"boomhurt":"16666.67 ","movevalue":"79.90 ","movestome":"20.00 ","speed":"90.00 "},{"def":"150.49 ","boom":"2836.67 ","hp":"1585.99 ","matk":"304.28 ","atk":"0.00 ","M_Def":"324.13 ","id":13,"boomhurt":"16818.18 ","movevalue":"79.90 ","movestome":"20.00 ","speed":"90.00 "},{"def":"163.61 ","boom":"2862.22 ","hp":"1718.43 ","matk":"330.81 ","atk":"0.00 ","M_Def":"352.39 ","id":14,"boomhurt":"16969.70 ","movevalue":"79.90 ","movestome":"20.00 ","speed":"90.00 "},{"def":"177.06 ","boom":"2887.78 ","hp":"1853.39 ","matk":"358.01 ","atk":"0.00 ","M_Def":"381.36 ","id":15,"boomhurt":"17121.21 ","movevalue":"79.90 ","movestome":"20.00 ","speed":"90.00 "},{"def":"190.83 ","boom":"2913.33 ","hp":"1990.80 ","matk":"385.85 ","atk":"0.00 ","M_Def":"411.01 ","id":16,"boomhurt":"17272.73 ","movevalue":"79.90 ","movestome":"20.00 ","speed":"90.00 "},{"def":"204.90 ","boom":"2938.89 ","hp":"2130.57 ","matk":"414.31 ","atk":"0.00 ","M_Def":"441.33 ","id":17,"boomhurt":"17424.24 ","movevalue":"79.90 ","movestome":"20.00 ","speed":"90.00 "},{"def":"219.28 ","boom":"2964.44 ","hp":"2272.63 ","matk":"443.37 ","atk":"0.00 ","M_Def":"472.28 ","id":18,"boomhurt":"17575.76 ","movevalue":"79.90 ","movestome":"20.00 ","speed":"90.00 "},{"def":"233.94 ","boom":"2990.00 ","hp":"2416.92 ","matk":"473.02 ","atk":"0.00 ","M_Def":"503.87 ","id":19,"boomhurt":"17727.27 ","movevalue":"79.90 ","movestome":"20.00 ","speed":"90.00 "},{"def":"248.88 ","boom":"3015.56 ","hp":"2563.38 ","matk":"503.23 ","atk":"0.00 ","M_Def":"536.05 ","id":20,"boomhurt":"17878.79 ","movevalue":"79.90 ","movestome":"20.00 ","speed":"90.00 "},{"def":"264.10 ","boom":"3041.11 ","hp":"2711.95 ","matk":"534.01 ","atk":"0.00 ","M_Def":"568.83 ","id":21,"boomhurt":"18030.30 ","movevalue":"79.90 ","movestome":"20.00 ","speed":"90.00 "},{"def":"279.59 ","boom":"3066.67 ","hp":"2862.58 ","matk":"565.32 ","atk":"0.00 ","M_Def":"602.19 ","id":22,"boomhurt":"18181.82 ","movevalue":"79.90 ","movestome":"20.00 ","speed":"90.00 "},{"def":"295.34 ","boom":"3092.22 ","hp":"3015.23 ","matk":"597.17 ","atk":"0.00 ","M_Def":"636.11 ","id":23,"boomhurt":"18333.33 ","movevalue":"79.90 ","movestome":"20.00 ","speed":"90.00 "},{"def":"311.34 ","boom":"3117.78 ","hp":"3169.85 ","matk":"629.53 ","atk":"0.00 ","M_Def":"670.59 ","id":24,"boomhurt":"18484.85 ","movevalue":"79.90 ","movestome":"20.00 ","speed":"90.00 "},{"def":"327.60 ","boom":"3143.33 ","hp":"3326.40 ","matk":"662.40 ","atk":"0.00 ","M_Def":"705.60 ","id":25,"boomhurt":"18636.36 ","movevalue":"79.90 ","movestome":"20.00 ","speed":"90.00 "},{"def":"344.10 ","boom":"3168.89 ","hp":"3484.84 ","matk":"695.77 ","atk":"0.00 ","M_Def":"741.14 ","id":26,"boomhurt":"18787.88 ","movevalue":"79.90 ","movestome":"20.00 ","speed":"90.00 "},{"def":"360.85 ","boom":"3194.44 ","hp":"3645.13 ","matk":"729.62 ","atk":"0.00 ","M_Def":"777.20 ","id":27,"boomhurt":"18939.39 ","movevalue":"79.90 ","movestome":"20.00 ","speed":"90.00 "},{"def":"377.82 ","boom":"3220.00 ","hp":"3807.24 ","matk":"763.95 ","atk":"0.00 ","M_Def":"813.78 ","id":28,"boomhurt":"19090.91 ","movevalue":"79.90 ","movestome":"20.00 ","speed":"90.00 "},{"def":"395.04 ","boom":"3245.56 ","hp":"3971.14 ","matk":"798.75 ","atk":"0.00 ","M_Def":"850.85 ","id":29,"boomhurt":"19242.42 ","movevalue":"79.90 ","movestome":"20.00 ","speed":"90.00 "},{"def":"412.48 ","boom":"3271.11 ","hp":"4136.79 ","matk":"834.02 ","atk":"0.00 ","M_Def":"888.41 ","id":30,"boomhurt":"19393.94 ","movevalue":"79.90 ","movestome":"20.00 ","speed":"90.00 "},{"def":"430.14 ","boom":"3296.67 ","hp":"4304.17 ","matk":"869.73 ","atk":"0.00 ","M_Def":"926.46 ","id":31,"boomhurt":"19545.45 ","movevalue":"79.90 ","movestome":"20.00 ","speed":"90.00 "},{"def":"448.02 ","boom":"3322.22 ","hp":"4473.24 ","matk":"905.90 ","atk":"0.00 ","M_Def":"964.98 ","id":32,"boomhurt":"19696.97 ","movevalue":"79.90 ","movestome":"20.00 ","speed":"90.00 "},{"def":"466.13 ","boom":"3347.78 ","hp":"4643.99 ","matk":"942.50 ","atk":"0.00 ","M_Def":"1003.96 ","id":33,"boomhurt":"19848.48 ","movevalue":"79.90 ","movestome":"20.00 ","speed":"90.00 "},{"def":"484.44 ","boom":"3373.33 ","hp":"4816.38 ","matk":"979.53 ","atk":"0.00 ","M_Def":"1043.41 ","id":34,"boomhurt":"20000.00 ","movevalue":"79.90 ","movestome":"20.00 ","speed":"90.00 "},{"def":"502.97 ","boom":"3398.89 ","hp":"4990.39 ","matk":"1016.99 ","atk":"0.00 ","M_Def":"1083.32 ","id":35,"boomhurt":"20151.52 ","movevalue":"79.90 ","movestome":"20.00 ","speed":"90.00 "},{"def":"521.70 ","boom":"3424.44 ","hp":"5166.00 ","matk":"1054.87 ","atk":"0.00 ","M_Def":"1123.67 ","id":36,"boomhurt":"20303.03 ","movevalue":"79.90 ","movestome":"20.00 ","speed":"90.00 "},{"def":"540.64 ","boom":"3450.00 ","hp":"5343.18 ","matk":"1093.17 ","atk":"0.00 ","M_Def":"1164.46 ","id":37,"boomhurt":"20454.55 ","movevalue":"79.90 ","movestome":"20.00 ","speed":"90.00 "},{"def":"559.78 ","boom":"3475.56 ","hp":"5521.92 ","matk":"1131.87 ","atk":"0.00 ","M_Def":"1205.69 ","id":38,"boomhurt":"20606.06 ","movevalue":"79.90 ","movestome":"20.00 ","speed":"90.00 "},{"def":"579.12 ","boom":"3501.11 ","hp":"5702.19 ","matk":"1170.97 ","atk":"0.00 ","M_Def":"1247.34 ","id":39,"boomhurt":"20757.58 ","movevalue":"79.90 ","movestome":"20.00 ","speed":"90.00 "},{"def":"598.66 ","boom":"3526.67 ","hp":"5883.98 ","matk":"1210.48 ","atk":"0.00 ","M_Def":"1289.42 ","id":40,"boomhurt":"20909.09 ","movevalue":"79.90 ","movestome":"20.00 ","speed":"90.00 "},{"def":"618.39 ","boom":"3552.22 ","hp":"6067.25 ","matk":"1250.37 ","atk":"0.00 ","M_Def":"1331.92 ","id":41,"boomhurt":"21060.61 ","movevalue":"79.90 ","movestome":"20.00 ","speed":"90.00 "},{"def":"638.31 ","boom":"3577.78 ","hp":"6252.01 ","matk":"1290.66 ","atk":"0.00 ","M_Def":"1374.83 ","id":42,"boomhurt":"21212.12 ","movevalue":"79.90 ","movestome":"20.00 ","speed":"90.00 "},{"def":"658.43 ","boom":"3603.33 ","hp":"6438.22 ","matk":"1331.32 ","atk":"0.00 ","M_Def":"1418.15 ","id":43,"boomhurt":"21363.64 ","movevalue":"79.90 ","movestome":"20.00 ","speed":"90.00 "},{"def":"678.73 ","boom":"3628.89 ","hp":"6625.87 ","matk":"1372.37 ","atk":"0.00 ","M_Def":"1461.87 ","id":44,"boomhurt":"21515.15 ","movevalue":"79.90 ","movestome":"20.00 ","speed":"90.00 "},{"def":"699.21 ","boom":"3654.44 ","hp":"6814.95 ","matk":"1413.79 ","atk":"0.00 ","M_Def":"1505.99 ","id":45,"boomhurt":"21666.67 ","movevalue":"79.90 ","movestome":"20.00 ","speed":"90.00 "},{"def":"719.88 ","boom":"3680.00 ","hp":"7005.44 ","matk":"1455.58 ","atk":"0.00 ","M_Def":"1550.51 ","id":46,"boomhurt":"21818.18 ","movevalue":"79.90 ","movestome":"20.00 ","speed":"90.00 "},{"def":"740.73 ","boom":"3705.56 ","hp":"7197.32 ","matk":"1497.74 ","atk":"0.00 ","M_Def":"1595.42 ","id":47,"boomhurt":"21969.70 ","movevalue":"79.90 ","movestome":"20.00 ","speed":"90.00 "},{"def":"761.76 ","boom":"3731.11 ","hp":"7390.58 ","matk":"1540.26 ","atk":"0.00 ","M_Def":"1640.71 ","id":48,"boomhurt":"22121.21 ","movevalue":"79.90 ","movestome":"20.00 ","speed":"90.00 "},{"def":"782.96 ","boom":"3756.67 ","hp":"7585.20 ","matk":"1583.14 ","atk":"0.00 ","M_Def":"1686.38 ","id":49,"boomhurt":"22272.73 ","movevalue":"79.90 ","movestome":"20.00 ","speed":"90.00 "},{"def":"804.35 ","boom":"3782.22 ","hp":"7781.17 ","matk":"1626.37 ","atk":"0.00 ","M_Def":"1732.44 ","id":50,"boomhurt":"22424.24 ","movevalue":"79.90 ","movestome":"20.00 ","speed":"90.00 "},{"def":"825.90 ","boom":"3807.78 ","hp":"7978.48 ","matk":"1669.95 ","atk":"0.00 ","M_Def":"1778.86 ","id":51,"boomhurt":"22575.76 ","movevalue":"79.90 ","movestome":"20.00 ","speed":"90.00 "},{"def":"847.63 ","boom":"3833.33 ","hp":"8177.11 ","matk":"1713.88 ","atk":"0.00 ","M_Def":"1825.66 ","id":52,"boomhurt":"22727.27 ","movevalue":"79.90 ","movestome":"20.00 ","speed":"90.00 "},{"def":"869.53 ","boom":"3858.89 ","hp":"8377.06 ","matk":"1758.16 ","atk":"0.00 ","M_Def":"1872.82 ","id":53,"boomhurt":"22878.79 ","movevalue":"79.90 ","movestome":"20.00 ","speed":"90.00 "},{"def":"891.59 ","boom":"3884.44 ","hp":"8578.30 ","matk":"1802.78 ","atk":"0.00 ","M_Def":"1920.35 ","id":54,"boomhurt":"23030.30 ","movevalue":"79.90 ","movestome":"20.00 ","speed":"90.00 "},{"def":"913.83 ","boom":"3910.00 ","hp":"8780.83 ","matk":"1847.73 ","atk":"0.00 ","M_Def":"1968.24 ","id":55,"boomhurt":"23181.82 ","movevalue":"79.90 ","movestome":"20.00 ","speed":"90.00 "},{"def":"936.22 ","boom":"3935.56 ","hp":"8984.63 ","matk":"1893.03 ","atk":"0.00 ","M_Def":"2016.48 ","id":56,"boomhurt":"23333.33 ","movevalue":"79.90 ","movestome":"20.00 ","speed":"90.00 "},{"def":"958.79 ","boom":"3961.11 ","hp":"9189.69 ","matk":"1938.65 ","atk":"0.00 ","M_Def":"2065.08 ","id":57,"boomhurt":"23484.85 ","movevalue":"79.90 ","movestome":"20.00 ","speed":"90.00 "},{"def":"981.51 ","boom":"3986.67 ","hp":"9396.01 ","matk":"1984.60 ","atk":"0.00 ","M_Def":"2114.03 ","id":58,"boomhurt":"23636.36 ","movevalue":"79.90 ","movestome":"20.00 ","speed":"90.00 "},{"def":"1004.40 ","boom":"4012.22 ","hp":"9603.56 ","matk":"2030.88 ","atk":"0.00 ","M_Def":"2163.33 ","id":59,"boomhurt":"23787.88 ","movevalue":"79.90 ","movestome":"20.00 ","speed":"90.00 "},{"def":"1027.45 ","boom":"4037.78 ","hp":"9812.35 ","matk":"2077.48 ","atk":"0.00 ","M_Def":"2212.97 ","id":60,"boomhurt":"23939.39 ","movevalue":"79.90 ","movestome":"20.00 ","speed":"90.00 "}]